qtask_id,source_task_id,risk_probability,num_qubits,num_layers,num_shots,preferred_qnode_id,gate_set,application_name
0,0,0.7134756501857209,4,77,512,0,CX|RZ|SX|X,AQUA-SLA
1,1,0.213293221662524,4,37,512,1,CX|RZ|SX|X,AQUA-SLA
2,0,0.1621907128082876,4,33,512,0,CX|RZ|SX|X,AQUA-SLA
3,1,0.0069596747655429,4,21,512,1,CX|RZ|SX|X,AQUA-SLA
4,0,0.545916405562973,4,64,512,1,CX|RZ|SX|X,AQUA-SLA
5,1,0.0094055183031276,4,21,512,0,CX|RZ|SX|X,AQUA-SLA
6,0,0.5145826239116994,4,61,512,1,CX|RZ|SX|X,AQUA-SLA
7,1,0.9801090735317626,6,98,1024,0,CX|RZ|SX|X,AQUA-SLA
8,0,0.8802234040375654,6,90,1024,0,CX|RZ|SX|X,AQUA-SLA
9,1,0.9831884867138704,6,99,1024,1,CX|RZ|SX|X,AQUA-SLA
10,0,0.5518456020490996,4,64,512,1,CX|RZ|SX|X,AQUA-SLA
11,1,0.7239183791706559,4,78,512,0,CX|RZ|SX|X,AQUA-SLA
12,0,0.0064994053056216,4,21,512,0,CX|RZ|SX|X,AQUA-SLA
13,1,0.9831884867138704,6,99,1024,1,CX|RZ|SX|X,AQUA-SLA
14,0,0.0128627750300581,4,21,512,1,CX|RZ|SX|X,AQUA-SLA
15,1,0.0912763184475086,4,27,512,0,CX|RZ|SX|X,AQUA-SLA
16,0,0.5777205980580121,4,66,512,0,CX|RZ|SX|X,AQUA-SLA
17,1,0.0149200167184297,4,21,512,1,CX|RZ|SX|X,AQUA-SLA
18,0,0.8585991043245902,6,89,1024,1,CX|RZ|SX|X,AQUA-SLA
19,1,0.4207616725108721,4,54,512,0,CX|RZ|SX|X,AQUA-SLA
20,0,0.0718063233746786,4,26,512,0,CX|RZ|SX|X,AQUA-SLA
21,1,0.9831884867138704,6,99,1024,1,CX|RZ|SX|X,AQUA-SLA
22,0,0.642526689031297,4,71,512,1,CX|RZ|SX|X,AQUA-SLA
23,1,0.9801090735317626,6,98,1024,0,CX|RZ|SX|X,AQUA-SLA
24,0,0.0064994053056216,4,21,512,1,CX|RZ|SX|X,AQUA-SLA
25,1,0.1826109678696216,4,35,512,0,CX|RZ|SX|X,AQUA-SLA
26,0,0.5145826239116994,4,61,512,1,CX|RZ|SX|X,AQUA-SLA
27,1,0.9640164044849268,6,97,1024,0,CX|RZ|SX|X,AQUA-SLA
28,0,0.3932186838280602,4,51,512,0,CX|RZ|SX|X,AQUA-SLA
29,1,0.0128627750300581,4,21,512,1,CX|RZ|SX|X,AQUA-SLA
30,0,0.9697371409461436,6,98,1024,1,CX|RZ|SX|X,AQUA-SLA
31,1,0.8340763210898823,6,87,1024,0,CX|RZ|SX|X,AQUA-SLA
32,0,0.8166007377266908,6,85,1024,0,CX|RZ|SX|X,AQUA-SLA
33,1,0.6467932176917299,4,72,512,1,CX|RZ|SX|X,AQUA-SLA
34,0,0.5518456020490996,4,64,512,0,CX|RZ|SX|X,AQUA-SLA
35,1,0.422483769896447,4,54,512,1,CX|RZ|SX|X,AQUA-SLA
36,0,0.4207616725108721,4,54,512,1,CX|RZ|SX|X,AQUA-SLA
37,1,0.9875018244163172,6,99,1024,0,CX|RZ|SX|X,AQUA-SLA
38,0,0.1527647190831948,4,32,512,0,CX|RZ|SX|X,AQUA-SLA
39,1,0.5284264224423053,4,62,512,1,CX|RZ|SX|X,AQUA-SLA
40,0,0.5145826239116994,4,61,512,0,CX|RZ|SX|X,AQUA-SLA
41,1,0.0045240645749558,4,20,512,1,CX|RZ|SX|X,AQUA-SLA
42,0,0.0114159924587092,4,21,512,0,CX|RZ|SX|X,AQUA-SLA
43,1,0.5518456020490996,4,64,512,1,CX|RZ|SX|X,AQUA-SLA
44,0,0.9831884867138704,6,99,1024,1,CX|RZ|SX|X,AQUA-SLA
45,1,0.5145826239116994,4,61,512,0,CX|RZ|SX|X,AQUA-SLA
46,0,0.1527647190831948,4,32,512,1,CX|RZ|SX|X,AQUA-SLA
47,1,0.9382161046153548,6,95,1024,0,CX|RZ|SX|X,AQUA-SLA
48,0,0.0434947782937481,4,23,512,1,CX|RZ|SX|X,AQUA-SLA
49,1,0.5145826239116994,4,61,512,0,CX|RZ|SX|X,AQUA-SLA
50,0,0.5145826239116994,4,61,512,1,CX|RZ|SX|X,AQUA-SLA
51,1,0.9246416838102348,6,94,1024,0,CX|RZ|SX|X,AQUA-SLA
52,0,0.1527647190831948,4,32,512,1,CX|RZ|SX|X,AQUA-SLA
53,1,0.4748653184676227,4,58,512,0,CX|RZ|SX|X,AQUA-SLA
54,0,0.3600868649974169,4,49,512,1,CX|RZ|SX|X,AQUA-SLA
55,1,0.9858157272350216,6,99,1024,0,CX|RZ|SX|X,AQUA-SLA
56,0,0.5145826239116994,4,61,512,0,CX|RZ|SX|X,AQUA-SLA
57,1,0.5145826239116994,4,61,512,1,CX|RZ|SX|X,AQUA-SLA
58,0,0.6368537101999319,4,71,512,0,CX|RZ|SX|X,AQUA-SLA
59,1,0.8826254626550851,6,91,1024,1,CX|RZ|SX|X,AQUA-SLA
60,0,0.0741653897646194,4,26,512,1,CX|RZ|SX|X,AQUA-SLA
61,1,0.7242824197273785,4,78,512,0,CX|RZ|SX|X,AQUA-SLA
62,0,0.5518456020490996,4,64,512,0,CX|RZ|SX|X,AQUA-SLA
63,1,0.5518456020490996,4,64,512,1,CX|RZ|SX|X,AQUA-SLA
64,0,0.5145826239116994,4,61,512,1,CX|RZ|SX|X,AQUA-SLA
65,1,0.991029336684148,6,99,1024,0,CX|RZ|SX|X,AQUA-SLA
66,0,0.0085569970225995,4,21,512,0,CX|RZ|SX|X,AQUA-SLA
67,1,0.0355658217395272,4,23,512,1,CX|RZ|SX|X,AQUA-SLA
68,0,0.5145826239116994,4,61,512,0,CX|RZ|SX|X,AQUA-SLA
69,1,0.962122834360417,6,97,1024,1,CX|RZ|SX|X,AQUA-SLA
70,0,0.7986896152425272,6,84,1024,0,CX|RZ|SX|X,AQUA-SLA
71,1,0.1507725886986092,4,32,512,1,CX|RZ|SX|X,AQUA-SLA
72,0,0.9790639075612642,6,98,1024,0,CX|RZ|SX|X,AQUA-SLA
73,1,0.5145826239116994,4,61,512,1,CX|RZ|SX|X,AQUA-SLA
74,0,0.1826109678696216,4,35,512,0,CX|RZ|SX|X,AQUA-SLA
75,1,0.1826109678696216,4,35,512,1,CX|RZ|SX|X,AQUA-SLA
76,0,0.0149200167184297,4,21,512,0,CX|RZ|SX|X,AQUA-SLA
77,1,0.422483769896447,4,54,512,1,CX|RZ|SX|X,AQUA-SLA
78,0,0.1214874532706159,4,30,512,1,CX|RZ|SX|X,AQUA-SLA
79,1,0.991029336684148,6,99,1024,0,CX|RZ|SX|X,AQUA-SLA
80,0,0.9653891832573752,6,97,1024,0,CX|RZ|SX|X,AQUA-SLA
81,1,0.4656549648229943,4,57,512,1,CX|RZ|SX|X,AQUA-SLA
82,0,0.3177485164747522,4,45,512,1,CX|RZ|SX|X,AQUA-SLA
83,1,0.9334081987817672,6,95,1024,0,CX|RZ|SX|X,AQUA-SLA
84,0,0.3623688700864849,4,49,512,0,CX|RZ|SX|X,AQUA-SLA
85,1,0.6368537101999319,4,71,512,1,CX|RZ|SX|X,AQUA-SLA
86,0,0.1621907128082876,4,33,512,1,CX|RZ|SX|X,AQUA-SLA
87,1,0.851088147911796,6,88,1024,0,CX|RZ|SX|X,AQUA-SLA
88,0,0.8536946969616356,6,88,1024,1,CX|RZ|SX|X,AQUA-SLA
89,1,0.6880292639729265,4,75,512,0,CX|RZ|SX|X,AQUA-SLA
90,0,0.942546559214428,6,95,1024,0,CX|RZ|SX|X,AQUA-SLA
91,1,0.5145826239116994,4,61,512,1,CX|RZ|SX|X,AQUA-SLA
92,0,0.5145826239116994,4,61,512,1,CX|RZ|SX|X,AQUA-SLA
93,1,0.5518456020490996,4,64,512,0,CX|RZ|SX|X,AQUA-SLA
94,0,0.0149200167184297,4,21,512,1,CX|RZ|SX|X,AQUA-SLA
95,1,0.9653891832573752,6,97,1024,0,CX|RZ|SX|X,AQUA-SLA
96,0,0.1528427593267803,4,32,512,0,CX|RZ|SX|X,AQUA-SLA
97,1,0.1527647190831948,4,32,512,1,CX|RZ|SX|X,AQUA-SLA
98,0,0.6614532452768676,4,73,512,1,CX|RZ|SX|X,AQUA-SLA
99,1,0.0320202509655583,4,23,512,0,CX|RZ|SX|X,AQUA-SLA
