qtask_id,source_task_id,risk_probability,num_qubits_x,num_layers_x,num_shots_x,preferred_qnode_id,gate_set,application_name,status,status_text,resource_id,qnode_id,num_qubits_y,num_layers_y,num_shots_y,waiting_time,actual_qpu_time,start_time,finish_time,cost
0,0,0.7134756501857209,4,77,512,0,CX|RZ|SX|X,AQUA-SLA,4,Success,2,0,4,77,512,0.0,15.17,0.01,15.18,45.51
1,1,0.213293221662524,4,37,512,1,CX|RZ|SX|X,AQUA-SLA,4,Success,2,1,4,37,512,0.0,5.58,0.01,5.59,16.740000000000002
2,0,0.1621907128082876,4,33,512,0,CX|RZ|SX|X,AQUA-SLA,4,Success,2,0,4,33,512,15.17,6.5,15.18,21.68,19.5
3,1,0.0069596747655429,4,21,512,1,CX|RZ|SX|X,AQUA-SLA,4,Success,2,1,4,21,512,5.58,3.17,5.59,8.76,9.51
4,0,0.545916405562973,4,64,512,1,CX|RZ|SX|X,AQUA-SLA,4,Success,2,1,4,64,512,8.75,9.64,8.76,18.4,28.919999999999995
5,1,0.0094055183031276,4,21,512,0,CX|RZ|SX|X,AQUA-SLA,4,Success,2,0,4,21,512,21.67,4.140000000000001,21.68,25.82,12.420000000000002
6,0,0.5145826239116994,4,61,512,1,CX|RZ|SX|X,AQUA-SLA,4,Success,2,1,4,61,512,18.39,9.19,18.4,27.59,27.570000000000004
7,1,0.9801090735317626,6,98,1024,0,CX|RZ|SX|X,AQUA-SLA,4,Success,2,0,6,98,1024,25.81,38.6,25.82,64.42,115.8
8,0,0.8802234040375654,6,90,1024,0,CX|RZ|SX|X,AQUA-SLA,4,Success,2,0,6,90,1024,64.41,35.45,64.42,99.87,106.35
9,1,0.9831884867138704,6,99,1024,1,CX|RZ|SX|X,AQUA-SLA,4,Success,2,1,6,99,1024,27.58,29.82,27.59,57.41,89.46
10,0,0.5518456020490996,4,64,512,1,CX|RZ|SX|X,AQUA-SLA,4,Success,2,1,4,64,512,57.4,9.64,57.41,67.05,28.92
11,1,0.7239183791706559,4,78,512,0,CX|RZ|SX|X,AQUA-SLA,4,Success,2,0,4,78,512,99.86,15.370000000000005,99.87,115.24,46.110000000000014
12,0,0.0064994053056216,4,21,512,0,CX|RZ|SX|X,AQUA-SLA,4,Success,2,0,4,21,512,115.23,4.139999999999986,115.24,119.38,12.41999999999996
13,1,0.9831884867138704,6,99,1024,1,CX|RZ|SX|X,AQUA-SLA,4,Success,2,1,6,99,1024,67.03999999999999,29.820000000000007,67.05,96.87,89.46000000000002
14,0,0.0128627750300581,4,21,512,1,CX|RZ|SX|X,AQUA-SLA,4,Success,2,1,4,21,512,96.86,3.1700000000000017,96.87,100.04,9.510000000000003
15,1,0.0912763184475086,4,27,512,0,CX|RZ|SX|X,AQUA-SLA,4,Success,2,0,4,27,512,119.37,5.320000000000007,119.38,124.7,15.960000000000022
16,0,0.5777205980580121,4,66,512,0,CX|RZ|SX|X,AQUA-SLA,4,Success,2,0,4,66,512,124.69,12.999999999999986,124.7,137.7,38.99999999999996
17,1,0.0149200167184297,4,21,512,1,CX|RZ|SX|X,AQUA-SLA,4,Success,2,1,4,21,512,100.03,3.1700000000000017,100.04,103.21,9.510000000000003
18,0,0.8585991043245902,6,89,1024,1,CX|RZ|SX|X,AQUA-SLA,4,Success,2,1,6,89,1024,103.2,26.81,103.21,130.02,80.43
19,1,0.4207616725108721,4,54,512,0,CX|RZ|SX|X,AQUA-SLA,4,Success,2,0,4,54,512,137.69,10.640000000000017,137.7,148.34,31.920000000000044
20,0,0.0718063233746786,4,26,512,0,CX|RZ|SX|X,AQUA-SLA,4,Success,2,0,4,26,512,148.33,5.1200000000000045,148.34,153.46,15.360000000000014
21,1,0.9831884867138704,6,99,1024,1,CX|RZ|SX|X,AQUA-SLA,4,Success,2,1,6,99,1024,130.01000000000002,29.819999999999997,130.02,159.84,89.45999999999998
22,0,0.642526689031297,4,71,512,1,CX|RZ|SX|X,AQUA-SLA,4,Success,2,1,4,71,512,159.83,10.699999999999989,159.84,170.54,32.099999999999966
23,1,0.9801090735317626,6,98,1024,0,CX|RZ|SX|X,AQUA-SLA,4,Success,2,0,6,98,1024,153.45000000000002,38.6,153.46,192.06,115.79999999999998
24,0,0.0064994053056216,4,21,512,1,CX|RZ|SX|X,AQUA-SLA,4,Success,2,1,4,21,512,170.53,3.1699999999999875,170.54,173.70999999999998,9.509999999999962
25,1,0.1826109678696216,4,35,512,0,CX|RZ|SX|X,AQUA-SLA,4,Success,2,0,4,35,512,192.05,6.899999999999977,192.06,198.96,20.69999999999993
26,0,0.5145826239116994,4,61,512,1,CX|RZ|SX|X,AQUA-SLA,4,Success,2,1,4,61,512,173.7,9.190000000000026,173.70999999999998,182.9,27.57000000000008
27,1,0.9640164044849268,6,97,1024,0,CX|RZ|SX|X,AQUA-SLA,4,Success,2,0,6,97,1024,198.95,38.21000000000001,198.96,237.17,114.63000000000002
28,0,0.3932186838280602,4,51,512,0,CX|RZ|SX|X,AQUA-SLA,4,Success,2,0,4,51,512,237.16,10.050000000000011,237.17,247.22,30.150000000000038
29,1,0.0128627750300581,4,21,512,1,CX|RZ|SX|X,AQUA-SLA,4,Success,2,1,4,21,512,182.89,3.1699999999999875,182.9,186.07,9.509999999999962
30,0,0.9697371409461436,6,98,1024,1,CX|RZ|SX|X,AQUA-SLA,4,Success,2,1,6,98,1024,186.06,29.52000000000001,186.07,215.59,88.56000000000003
31,1,0.8340763210898823,6,87,1024,0,CX|RZ|SX|X,AQUA-SLA,4,Success,2,0,6,87,1024,247.21,34.27000000000001,247.22,281.49,102.81000000000004
32,0,0.8166007377266908,6,85,1024,0,CX|RZ|SX|X,AQUA-SLA,4,Success,2,0,6,85,1024,281.48,33.48000000000002,281.49,314.97,100.44000000000004
33,1,0.6467932176917299,4,72,512,1,CX|RZ|SX|X,AQUA-SLA,4,Success,2,1,4,72,512,215.58,10.849999999999994,215.59,226.44,32.54999999999998
34,0,0.5518456020490996,4,64,512,0,CX|RZ|SX|X,AQUA-SLA,4,Success,2,0,4,64,512,314.96000000000004,12.609999999999957,314.97,327.58,37.82999999999987
35,1,0.422483769896447,4,54,512,1,CX|RZ|SX|X,AQUA-SLA,4,Success,2,1,4,54,512,226.43,8.139999999999986,226.44,234.58,24.41999999999996
36,0,0.4207616725108721,4,54,512,1,CX|RZ|SX|X,AQUA-SLA,4,Success,2,1,4,54,512,234.57,8.140000000000015,234.58,242.72,24.420000000000044
37,1,0.9875018244163172,6,99,1024,0,CX|RZ|SX|X,AQUA-SLA,4,Success,2,0,6,99,1024,327.57,39.0,327.58,366.58,117.0
38,0,0.1527647190831948,4,32,512,0,CX|RZ|SX|X,AQUA-SLA,4,Success,2,0,4,32,512,366.57,6.310000000000002,366.58,372.89,18.930000000000007
39,1,0.5284264224423053,4,62,512,1,CX|RZ|SX|X,AQUA-SLA,4,Success,2,1,4,62,512,242.71,9.340000000000003,242.72,252.06,28.02000000000001
40,0,0.5145826239116994,4,61,512,0,CX|RZ|SX|X,AQUA-SLA,4,Success,2,0,4,61,512,372.88,12.019999999999982,372.89,384.91,36.059999999999945
41,1,0.0045240645749558,4,20,512,1,CX|RZ|SX|X,AQUA-SLA,4,Success,2,1,4,20,512,252.05,3.019999999999982,252.06,255.08,9.059999999999944
42,0,0.0114159924587092,4,21,512,0,CX|RZ|SX|X,AQUA-SLA,4,Success,2,0,4,21,512,384.9,4.140000000000043,384.91,389.05,12.42000000000013
43,1,0.5518456020490996,4,64,512,1,CX|RZ|SX|X,AQUA-SLA,4,Success,2,1,4,64,512,255.07,9.640000000000043,255.08,264.72,28.92000000000013
44,0,0.9831884867138704,6,99,1024,1,CX|RZ|SX|X,AQUA-SLA,4,Success,2,1,6,99,1024,264.71000000000004,29.819999999999997,264.72,294.54,89.45999999999998
45,1,0.5145826239116994,4,61,512,0,CX|RZ|SX|X,AQUA-SLA,4,Success,2,0,4,61,512,389.04,12.019999999999982,389.05,401.07,36.059999999999945
46,0,0.1527647190831948,4,32,512,1,CX|RZ|SX|X,AQUA-SLA,4,Success,2,1,4,32,512,294.53000000000003,4.819999999999993,294.54,299.36,14.45999999999998
47,1,0.9382161046153548,6,95,1024,0,CX|RZ|SX|X,AQUA-SLA,4,Success,2,0,6,95,1024,401.06,37.420000000000016,401.07,438.49,112.26000000000003
48,0,0.0434947782937481,4,23,512,1,CX|RZ|SX|X,AQUA-SLA,4,Success,2,1,4,23,512,299.35,3.4699999999999704,299.36,302.83,10.409999999999911
49,1,0.5145826239116994,4,61,512,0,CX|RZ|SX|X,AQUA-SLA,4,Success,2,0,4,61,512,438.48,12.019999999999982,438.49,450.51,36.059999999999945
50,0,0.5145826239116994,4,61,512,1,CX|RZ|SX|X,AQUA-SLA,4,Success,2,1,4,61,512,302.82,9.189999999999998,302.83,312.02,27.569999999999997
51,1,0.9246416838102348,6,94,1024,0,CX|RZ|SX|X,AQUA-SLA,4,Success,2,0,6,94,1024,450.5,37.02999999999997,450.51,487.54,111.08999999999992
52,0,0.1527647190831948,4,32,512,1,CX|RZ|SX|X,AQUA-SLA,4,Success,2,1,4,32,512,312.01,4.819999999999993,312.02,316.84,14.45999999999998
53,1,0.4748653184676227,4,58,512,0,CX|RZ|SX|X,AQUA-SLA,4,Success,2,0,4,58,512,487.53,11.430000000000009,487.54,498.97,34.29000000000002
54,0,0.3600868649974169,4,49,512,1,CX|RZ|SX|X,AQUA-SLA,4,Success,2,1,4,49,512,316.83,7.380000000000052,316.84,324.22,22.14000000000016
55,1,0.9858157272350216,6,99,1024,0,CX|RZ|SX|X,AQUA-SLA,4,Success,2,0,6,99,1024,498.96,39.00000000000006,498.97,537.97,117.00000000000016
56,0,0.5145826239116994,4,61,512,0,CX|RZ|SX|X,AQUA-SLA,4,Success,2,0,4,61,512,537.96,12.019999999999982,537.97,549.99,36.059999999999945
57,1,0.5145826239116994,4,61,512,1,CX|RZ|SX|X,AQUA-SLA,4,Success,2,1,4,61,512,324.21000000000004,9.189999999999998,324.22,333.41,27.569999999999997
58,0,0.6368537101999319,4,71,512,0,CX|RZ|SX|X,AQUA-SLA,4,Success,2,0,4,71,512,549.98,13.990000000000007,549.99,563.98,41.97000000000003
59,1,0.8826254626550851,6,91,1024,1,CX|RZ|SX|X,AQUA-SLA,4,Success,2,1,6,91,1024,333.40000000000003,27.409999999999968,333.41,360.82,82.2299999999999
60,0,0.0741653897646194,4,26,512,1,CX|RZ|SX|X,AQUA-SLA,4,Success,2,1,4,26,512,360.81,3.920000000000016,360.82,364.74,11.760000000000048
61,1,0.7242824197273785,4,78,512,0,CX|RZ|SX|X,AQUA-SLA,4,Success,2,0,4,78,512,563.97,15.360000000000014,563.98,579.34,46.08000000000004
62,0,0.5518456020490996,4,64,512,0,CX|RZ|SX|X,AQUA-SLA,4,Success,2,0,4,64,512,579.33,12.610000000000014,579.34,591.95,37.83000000000004
63,1,0.5518456020490996,4,64,512,1,CX|RZ|SX|X,AQUA-SLA,4,Success,2,1,4,64,512,364.73,9.639999999999986,364.74,374.38,28.91999999999996
64,0,0.5145826239116994,4,61,512,1,CX|RZ|SX|X,AQUA-SLA,4,Success,2,1,4,61,512,374.37,9.189999999999998,374.38,383.57,27.569999999999997
65,1,0.991029336684148,6,99,1024,0,CX|RZ|SX|X,AQUA-SLA,4,Success,2,0,6,99,1024,591.94,39.0,591.95,630.95,117.0
66,0,0.0085569970225995,4,21,512,0,CX|RZ|SX|X,AQUA-SLA,4,Success,2,0,4,21,512,630.94,4.139999999999986,630.95,635.09,12.41999999999996
67,1,0.0355658217395272,4,23,512,1,CX|RZ|SX|X,AQUA-SLA,4,Success,2,1,4,23,512,383.56,3.4699999999999704,383.57,387.04,10.409999999999911
68,0,0.5145826239116994,4,61,512,0,CX|RZ|SX|X,AQUA-SLA,4,Success,2,0,4,61,512,635.08,12.019999999999982,635.09,647.11,36.059999999999945
69,1,0.962122834360417,6,97,1024,1,CX|RZ|SX|X,AQUA-SLA,4,Success,2,1,6,97,1024,387.03,29.220000000000027,387.04,416.26,87.66000000000008
70,0,0.7986896152425272,6,84,1024,0,CX|RZ|SX|X,AQUA-SLA,4,Success,2,0,6,84,1024,647.1,33.09000000000003,647.11,680.2,99.2700000000001
71,1,0.1507725886986092,4,32,512,1,CX|RZ|SX|X,AQUA-SLA,4,Success,2,1,4,32,512,416.25,4.819999999999993,416.26,421.08,14.45999999999998
72,0,0.9790639075612642,6,98,1024,0,CX|RZ|SX|X,AQUA-SLA,4,Success,2,0,6,98,1024,680.19,38.59999999999991,680.2,718.8,115.79999999999971
73,1,0.5145826239116994,4,61,512,1,CX|RZ|SX|X,AQUA-SLA,4,Success,2,1,4,61,512,421.07,9.189999999999998,421.08,430.27,27.569999999999997
74,0,0.1826109678696216,4,35,512,0,CX|RZ|SX|X,AQUA-SLA,4,Success,2,0,4,35,512,718.79,6.900000000000091,718.8,725.7,20.700000000000276
75,1,0.1826109678696216,4,35,512,1,CX|RZ|SX|X,AQUA-SLA,4,Success,2,1,4,35,512,430.26,5.28000000000003,430.27,435.55,15.840000000000089
76,0,0.0149200167184297,4,21,512,0,CX|RZ|SX|X,AQUA-SLA,4,Success,2,0,4,21,512,725.69,4.139999999999986,725.7,729.84,12.41999999999996
77,1,0.422483769896447,4,54,512,1,CX|RZ|SX|X,AQUA-SLA,4,Success,2,1,4,54,512,435.54,8.139999999999986,435.55,443.69,24.41999999999996
78,0,0.1214874532706159,4,30,512,1,CX|RZ|SX|X,AQUA-SLA,4,Success,2,1,4,30,512,443.68,4.519999999999982,443.69,448.21,13.559999999999944
79,1,0.991029336684148,6,99,1024,0,CX|RZ|SX|X,AQUA-SLA,4,Success,2,0,6,99,1024,729.83,39.0,729.84,768.84,117.0
80,0,0.9653891832573752,6,97,1024,0,CX|RZ|SX|X,AQUA-SLA,4,Success,2,0,6,97,1024,768.83,38.20999999999992,768.84,807.05,114.62999999999975
81,1,0.4656549648229943,4,57,512,1,CX|RZ|SX|X,AQUA-SLA,4,Success,2,1,4,57,512,448.2,8.590000000000032,448.21,456.8,25.770000000000092
82,0,0.3177485164747522,4,45,512,1,CX|RZ|SX|X,AQUA-SLA,4,Success,2,1,4,45,512,456.79,6.779999999999973,456.8,463.58,20.33999999999992
83,1,0.9334081987817672,6,95,1024,0,CX|RZ|SX|X,AQUA-SLA,4,Success,2,0,6,95,1024,807.04,37.42000000000007,807.05,844.47,112.26000000000022
84,0,0.3623688700864849,4,49,512,0,CX|RZ|SX|X,AQUA-SLA,4,Success,2,0,4,49,512,844.46,9.649999999999975,844.47,854.12,28.94999999999993
85,1,0.6368537101999319,4,71,512,1,CX|RZ|SX|X,AQUA-SLA,4,Success,2,1,4,71,512,463.57,10.699999999999989,463.58,474.28,32.099999999999966
86,0,0.1621907128082876,4,33,512,1,CX|RZ|SX|X,AQUA-SLA,4,Success,2,1,4,33,512,474.27,4.970000000000027,474.28,479.25,14.910000000000082
87,1,0.851088147911796,6,88,1024,0,CX|RZ|SX|X,AQUA-SLA,4,Success,2,0,6,88,1024,854.11,34.65999999999997,854.12,888.78,103.9799999999999
88,0,0.8536946969616356,6,88,1024,1,CX|RZ|SX|X,AQUA-SLA,4,Success,2,1,6,88,1024,479.24,26.50999999999999,479.25,505.76,79.52999999999997
89,1,0.6880292639729265,4,75,512,0,CX|RZ|SX|X,AQUA-SLA,4,Success,2,0,4,75,512,888.77,14.769999999999982,888.78,903.55,44.309999999999945
90,0,0.942546559214428,6,95,1024,0,CX|RZ|SX|X,AQUA-SLA,4,Success,2,0,6,95,1024,903.54,37.42000000000007,903.55,940.97,112.26000000000022
91,1,0.5145826239116994,4,61,512,1,CX|RZ|SX|X,AQUA-SLA,4,Success,2,1,4,61,512,505.75,9.190000000000056,505.76,514.95,27.570000000000164
92,0,0.5145826239116994,4,61,512,1,CX|RZ|SX|X,AQUA-SLA,4,Success,2,1,4,61,512,514.94,9.18999999999994,514.95,524.14,27.569999999999823
93,1,0.5518456020490996,4,64,512,0,CX|RZ|SX|X,AQUA-SLA,4,Success,2,0,4,64,512,940.96,12.610000000000014,940.97,953.58,37.83000000000004
94,0,0.0149200167184297,4,21,512,1,CX|RZ|SX|X,AQUA-SLA,4,Success,2,1,4,21,512,524.13,3.169999999999959,524.14,527.31,9.509999999999875
95,1,0.9653891832573752,6,97,1024,0,CX|RZ|SX|X,AQUA-SLA,4,Success,2,0,6,97,1024,953.57,38.20999999999992,953.58,991.79,114.62999999999975
96,0,0.1528427593267803,4,32,512,0,CX|RZ|SX|X,AQUA-SLA,4,Success,2,0,4,32,512,991.78,6.310000000000059,991.79,998.1,18.930000000000177
97,1,0.1527647190831948,4,32,512,1,CX|RZ|SX|X,AQUA-SLA,4,Success,2,1,4,32,512,527.3,4.82000000000005,527.31,532.13,14.46000000000015
98,0,0.6614532452768676,4,73,512,1,CX|RZ|SX|X,AQUA-SLA,4,Success,2,1,4,73,512,532.12,11.0,532.13,543.13,33.0
99,1,0.0320202509655583,4,23,512,0,CX|RZ|SX|X,AQUA-SLA,4,Success,2,0,4,23,512,998.09,4.529999999999973,998.1,1002.63,13.589999999999918
