qtask_id,status,status_text,resource_id,qnode_id,num_qubits,num_layers,num_shots,waiting_time,actual_qpu_time,start_time,finish_time,cost
1,4,"Success",2,1,4,37,512,0.0,5.58,0.01,5.59,16.740000000000002
3,4,"Success",2,1,4,21,512,5.58,3.17,5.59,8.76,9.51
0,4,"Success",2,0,4,77,512,0.0,15.17,0.01,15.18,45.51
4,4,"Success",2,1,4,64,512,8.75,9.639999999999999,8.76,18.4,28.919999999999995
2,4,"Success",2,0,4,33,512,15.17,6.5,15.18,21.68,19.5
5,4,"Success",2,0,4,21,512,21.669999999999998,4.140000000000001,21.68,25.82,12.420000000000002
6,4,"Success",2,1,4,61,512,18.389999999999997,9.190000000000001,18.4,27.59,27.570000000000004
9,4,"Success",2,1,6,99,1024,27.58,29.819999999999997,27.59,57.41,89.46
7,4,"Success",2,0,6,98,1024,25.81,38.6,25.82,64.42,115.80000000000001
10,4,"Success",2,1,4,64,512,57.4,9.64,57.41,67.05,28.92
13,4,"Success",2,1,6,99,1024,67.03999999999999,29.820000000000007,67.05,96.87,89.46000000000002
8,4,"Success",2,0,6,90,1024,64.41,35.45,64.42,99.87,106.35000000000001
14,4,"Success",2,1,4,21,512,96.86,3.1700000000000017,96.87,100.04,9.510000000000005
17,4,"Success",2,1,4,21,512,100.03,3.1700000000000017,100.04,103.21000000000001,9.510000000000005
11,4,"Success",2,0,4,78,512,99.86,15.370000000000005,99.87,115.24000000000001,46.110000000000014
12,4,"Success",2,0,4,21,512,115.23,4.139999999999986,115.24000000000001,119.38,12.419999999999959
15,4,"Success",2,0,4,27,512,119.36999999999999,5.320000000000007,119.38,124.7,15.960000000000022
18,4,"Success",2,1,6,89,1024,103.2,26.810000000000002,103.21000000000001,130.02,80.43
16,4,"Success",2,0,4,66,512,124.69,12.999999999999986,124.7,137.7,38.99999999999996
19,4,"Success",2,0,4,54,512,137.69,10.640000000000015,137.7,148.34,31.920000000000044
20,4,"Success",2,0,4,26,512,148.33,5.1200000000000045,148.34,153.46,15.360000000000014
21,4,"Success",2,1,6,99,1024,130.01000000000002,29.819999999999993,130.02,159.84,89.45999999999998
22,4,"Success",2,1,4,71,512,159.83,10.699999999999989,159.84,170.54,32.099999999999966
24,4,"Success",2,1,4,21,512,170.53,3.1699999999999875,170.54,173.70999999999998,9.509999999999962
26,4,"Success",2,1,4,61,512,173.7,9.190000000000026,173.70999999999998,182.9,27.57000000000008
29,4,"Success",2,1,4,21,512,182.89000000000001,3.1699999999999875,182.9,186.07,9.509999999999962
23,4,"Success",2,0,6,98,1024,153.45000000000002,38.599999999999994,153.46,192.06,115.79999999999998
25,4,"Success",2,0,4,35,512,192.05,6.899999999999977,192.06,198.95999999999998,20.699999999999932
30,4,"Success",2,1,6,98,1024,186.06,29.52000000000001,186.07,215.59,88.56000000000003
33,4,"Success",2,1,4,72,512,215.58,10.849999999999994,215.59,226.44,32.54999999999998
35,4,"Success",2,1,4,54,512,226.43,8.139999999999986,226.44,234.57999999999998,24.41999999999996
27,4,"Success",2,0,6,97,1024,198.95,38.21000000000001,198.95999999999998,237.17,114.63000000000002
36,4,"Success",2,1,4,54,512,234.57,8.140000000000015,234.57999999999998,242.72,24.420000000000044
28,4,"Success",2,0,4,51,512,237.16,10.050000000000011,237.17,247.22,30.150000000000034
39,4,"Success",2,1,4,62,512,242.71,9.340000000000003,242.72,252.06,28.02000000000001
41,4,"Success",2,1,4,20,512,252.05,3.019999999999982,252.06,255.07999999999998,9.059999999999945
43,4,"Success",2,1,4,64,512,255.07,9.640000000000043,255.07999999999998,264.72,28.92000000000013
31,4,"Success",2,0,6,87,1024,247.21,34.27000000000001,247.22,281.49,102.81000000000003
44,4,"Success",2,1,6,99,1024,264.71000000000004,29.819999999999993,264.72,294.54,89.45999999999998
46,4,"Success",2,1,4,32,512,294.53000000000003,4.819999999999993,294.54,299.36,14.45999999999998
48,4,"Success",2,1,4,23,512,299.35,3.4699999999999704,299.36,302.83,10.409999999999911
50,4,"Success",2,1,4,61,512,302.82,9.189999999999998,302.83,312.02,27.569999999999993
32,4,"Success",2,0,6,85,1024,281.48,33.48000000000002,281.49,314.97,100.44000000000005
52,4,"Success",2,1,4,32,512,312.01,4.819999999999993,312.02,316.84,14.45999999999998
54,4,"Success",2,1,4,49,512,316.83,7.380000000000052,316.84,324.22,22.140000000000157
34,4,"Success",2,0,4,64,512,314.96000000000004,12.609999999999957,314.97,327.58,37.82999999999987
57,4,"Success",2,1,4,61,512,324.21000000000004,9.189999999999998,324.22,333.41,27.569999999999993
59,4,"Success",2,1,6,91,1024,333.40000000000003,27.409999999999968,333.41,360.82,82.2299999999999
60,4,"Success",2,1,4,26,512,360.81,3.920000000000016,360.82,364.74,11.760000000000048
37,4,"Success",2,0,6,99,1024,327.57,39.0,327.58,366.58,117.0
38,4,"Success",2,0,4,32,512,366.57,6.310000000000002,366.58,372.89,18.930000000000007
63,4,"Success",2,1,4,64,512,364.73,9.639999999999986,364.74,374.38,28.91999999999996
64,4,"Success",2,1,4,61,512,374.37,9.189999999999998,374.38,383.57,27.569999999999993
40,4,"Success",2,0,4,61,512,372.88,12.019999999999982,372.89,384.90999999999997,36.059999999999945
67,4,"Success",2,1,4,23,512,383.56,3.4699999999999704,383.57,387.03999999999996,10.409999999999911
42,4,"Success",2,0,4,21,512,384.9,4.140000000000043,384.90999999999997,389.05,12.42000000000013
45,4,"Success",2,0,4,61,512,389.04,12.019999999999982,389.05,401.07,36.059999999999945
69,4,"Success",2,1,6,97,1024,387.03,29.220000000000027,387.03999999999996,416.26,87.66000000000008
71,4,"Success",2,1,4,32,512,416.25,4.819999999999993,416.26,421.08,14.45999999999998
73,4,"Success",2,1,4,61,512,421.07,9.189999999999998,421.08,430.27,27.569999999999993
75,4,"Success",2,1,4,35,512,430.26,5.28000000000003,430.27,435.55,15.840000000000089
47,4,"Success",2,0,6,95,1024,401.06,37.420000000000016,401.07,438.49,112.26000000000005
77,4,"Success",2,1,4,54,512,435.54,8.139999999999986,435.55,443.69,24.41999999999996
78,4,"Success",2,1,4,30,512,443.68,4.519999999999982,443.69,448.21,13.559999999999945
49,4,"Success",2,0,4,61,512,438.48,12.019999999999982,438.49,450.51,36.059999999999945
81,4,"Success",2,1,4,57,512,448.2,8.590000000000032,448.21,456.8,25.770000000000095
82,4,"Success",2,1,4,45,512,456.79,6.779999999999973,456.8,463.58,20.339999999999918
85,4,"Success",2,1,4,71,512,463.57,10.699999999999989,463.58,474.28,32.099999999999966
86,4,"Success",2,1,4,33,512,474.27,4.970000000000027,474.28,479.25,14.910000000000082
51,4,"Success",2,0,6,94,1024,450.5,37.02999999999997,450.51,487.53999999999996,111.08999999999992
53,4,"Success",2,0,4,58,512,487.53,11.430000000000007,487.53999999999996,498.96999999999997,34.29000000000002
88,4,"Success",2,1,6,88,1024,479.24,26.50999999999999,479.25,505.76,79.52999999999997
91,4,"Success",2,1,4,61,512,505.75,9.190000000000055,505.76,514.95,27.570000000000164
92,4,"Success",2,1,4,61,512,514.94,9.18999999999994,514.95,524.14,27.569999999999823
94,4,"Success",2,1,4,21,512,524.13,3.169999999999959,524.14,527.31,9.509999999999877
97,4,"Success",2,1,4,32,512,527.3,4.82000000000005,527.31,532.13,14.46000000000015
55,4,"Success",2,0,6,99,1024,498.96,39.00000000000006,498.96999999999997,537.97,117.00000000000017
98,4,"Success",2,1,4,73,512,532.12,11.0,532.13,543.13,33.0
56,4,"Success",2,0,4,61,512,537.96,12.019999999999982,537.97,549.99,36.059999999999945
58,4,"Success",2,0,4,71,512,549.98,13.990000000000009,549.99,563.98,41.97000000000003
61,4,"Success",2,0,4,78,512,563.97,15.360000000000014,563.98,579.34,46.08000000000004
62,4,"Success",2,0,4,64,512,579.33,12.610000000000014,579.34,591.95,37.83000000000004
65,4,"Success",2,0,6,99,1024,591.94,39.0,591.95,630.95,117.0
66,4,"Success",2,0,4,21,512,630.94,4.139999999999986,630.95,635.09,12.419999999999959
68,4,"Success",2,0,4,61,512,635.08,12.019999999999982,635.09,647.11,36.059999999999945
70,4,"Success",2,0,6,84,1024,647.1,33.09000000000003,647.11,680.2,99.2700000000001
72,4,"Success",2,0,6,98,1024,680.19,38.59999999999991,680.2,718.8,115.79999999999973
74,4,"Success",2,0,4,35,512,718.79,6.900000000000091,718.8,725.7,20.700000000000273
76,4,"Success",2,0,4,21,512,725.69,4.139999999999986,725.7,729.84,12.419999999999959
79,4,"Success",2,0,6,99,1024,729.83,39.0,729.84,768.84,117.0
80,4,"Success",2,0,6,97,1024,768.83,38.20999999999992,768.84,807.05,114.62999999999977
83,4,"Success",2,0,6,95,1024,807.04,37.42000000000007,807.05,844.47,112.26000000000022
84,4,"Success",2,0,4,49,512,844.46,9.649999999999977,844.47,854.12,28.949999999999932
87,4,"Success",2,0,6,88,1024,854.11,34.65999999999997,854.12,888.78,103.9799999999999
89,4,"Success",2,0,4,75,512,888.77,14.769999999999982,888.78,903.55,44.309999999999945
90,4,"Success",2,0,6,95,1024,903.54,37.42000000000007,903.55,940.97,112.26000000000022
93,4,"Success",2,0,4,64,512,940.96,12.610000000000014,940.97,953.58,37.83000000000004
95,4,"Success",2,0,6,97,1024,953.57,38.20999999999992,953.58,991.79,114.62999999999977
96,4,"Success",2,0,4,32,512,991.78,6.310000000000059,991.79,998.1,18.930000000000177
99,4,"Success",2,0,4,23,512,998.09,4.529999999999973,998.1,1002.63,13.589999999999918
