block,repeat,config,reps,shots,maxiter,qaoa_success,qaoa_raw_feasible,qaoa_optimal_match,qaoa_objective,milp_objective,qaoa_objective_gap,qaoa_solver_seconds,qaoa_end_to_end_seconds,milp_solver_seconds,milp_end_to_end_seconds,risk_greedy_seconds,risk_greedy_feasible,least_loaded_seconds,least_loaded_feasible,qaoa_vs_milp_solver_ratio,qaoa_vs_milp_end_to_end_ratio,qaoa_vs_risk_greedy_ratio
0,0,primary_512s_50iter,1,512,50,True,True,True,0.8167322122156496,0.8167322122156496,0.0,1.1200635000132024,1.1204735999926925,0.003299799980595708,0.003853699949104339,0.0004007999668829143,True,0.0003282999969087541,True,339.43375556084436,290.7526830813874,2795.593045345776
0,0,efficient_256s_20iter,1,256,20,True,True,True,0.8167322122156496,0.8167322122156496,0.0,0.9350260000210255,0.9354145000106655,0.003299799980595708,0.003853699949104339,0.0004007999668829143,True,0.0003282999969087541,True,283.3583870293334,242.73153394520781,2333.868705842304
0,0,efficient_128s_10iter,1,128,10,True,True,True,0.8167322122156496,0.8167322122156496,0.0,0.44054669997422025,0.44091519998619333,0.003299799980595708,0.003853699949104339,0.0004007999668829143,True,0.0003282999969087541,True,133.5070921161376,114.41347427390372,1100.087915214319
0,1,primary_512s_50iter,1,512,50,True,True,True,0.8167322122156496,0.8167322122156496,0.0,1.1880882999976166,1.1884642000077292,0.0011686999932862818,0.0013739000423811376,0.000291300006210804,True,0.0002791999722830951,True,1016.5896353407314,865.0295970207372,4079.863284134906
0,1,efficient_256s_20iter,1,256,20,True,True,True,0.8167322122156496,0.8167322122156496,0.0,0.8039614000008442,0.8043332999804989,0.0011686999932862818,0.0013739000423811376,0.000291300006210804,True,0.0002791999722830951,True,687.9108450579993,585.4380050723998,2761.1853169629867
0,1,efficient_128s_10iter,1,128,10,True,True,True,0.8167322122156496,0.8167322122156496,0.0,0.47378369997022673,0.47415429999819025,0.0011686999932862818,0.0013739000423811376,0.000291300006210804,True,0.0002791999722830951,True,405.3937731598582,345.1155727285826,1627.7181252617647
0,2,primary_512s_50iter,1,512,50,True,True,False,0.9529862128280259,0.8167322122156496,0.13625400061237625,1.348597600008361,1.3490116999601014,0.0011365000391378999,0.0013389000087045133,0.0003005000180564821,True,0.00025450001703575253,True,1186.6234523241628,1007.552237799574,4489.223357406057
0,2,efficient_256s_20iter,1,256,20,True,True,True,0.8167322122156496,0.8167322122156496,0.0,0.6694796999800019,0.6698639999958687,0.0011365000391378999,0.0013389000087045133,0.0003005000180564821,True,0.00025450001703575253,True,589.0714271227306,500.30920579649006,2229.164591497498
0,2,efficient_128s_10iter,1,128,10,True,True,True,0.8167322122156496,0.8167322122156496,0.0,0.45647679996909574,0.4568485000054352,0.0011365000391378999,0.0013389000087045133,0.0003005000180564821,True,0.00025450001703575253,True,401.65137197475104,341.2118134553383,1520.294417817858
1,0,primary_512s_50iter,1,512,50,True,True,True,0.8638713243774111,0.8638713243774111,0.0,1.2954005999490619,1.2957819000002928,0.0011756999883800745,0.0014741999912075698,0.00028300000121816993,True,0.00025340000865980983,True,1101.8122078353642,878.9729397155074,4578.734609267194
1,0,efficient_256s_20iter,1,256,20,True,True,True,0.8638713243774111,0.8638713243774111,0.0,1.0007573000038974,1.0011285000364296,0.0011756999883800745,0.0014741999912075698,0.00028300000121816993,True,0.00025340000865980983,True,851.2012502294739,679.0995156745114,3537.5565220038325
1,0,efficient_128s_10iter,1,128,10,True,True,True,0.8638713243774111,0.8638713243774111,0.0,0.5091229999670759,0.5094941999996081,0.0011756999883800745,0.0014741999912075698,0.00028300000121816993,True,0.00025340000865980983,True,433.03819426634976,345.60724666825104,1800.3328544399178
1,1,primary_512s_50iter,1,512,50,True,True,True,0.8638713243774111,0.8638713243774111,0.0,1.4599403000320308,1.460327500011772,0.001222599996253848,0.0014436999917961657,0.0002943000290542841,True,0.0002570999786257744,True,1194.1275188167954,1011.517287739899,4962.036547208129
1,1,efficient_256s_20iter,1,256,20,True,True,True,0.8638713243774111,0.8638713243774111,0.0,0.9794860000256449,0.9798853999818675,0.001222599996253848,0.0014436999917961657,0.0002943000290542841,True,0.0002570999786257744,True,801.1500106550585,678.7320118792495,3329.5457126887545
1,1,efficient_128s_10iter,1,128,10,True,True,True,0.8638713243774111,0.8638713243774111,0.0,0.42005559999961406,0.42045360000338405,0.001222599996253848,0.0014436999917961657,0.0002943000290542841,True,0.0002570999786257744,True,343.5756594852778,291.2333603883177,1428.656331956497
1,2,primary_512s_50iter,1,512,50,True,True,True,0.8638713243774111,0.8638713243774111,0.0,1.313706600049045,1.3140769999590702,0.001151900039985776,0.0013546000118367374,0.0002886999864131212,True,0.00027080002473667264,True,1140.4692720257801,970.0848874032409,4551.704405273731
1,2,efficient_256s_20iter,1,256,20,True,True,True,0.8638713243774111,0.8638713243774111,0.0,0.9626835000235587,0.9630495000164956,0.001151900039985776,0.0013546000118367374,0.0002886999864131212,True,0.00027080002473667264,True,835.735277893945,710.9475059805084,3335.8141508132944
1,2,efficient_128s_10iter,1,128,10,True,True,True,0.8638713243774111,0.8638713243774111,0.0,0.4925486000138335,0.4929136999999173,0.001151900039985776,0.0013546000118367374,0.0002886999864131212,True,0.00027080002473667264,True,427.5966515461842,363.8813640135458,1707.3561593264928
2,0,primary_512s_50iter,1,512,50,True,True,True,0.8638713243774134,0.8638713243774134,0.0,1.2902314999955706,1.2906597999972291,0.0012650000280700624,0.0015734999906271696,0.0003443000023253262,True,0.0003132999991066754,True,1019.945827166504,820.2477328791052,3748.6488274191047
2,0,efficient_256s_20iter,1,256,20,True,True,True,0.8638713243774134,0.8638713243774134,0.0,0.9684643999789841,0.968835300009232,0.0012650000280700624,0.0015734999906271696,0.0003443000023253262,True,0.0003132999991066754,True,765.5844889240947,615.7199274104039,2813.927660371572
2,0,efficient_128s_10iter,1,128,10,True,True,True,0.8638713243774134,0.8638713243774134,0.0,0.4843451000051573,0.4847594000166282,0.0012650000280700624,0.0015734999906271696,0.0003443000023253262,True,0.0003132999991066754,True,382.8814934843082,308.077154689662,1407.9564238822836
2,1,primary_512s_50iter,1,512,50,True,True,True,0.8638713243774134,0.8638713243774134,0.0,0.9528634000453167,0.9532811000244692,0.0012395000085234642,0.0014406000263988972,0.0002905000001192093,True,0.00025480001932010055,True,768.7481996715763,661.725033011008,3281.5184152608663
2,1,efficient_256s_20iter,1,256,20,True,True,True,0.8638713243774134,0.8638713243774134,0.0,0.8065575999789871,0.8069331999868155,0.0012395000085234642,0.0014406000263988972,0.0002905000001192093,True,0.00025480001932010055,True,650.71205682345,560.1368771344021,2777.73906938273
2,1,efficient_128s_10iter,1,128,10,True,True,True,0.8638713243774134,0.8638713243774134,0.0,0.48974500002805144,0.49011250003241,0.0012395000085234642,0.0014406000263988972,0.0002905000001192093,True,0.00025480001932010055,True,395.1149630175903,340.21414067133963,1687.1342507101135
2,2,primary_512s_50iter,1,512,50,True,True,True,0.8638713243774134,0.8638713243774134,0.0,1.6203027000301518,1.6207064000191167,0.0012309000012464821,0.0014474999625235796,0.00032519997330382466,True,0.0002615000121295452,True,1316.3560796078784,1119.6590272745625,4983.722426400505
2,2,efficient_256s_20iter,1,256,20,True,True,True,0.8638713243774134,0.8638713243774134,0.0,0.8452963000163436,0.8456638000207022,0.0012309000012464821,0.0014474999625235796,0.00032519997330382466,True,0.0002615000121295452,True,686.7302779757466,584.2237111677482,2600.4424029599277
2,2,efficient_128s_10iter,1,128,10,True,True,True,0.8638713243774134,0.8638713243774134,0.0,0.44138809997821227,0.44175880000693724,0.0012309000012464821,0.0014474999625235796,0.00032519997330382466,True,0.0002615000121295452,True,358.5897307102418,305.18743450381334,1358.4220057552561
3,0,primary_512s_50iter,1,512,50,True,True,True,0.8254143483498582,0.8254143483498582,0.0,1.217991899990011,1.218368100002408,0.0012317999498918653,0.0015485999756492674,0.0003034999826923013,True,0.0002511999919079244,True,988.7903470826847,786.7545648717926,4014.392650683053
3,0,efficient_256s_20iter,1,256,20,True,True,True,0.8254143483498582,0.8254143483498582,0.0,0.8435137000051327,0.8438842000323348,0.0012317999498918653,0.0015485999756492674,0.0003034999826923013,True,0.0002511999919079244,True,684.7814047071372,544.933626050541,2780.5082311582655
3,0,efficient_128s_10iter,1,128,10,True,True,True,0.8254143483498582,0.8254143483498582,0.0,0.4867532000062056,0.48714990000007674,0.0012317999498918653,0.0015485999756492674,0.0003034999826923013,True,0.0002511999919079244,True,395.1560479028561,314.5743947179347,1605.1068460651811
3,1,primary_512s_50iter,1,512,50,True,True,True,0.8254143483498582,0.8254143483498582,0.0,1.6232783000450581,1.623650599969551,0.0011505000293254852,0.0013515999889932573,0.0002878000377677381,True,0.0002559999702498317,True,1410.9328628150954,1201.280418164942,5641.592727238896
3,1,efficient_256s_20iter,1,256,20,True,True,True,0.8254143483498582,0.8254143483498582,0.0,0.9845822000061162,0.984988699958194,0.0011505000293254852,0.0013515999889932573,0.0002878000377677381,True,0.0002559999702498317,True,855.7863319511227,728.7575525151235,3422.475923207157
3,1,efficient_128s_10iter,1,128,10,True,True,True,0.8254143483498582,0.8254143483498582,0.0,0.3791672000079416,0.3795609000371769,0.0011505000293254852,0.0013515999889932573,0.0002878000377677381,True,0.0002559999702498317,True,329.5673101635987,280.8233968098016,1318.8354768163447
3,2,primary_512s_50iter,1,512,50,True,True,True,0.8254143483498582,0.8254143483498582,0.0,1.5215675000217743,1.5219532000483014,0.0011629000073298812,0.00136749999364838,0.0005418999935500324,True,0.0002769999555312097,True,1308.425049816127,1112.945672480665,2808.5499504767627
3,2,efficient_256s_20iter,1,256,20,True,True,True,0.8254143483498582,0.8254143483498582,0.0,1.0087722000316717,1.0091386000276543,0.0011629000073298812,0.00136749999364838,0.0005418999935500324,True,0.0002769999555312097,True,867.4625450797784,737.9441350748044,1862.2229415739657
3,2,efficient_128s_10iter,1,128,10,True,True,True,0.8254143483498582,0.8254143483498582,0.0,0.4405435999506153,0.44095669995294884,0.0011629000073298812,0.00136749999364838,0.0005418999935500324,True,0.0002769999555312097,True,378.8318833724504,322.4546266918158,813.7233902960663
4,0,primary_512s_50iter,1,512,50,True,True,True,0.9430104920793172,0.9430104920793172,0.0,1.3729347999906167,1.3733006000402384,0.0011555000091902912,0.001444099994841963,0.00028060004115104675,True,0.0002509000478312373,True,1188.1737681271777,950.9733432209639,4894.156801997729
4,0,efficient_256s_20iter,1,256,20,True,True,True,0.9430104920793172,0.9430104920793172,0.0,0.8265645999927074,0.8269594999728724,0.0011555000091902912,0.001444099994841963,0.00028060004115104675,True,0.0002509000478312373,True,715.3306736638773,572.6469793827343,2947.1111143840526
4,0,efficient_128s_10iter,1,128,10,True,True,True,0.9430104920793172,0.9430104920793172,0.0,0.3652291999896988,0.3656021000351757,0.0011555000091902912,0.001444099994841963,0.00028060004115104675,True,0.0002509000478312373,True,316.0789243486296,253.16951827507333,1302.929602345897
4,1,primary_512s_50iter,1,512,50,True,True,True,0.9430104920793172,0.9430104920793172,0.0,1.1103638000204228,1.110813400009647,0.0011699000024236739,0.0013696000096388161,0.0002859000233002007,True,0.00043680000817403197,True,949.1100074537052,811.0494978038041,3885.3211244522035
4,1,efficient_256s_20iter,1,256,20,True,True,True,0.9430104920793172,0.9430104920793172,0.0,0.9175764999818057,0.9179429999785498,0.0011699000024236739,0.0013696000096388161,0.0002859000233002007,True,0.00043680000817403197,True,784.320453099298,670.2270688656208,3210.713274460602
4,1,efficient_128s_10iter,1,128,10,True,True,True,0.9430104920793172,0.9430104920793172,0.0,0.42827149998629466,0.42863619996933267,0.0011699000024236739,0.0013696000096388161,0.0002859000233002007,True,0.00043680000817403197,True,366.07530481156294,312.96451296197813,1499.2520637861444
4,2,primary_512s_50iter,1,512,50,True,True,True,0.9430104920793172,0.9430104920793172,0.0,1.233394600043539,1.2337572000105865,0.0011488000163808465,0.0013491999707184732,0.00028469995595514774,True,0.0002523000002838671,True,1073.6373454530383,914.4361301413227,4333.534917037203
4,2,efficient_256s_20iter,1,256,20,True,True,True,0.9430104920793172,0.9430104920793172,0.0,0.9628686999785714,0.963226499967277,0.0011488000163808465,0.0013491999707184732,0.00028469995595514774,True,0.0002523000002838671,True,838.1517115676679,713.9241927602042,3383.304000647706
4,2,efficient_128s_10iter,1,128,10,True,True,True,0.9430104920793172,0.9430104920793172,0.0,0.4915529999998398,0.491910100041423,0.0011488000163808465,0.0013491999707184732,0.00028469995595514774,True,0.0002523000002838671,True,427.883872728708,364.5939154441814,1727.8193752826558
5,0,primary_512s_50iter,1,512,50,True,True,True,0.9529634746806652,0.9529634746806652,0.0,1.520455399993807,1.5208431000355631,0.0011516999802552164,0.0014451000024564564,0.0002856999635696411,True,0.00025079998886212707,True,1320.1835773730538,1052.4137412292262,5323.217689752517
5,0,efficient_256s_20iter,1,256,20,True,True,True,0.9529634746806652,0.9529634746806652,0.0,0.9387239000061527,0.9390982000040822,0.0011516999802552164,0.0014451000024564564,0.0002856999635696411,True,0.00025079998886212707,True,815.0767700787246,649.8499746783988,3287.008469551909
5,0,efficient_128s_10iter,1,128,10,True,True,True,0.9529634746806652,0.9529634746806652,0.0,0.4993565999902785,0.4997182000079192,0.0011516999802552164,0.0014451000024564564,0.0002856999635696411,True,0.00025079998886212707,True,433.5821902850265,345.8018124409883,1749.1013781179915
5,1,primary_512s_50iter,1,512,50,True,True,True,0.9529634746806652,0.9529634746806652,0.0,1.4887850999948569,1.4892056999960914,0.0012667999835684896,0.0014857000205665827,0.000325299974065274,True,0.0002660999889485538,True,1175.2329644029915,1002.3596145796456,4577.945953654674
5,1,efficient_256s_20iter,1,256,20,True,True,True,0.9529634746806652,0.9529634746806652,0.0,0.9145948000368662,0.9149730000062846,0.0012667999835684896,0.0014857000205665827,0.000325299974065274,True,0.0002660999889485538,True,721.9725386011727,615.8531246821635,2812.7054194682723
5,1,efficient_128s_10iter,1,128,10,True,True,True,0.9529634746806652,0.9529634746806652,0.0,0.5053063000086695,0.5056610000319779,0.0012667999835684896,0.0014857000205665827,0.000325299974065274,True,0.0002660999889485538,True,398.8840437029814,340.3520179256243,1554.445251601874
5,2,primary_512s_50iter,1,512,50,True,True,True,0.9529634746806652,0.9529634746806652,0.0,1.1978858999791555,1.1982671999721788,0.0011847999994643033,0.0014665999915450811,0.0003184000379405916,True,0.0002638999721966684,True,1011.0448181302911,817.0375063958575,3763.4015615153808
5,2,efficient_256s_20iter,1,256,20,True,True,True,0.9529634746806652,0.9529634746806652,0.0,0.8219800000078976,0.822343300038483,0.0011847999994643033,0.0014665999915450811,0.0003184000379405916,True,0.0002638999721966684,True,693.7711009280457,560.7141038996831,2582.736187336508
5,2,efficient_128s_10iter,1,128,10,True,True,True,0.9529634746806652,0.9529634746806652,0.0,0.5024846000014804,0.5028636999777518,0.0011847999994643033,0.0014665999915450811,0.0003184000379405916,True,0.0002638999721966684,True,424.109216938449,342.8772009250994,1579.3456031923533
6,0,primary_512s_50iter,1,512,50,True,True,True,0.8300050183664809,0.8300050183664809,0.0,1.3187044999795035,1.3190872999839485,0.0011941000120714307,0.00149789999704808,0.00029280001763254404,True,0.00025540002388879657,True,1104.3501269980884,880.6244092285742,4505.079305150066
6,0,efficient_256s_20iter,1,256,20,True,True,False,0.9528776028749955,0.8300050183664809,0.12287258450851457,0.9516832999652252,0.9520727999624796,0.0011941000120714307,0.00149789999704808,0.00029280001763254404,True,0.00025540002388879657,True,796.9879326224274,635.605048293434,3251.6145581565665
6,0,efficient_128s_10iter,1,128,10,True,True,True,0.8300050183664809,0.8300050183664809,0.0,0.4242980999988504,0.4247068999684416,0.0011941000120714307,0.00149789999704808,0.00029280001763254404,True,0.00025540002388879657,True,355.3287795909251,283.5348827060644,1450.5016201926499
6,1,primary_512s_50iter,1,512,50,True,True,True,0.8300050183664809,0.8300050183664809,0.0,1.8033888000063598,1.8037595999776386,0.0011505000293254852,0.0013491000281646848,0.0002840000088326633,True,0.0002514999941922724,True,1567.4826197645991,1337.0095340013243,6351.2659995741005
6,1,efficient_256s_20iter,1,256,20,True,True,True,0.8300050183664809,0.8300050183664809,0.0,0.6286884999717586,0.6290529000107199,0.0011505000293254852,0.0013491000281646848,0.0002840000088326633,True,0.0002514999941922724,True,546.4480521050884,466.2759520259467,2214.9749311499722
6,1,efficient_128s_10iter,1,128,10,True,True,True,0.8300050183664809,0.8300050183664809,0.0,0.4463460000115447,0.44673389999661595,0.0011505000293254852,0.0013491000281646848,0.0002840000088326633,True,0.0002514999941922724,True,387.95826913036086,331.1347495888445,1573.0066412069646
6,2,primary_512s_50iter,1,512,50,True,True,True,0.8300050183664809,0.8300050183664809,0.0,1.4093063999898732,1.4097100999788381,0.001206600049044937,0.0014101999695412815,0.00032809999538585544,True,0.0003133999998681247,True,1167.9979634555666,999.6526240440902,4296.586771727859
6,2,efficient_256s_20iter,1,256,20,True,True,True,0.8300050183664809,0.8300050183664809,0.0,0.9616135999676771,0.9619867000146769,0.001206600049044937,0.0014101999695412815,0.00032809999538585544,True,0.0003133999998681247,True,796.9613466606648,682.1633249131312,2931.992421649844
6,2,efficient_128s_10iter,1,128,10,True,True,True,0.8300050183664809,0.8300050183664809,0.0,0.35821540001779795,0.3585795999970287,0.001206600049044937,0.0014101999695412815,0.00032809999538585544,True,0.0003133999998681247,True,296.8799813172037,254.2757110636371,1092.8973027729803
7,0,primary_512s_50iter,1,512,50,True,True,True,0.832225752843054,0.832225752843054,0.0,1.2212102999910712,1.2215838999836706,0.0011422000243328512,0.0014385999529622495,0.0003026999766007066,True,0.00025510002160444856,True,1069.1737646428166,849.1477408075004,4035.62601392292
7,0,efficient_256s_20iter,1,256,20,True,True,True,0.832225752843054,0.832225752843054,0.0,0.9626270000007935,0.9629931999952532,0.0011422000243328512,0.0014385999529622495,0.0003026999766007066,True,0.00025510002160444856,True,842.7832074010463,669.3961014056305,3181.3454722051188
7,0,efficient_128s_10iter,1,128,10,True,True,True,0.832225752843054,0.832225752843054,0.0,0.5033866000012495,0.5038184999721125,0.0011422000243328512,0.0014385999529622495,0.0003026999766007066,True,0.00025510002160444856,True,440.7166777073684,350.2144560304551,1664.415391206662
7,1,primary_512s_50iter,1,512,50,True,True,True,0.832225752843054,0.832225752843054,0.0,1.472617999999784,1.472985999949742,0.0011810999712906778,0.001381400041282177,0.00028819998260587454,True,0.00027060002321377397,True,1246.8190972780587,1066.299374497309,5110.9857350828215
7,1,efficient_256s_20iter,1,256,20,True,True,True,0.832225752843054,0.832225752843054,0.0,0.9668534999946132,0.9672218000050634,0.0011810999712906778,0.001381400041282177,0.00028819998260587454,True,0.00027060002321377397,True,818.6042871020129,700.1750188941033,3356.0786203369744
7,1,efficient_128s_10iter,1,128,10,True,True,True,0.832225752843054,0.832225752843054,0.0,0.4704374000430107,0.4708053999929689,0.0011810999712906778,0.001381400041282177,0.00028819998260587454,True,0.00027060002321377397,True,398.30447166036925,340.81756618161126,1633.606621818624
7,2,primary_512s_50iter,1,512,50,True,True,True,0.832225752843054,0.832225752843054,0.0,1.4796552999760024,1.4800261000054888,0.0011571000213734806,0.001359499990940094,0.00029120000544935465,True,0.00025569996796548367,True,1278.7617946974437,1088.6547332611979,5082.507116446102
7,2,efficient_256s_20iter,1,256,20,True,True,True,0.832225752843054,0.832225752843054,0.0,0.9573418000363745,0.9577157000312582,0.0011571000213734806,0.001359499990940094,0.00029120000544935465,True,0.00025569996796548367,True,827.3630475782097,704.4617185830195,3288.8587984515802
7,2,efficient_128s_10iter,1,128,10,True,True,True,0.832225752843054,0.832225752843054,0.0,0.5064844000153244,0.5068536999751814,0.0011571000213734806,0.001359499990940094,0.00029120000544935465,True,0.00025569996796548367,True,437.7187716357711,372.823614088215,1740.568992068007
8,0,primary_512s_50iter,1,512,50,True,True,True,0.8638713243774103,0.8638713243774103,0.0,1.6339986000093631,1.6347693999996409,0.0013153000036254525,0.0017299999599345028,0.0003616000176407397,True,0.00036319997161626816,True,1242.3010685816616,944.9534322888265,4520.932854665491
8,0,efficient_256s_20iter,1,256,20,True,True,True,0.8638713243774103,0.8638713243774103,0.0,0.9546739999786951,0.9550489999819547,0.0013153000036254525,0.0017299999599345028,0.0003616000176407397,True,0.00036319997161626816,True,725.8222438586338,552.0514578613704,2641.1752029581594
8,0,efficient_128s_10iter,1,128,10,True,True,True,0.8638713243774103,0.8638713243774103,0.0,0.47581329999957234,0.4761722999974154,0.0013153000036254525,0.0017299999599345028,0.0003616000176407397,True,0.00036319997161626816,True,361.7526789995097,275.2441104191951,1316.8481105288736
8,1,primary_512s_50iter,1,512,50,True,True,True,0.8638713243774103,0.8638713243774103,0.0,1.2229924999992363,1.223399700014852,0.0012363999849185348,0.0014553000219166279,0.00032270001247525215,True,0.00025669997557997704,True,989.1560295350685,840.6511932870285,3791.1362030352398
8,1,efficient_256s_20iter,1,256,20,True,True,True,0.8638713243774103,0.8638713243774103,0.0,0.835231700039003,0.8355875000124797,0.0012363999849185348,0.0014553000219166279,0.00032270001247525215,True,0.00025669997557997704,True,675.5351910603879,574.1685476730855,2589.3630855578626
8,1,efficient_128s_10iter,1,128,10,True,True,True,0.8638713243774103,0.8638713243774103,0.0,0.48010809998959303,0.4804689000011422,0.0012363999849185348,0.0014553000219166279,0.00032270001247525215,True,0.00025669997557997704,True,388.3113117485414,330.151097894141,1488.9026384465644
8,2,primary_512s_50iter,1,512,50,True,True,True,0.8638713243774103,0.8638713243774103,0.0,1.0115491999895312,1.0119225999806076,0.0011715999571606517,0.001375499996356666,0.00029659998835995793,True,0.0002538000117056072,True,863.3912913764523,735.6761924107028,3411.741873544931
8,2,efficient_256s_20iter,1,256,20,True,True,True,0.8638713243774103,0.8638713243774103,0.0,0.9379130000015721,0.9382824000203982,0.0011715999571606517,0.001375499996356666,0.00029659998835995793,True,0.0002538000117056072,True,800.5403160602574,682.1391512218531,3163.460677151765
8,2,efficient_128s_10iter,1,128,10,True,True,True,0.8638713243774103,0.8638713243774103,0.0,0.5050238000112586,0.5053914999589324,0.0011715999571606517,0.001375499996356666,0.00029659998835995793,True,0.0002538000117056072,True,431.05481263004935,367.4238468175792,1703.949830724815
9,0,primary_512s_50iter,1,512,50,True,True,True,0.8731909473039398,0.8731909473039398,0.0,0.9517034000018612,0.9520838999887928,0.001159599982202053,0.0014474000199697912,0.00028249999741092324,True,0.00025050004478543997,True,820.7169839676944,657.7890609733886,3370.2085264230845
9,0,efficient_256s_20iter,1,256,20,True,True,True,0.8731909473039398,0.8731909473039398,0.0,0.677643499977421,0.6780161999631673,0.001159599982202053,0.0014474000199697912,0.00028249999741092324,True,0.00025050004478543997,True,584.3769492740005,468.43732942418933,2400.0573669985843
9,0,efficient_128s_10iter,1,128,10,True,True,True,0.8731909473039398,0.8731909473039398,0.0,0.4560611000051722,0.4564235999714583,0.001159599982202053,0.0014474000199697912,0.00028249999741092324,True,0.00025050004478543997,True,393.29174457136753,315.34033002223146,1615.6587757682228
9,1,primary_512s_50iter,1,512,50,True,True,True,0.8731909473039398,0.8731909473039398,0.0,1.2001304000150412,1.200507200032007,0.00117200001841411,0.0013723000301979482,0.00028769997879862785,True,0.00025099999038502574,True,1024.0020317055933,874.8139427344026,4172.774725410347
9,1,efficient_256s_20iter,1,256,20,True,True,True,0.8731909473039398,0.8731909473039398,0.0,0.9559229000005871,0.9563485999824479,0.00117200001841411,0.0013723000301979482,0.00028769997879862785,True,0.00025099999038502574,True,815.6338609056446,696.8946869763596,3324.1177283917445
9,1,efficient_128s_10iter,1,128,10,True,True,True,0.8731909473039398,0.8731909473039398,0.0,0.46697420004056767,0.4673342000460252,0.00117200001841411,0.0013723000301979482,0.00028769997879862785,True,0.00025099999038502574,True,398.4421439450599,340.54812341482955,1624.3803770772265
9,2,primary_512s_50iter,1,512,50,True,True,True,0.8731909473039398,0.8731909473039398,0.0,1.715727999981027,1.71610270004021,0.001158400031272322,0.0013624000130221248,0.00030280003556981683,True,0.0002565999748185277,True,1481.1187445295277,1259.6173544020228,5667.445503468334
9,2,efficient_256s_20iter,1,256,20,True,True,True,0.8731909473039398,0.8731909473039398,0.0,0.9718462000018917,0.9722130000009201,0.001158400031272322,0.0013624000130221248,0.00030280003556981683,True,0.0002565999748185277,True,838.9556058061136,713.6031934147757,3210.742687567341
9,2,efficient_128s_10iter,1,128,10,True,True,True,0.8731909473039398,0.8731909473039398,0.0,0.4350897000404075,0.43545760004781187,0.001158400031272322,0.0013624000130221248,0.00030280003556981683,True,0.0002565999748185277,True,375.595380088629,319.62536397945576,1438.102869533541
10,0,primary_512s_50iter,1,512,50,True,True,True,0.832257133904289,0.832257133904289,0.0,1.214268500043545,1.2146383000072092,0.0011553000076673925,0.001450899988412857,0.00028899998869746923,True,0.0002688000095076859,True,1051.0417138274004,837.1619751240779,4202.90085643815
10,0,efficient_256s_20iter,1,256,20,True,True,True,0.832257133904289,0.832257133904289,0.0,0.9619053999776952,0.962284000008367,0.0011553000076673925,0.001450899988412857,0.00028899998869746923,True,0.0002688000095076859,True,832.6022622641798,663.2324816964206,3329.7025523959605
10,0,efficient_128s_10iter,1,128,10,True,True,True,0.832257133904289,0.832257133904289,0.0,0.5002810000441968,0.5006841000285931,0.0011553000076673925,0.001450899988412857,0.00028899998869746923,True,0.0002688000095076859,True,433.0312444594273,345.0851912793056,1732.4710021103804
10,1,primary_512s_50iter,1,512,50,True,True,True,0.832257133904289,0.832257133904289,0.0,1.340242100006435,1.340616700006649,0.0011827999842353165,0.0013829999952577055,0.00028769997879862785,True,0.00025370001094415784,True,1133.1096701636375,969.3540886504783,4659.773370873265
10,1,efficient_256s_20iter,1,256,20,True,True,True,0.832257133904289,0.832257133904289,0.0,0.6494686999940313,0.6499519000062719,0.0011827999842353165,0.0013829999952577055,0.00028769997879862785,True,0.00025370001094415784,True,549.0942751524592,469.9579914930955,2259.1308581958497
10,1,efficient_128s_10iter,1,128,10,True,True,True,0.832257133904289,0.832257133904289,0.0,0.47404169995570555,0.4744261999730952,0.0011827999842353165,0.0013829999952577055,0.00028769997879862785,True,0.00025370001094415784,True,400.77925792514685,343.0413605205339,1649.0310564296708
10,2,primary_512s_50iter,1,512,50,True,True,True,0.832257133904289,0.832257133904289,0.0,1.5471641999902204,1.5475363000296056,0.0011807999690063298,0.0013856999576091766,0.0003008000203408301,True,0.0002549999626353383,True,1310.2678189365083,1116.7903206836017,5144.734692092525
10,2,efficient_256s_20iter,1,256,20,True,True,True,0.832257133904289,0.832257133904289,0.0,0.930571399978362,0.9309436999610625,0.0011807999690063298,0.0013856999576091766,0.0003008000203408301,True,0.0002549999626353383,True,788.0855558977183,671.8219877608067,3094.8924102672268
10,2,efficient_128s_10iter,1,128,10,True,True,True,0.832257133904289,0.832257133904289,0.0,0.5085534999961965,0.5089153000153601,0.0011807999690063298,0.0013856999576091766,0.0003008000203408301,True,0.0002549999626353383,True,430.68556346944683,367.2622613725263,1691.8725585148534
11,0,primary_512s_50iter,1,512,50,True,True,True,0.8468275633879857,0.8468275633879857,0.0,1.3123292999807745,1.3127167000202462,0.0011837999918498099,0.00148460001219064,0.0002959999837912619,True,0.0003936999710276723,True,1108.5734997599757,884.2224769237562,4434.853959133893
11,0,efficient_256s_20iter,1,256,20,True,True,True,0.8468275633879857,0.8468275633879857,0.0,0.9605355999665335,0.9609147000010125,0.0011837999918498099,0.00148460001219064,0.0002959999837912619,True,0.0003936999710276723,True,811.4002420844735,647.2549455143208,3246.333623716162
11,0,efficient_128s_10iter,1,128,10,True,True,True,0.8468275633879857,0.8468275633879857,0.0,0.4706032000249252,0.4709609999554232,0.0011837999918498099,0.00148460001219064,0.0002959999837912619,True,0.0003936999710276723,True,397.5360730401417,317.23090131225615,1591.084546435459
11,1,primary_512s_50iter,1,512,50,True,True,True,0.8468275633879857,0.8468275633879857,0.0,0.6739503999706358,0.6743273999891244,0.0011591000366024673,0.001366600045002997,0.00030040001729503274,True,0.0002540999557822943,True,581.4428251992009,493.4343463947754,2244.764850751807
11,1,efficient_256s_20iter,1,256,20,True,True,True,0.8468275633879857,0.8468275633879857,0.0,0.9507959000184201,0.9511727999779396,0.0011591000366024673,0.001366600045002997,0.00030040001729503274,True,0.0002540999557822943,True,820.2880424414234,696.0140265295057,3166.354012036429
11,1,efficient_128s_10iter,1,128,10,True,True,True,0.8468275633879857,0.8468275633879857,0.0,0.4788931999937631,0.4792483000201173,0.0011591000366024673,0.001366600045002997,0.00030040001729503274,True,0.0002540999557822943,True,413.1595072652107,350.68658293441393,1595.3670853135532
11,2,primary_512s_50iter,1,512,50,True,True,True,0.8468275633879857,0.8468275633879857,0.0,1.1524342999910004,1.1528139000292867,0.0011628000065684319,0.00136900000507012,0.00028879998717457056,True,0.0002539000124670565,True,991.0855637092557,842.0846572387263,3991.738058258454
11,2,efficient_256s_20iter,1,256,20,True,True,True,0.8468275633879857,0.8468275633879857,0.0,0.9517065999680199,0.952149799966719,0.0011628000065684319,0.00136900000507012,0.00028879998717457056,True,0.0002539000124670565,True,818.4611236601426,695.5075211398191,3296.9177363265403
11,2,efficient_128s_10iter,1,128,10,True,True,True,0.8468275633879857,0.8468275633879857,0.0,0.4288781000068411,0.4292555999709293,0.0011628000065684319,0.00136900000507012,0.00028879998717457056,True,0.0002539000124670565,True,368.8322132646989,313.5541259175838,1486.3421711700346
12,0,primary_512s_50iter,1,512,50,True,True,True,0.8276195674053654,0.8276195674053654,0.0,1.409843000001274,1.4102141999755986,0.001205699983984232,0.00154079997446388,0.00030720001086592674,True,0.0002579999854788184,True,1169.3149363264085,915.2480681123333,4590.540853174212
12,0,efficient_256s_20iter,1,256,20,True,True,True,0.8276195674053654,0.8276195674053654,0.0,0.9567472999915481,0.9571270000305958,0.001205699983984232,0.00154079997446388,0.00030720001086592674,True,0.0002579999854788184,True,793.5202062705347,621.188354032539,3115.647676354806
12,0,efficient_128s_10iter,1,128,10,True,True,True,0.8276195674053654,0.8276195674053654,0.0,0.36962479999056086,0.36999949999153614,0.001205699983984232,0.00154079997446388,0.00030720001086592674,True,0.0002579999854788184,True,306.564489425584,240.13467427546988,1204.425413100058
12,1,primary_512s_50iter,1,512,50,True,True,True,0.8276195674053654,0.8276195674053654,0.0,1.4144717000308447,1.414845300023444,0.0011621000012382865,0.001361300004646182,0.0002891999902203679,True,0.00025260000256821513,True,1217.1686589137262,1039.3339419632039,4892.272987095691
12,1,efficient_256s_20iter,1,256,20,True,True,True,0.8276195674053654,0.8276195674053654,0.0,0.8838711999705993,0.8842354000080377,0.0011621000012382865,0.001361300004646182,0.0002891999902203679,True,0.00025260000256821513,True,760.5810162884279,649.5521905458752,3057.5222334352707
12,1,efficient_128s_10iter,1,128,10,True,True,True,0.8276195674053654,0.8276195674053654,0.0,0.5055694000329822,0.5059379999875091,0.0011621000012382865,0.001361300004646182,0.0002891999902203679,True,0.00025260000256821513,True,435.04810213774033,371.65797271778337,1749.439893141036
12,2,primary_512s_50iter,1,512,50,True,True,True,0.8276195674053654,0.8276195674053654,0.0,1.2250193000072613,1.2253860000055283,0.0011765999952331185,0.0013762000016868114,0.00028710003243759274,True,0.00025099999038502574,True,1041.1518825176856,890.4127296203822,4268.149988007723
12,2,efficient_256s_20iter,1,256,20,True,True,True,0.8276195674053654,0.8276195674053654,0.0,0.8162048999802209,0.8166052000015043,0.0011765999952331185,0.0013762000016868114,0.00028710003243759274,True,0.00025099999038502574,True,693.6978610292338,593.3768340361789,2844.322910966618
12,2,efficient_128s_10iter,1,128,10,True,True,True,0.8276195674053654,0.8276195674053654,0.0,0.49222129996633157,0.4926361999823712,0.0011765999952331185,0.0013762000016868114,0.00028710003243759274,True,0.00025099999038502574,True,418.3420890366469,357.96846343449056,1715.9043689396171
13,0,primary_512s_50iter,1,512,50,True,True,True,0.9537726026693861,0.9537726026693861,0.0,1.1802964999806136,1.1806763000204228,0.0011535999947227538,0.0014454000047408044,0.00028710003243759274,True,0.00026219995925202966,True,1023.1419082697515,816.8509036584284,4112.421339684341
13,0,efficient_256s_20iter,1,256,20,True,True,True,0.9537726026693861,0.9537726026693861,0.0,0.9398884000256658,0.9402577999862842,0.0011535999947227538,0.0014454000047408044,0.00028710003243759274,True,0.00026219995925202966,True,814.7437624178825,650.5173632920358,3275.018090395615
13,0,efficient_128s_10iter,1,128,10,True,True,True,0.9537726026693861,0.9537726026693861,0.0,0.4464247999712825,0.4467910000239499,0.0011535999947227538,0.0014454000047408044,0.00028710003243759274,True,0.00026219995925202966,True,386.98405167605114,309.11235544382777,1556.2206532354514
13,1,primary_512s_50iter,1,512,50,True,True,True,0.9537726026693861,0.9537726026693861,0.0,1.2847455999581143,1.2851198999560438,0.0012433999800123274,0.0014467000146396458,0.0002924000145867467,True,0.0002521999995224178,True,1033.252067404229,888.3112510897088,4395.074677996589
13,1,efficient_256s_20iter,1,256,20,True,True,True,0.9537726026693861,0.9537726026693861,0.0,0.9678257000050507,0.968196599977091,0.0012433999800123274,0.0014467000146396458,0.0002924000145867467,True,0.0002521999995224178,True,778.3703679932948,669.2448954030433,3311.205717090875
13,1,efficient_128s_10iter,1,128,10,True,True,True,0.9537726026693861,0.9537726026693861,0.0,0.4767273999750614,0.4771086000255309,0.0012433999800123274,0.0014467000146396458,0.0002924000145867467,True,0.0002521999995224178,True,383.40631143514656,329.7909692386175,1631.6982771010994
13,2,primary_512s_50iter,1,512,50,True,True,True,0.9537726026693861,0.9537726026693861,0.0,2.015329300018493,2.015698399976827,0.0011482000118121505,0.0013596999924629927,0.0002884000423364341,True,0.0002562999725341797,True,1755.207524199371,1482.4581975068952,6989.244466286891
13,2,efficient_256s_20iter,1,256,20,True,True,True,0.9537726026693861,0.9537726026693861,0.0,0.9670804999768734,0.9674606000189669,0.0011482000118121505,0.0013596999924629927,0.0002884000423364341,True,0.0002562999725341797,True,842.2578732172067,711.5250462467724,3354.5785644870753
13,2,efficient_128s_10iter,1,128,10,True,True,True,0.9537726026693861,0.9537726026693861,0.0,0.4555108000058681,0.45595130004221573,0.0011482000118121505,0.0013596999924629927,0.0002884000423364341,True,0.0002562999725341797,True,396.717292562083,335.3322810690723,1580.9682146659468
14,0,primary_512s_50iter,1,512,50,True,True,True,0.9207697476909026,0.9207697476909026,0.0,1.4808260000427254,1.4812070000334643,0.0011707000085152686,0.0014661000459454954,0.0003053999971598387,True,0.0002562999725341797,True,1264.906457052795,1010.3041768054965,4850.0557099161915
14,0,efficient_256s_20iter,1,256,20,True,True,True,0.9207697476909026,0.9207697476909026,0.0,0.9511553000193089,0.9515411999891512,0.0011707000085152686,0.0014661000459454954,0.0003053999971598387,True,0.0002562999725341797,True,812.4671505090398,649.0288317094332,3115.7210505510857
14,0,efficient_128s_10iter,1,128,10,True,True,True,0.9207697476909026,0.9207697476909026,0.0,0.526968099991791,0.5273623999673873,0.0011707000085152686,0.0014661000459454954,0.0003053999971598387,True,0.0002562999725341797,True,450.1307731774208,359.70423807420906,1726.792419357421
14,1,primary_512s_50iter,1,512,50,True,True,True,0.9207697476909026,0.9207697476909026,0.0,0.7312110000057146,0.7315744000370614,0.0011476000072434545,0.0013478000182658434,0.00028450001263991,True,0.00025370001094415784,True,637.1653846204567,542.7915047651853,2571.4389017023027
14,1,efficient_256s_20iter,1,256,20,True,True,False,1.0,0.9207697476909026,0.07923025230909742,0.8963334999862127,0.8967486000037752,0.0011476000072434545,0.0013478000182658434,0.00028450001263991,True,0.00025370001094415784,True,781.0504481776833,665.3424750339321,3152.0160286909536
14,1,efficient_128s_10iter,1,128,10,True,True,True,0.9207697476909026,0.9207697476909026,0.0,0.5017950999899767,0.5021693999879062,0.0011476000072434545,0.0013478000182658434,0.00028450001263991,True,0.00025370001094415784,True,437.2560969176822,372.5845030288886,1765.0944733823233
14,2,primary_512s_50iter,1,512,50,True,True,True,0.9207697476909026,0.9207697476909026,0.0,0.9582716000149958,0.9586605000076815,0.0012374999932944775,0.0014384000096470118,0.0003305000136606395,True,0.0002514999941922724,True,774.3608930969618,666.4769838557913,2900.6367938975127
14,2,efficient_256s_20iter,1,256,20,True,True,True,0.9207697476909026,0.9207697476909026,0.0,0.8182038000086322,0.8185878999647684,0.0012374999932944775,0.0014384000096470118,0.0003305000136606395,True,0.0002514999941922724,True,661.1747914684079,569.0961446570434,2476.816538970864
14,2,efficient_128s_10iter,1,128,10,True,True,True,0.9207697476909026,0.9207697476909026,0.0,0.5053199999965727,0.5056925000390038,0.0012374999932944775,0.0014384000096470118,0.0003305000136606395,True,0.0002514999941922724,True,408.33939614925396,351.56597375378385,1530.0831441364282
15,0,primary_512s_50iter,1,512,50,True,True,True,0.8243577572711573,0.8243577572711573,0.0,1.5042226000223309,1.504624099994544,0.0011804999667219818,0.0014804999809712172,0.0002905000001192093,True,0.0002541000139899552,True,1274.2250253502875,1016.2945757064456,5179.428913518444
15,0,efficient_256s_20iter,1,256,20,True,True,True,0.8243577572711573,0.8243577572711573,0.0,0.9663371999631636,0.96669849997852,0.0011804999667219818,0.0014804999809712172,0.0002905000001192093,True,0.0002541000139899552,True,818.5829963608501,652.9540779489641,3327.7056784228107
15,0,efficient_128s_10iter,1,128,10,True,True,True,0.8243577572711573,0.8243577572711573,0.0,0.36910040001384914,0.3694741000072099,0.0011804999667219818,0.0014804999809712172,0.0002905000001192093,True,0.0002541000139899552,True,312.66447303575023,249.56035444514671,1271.8557654237277
15,1,primary_512s_50iter,1,512,50,True,True,True,0.8243577572711573,0.8243577572711573,0.0,1.6189595999894664,1.6193524999544024,0.0012120000319555402,0.001426899980287999,0.00029230001382529736,True,0.000256399973295629,True,1335.7752122970692,1134.8745688731174,5540.035659807602
15,1,efficient_256s_20iter,1,256,20,True,True,True,0.8243577572711573,0.8243577572711573,0.0,0.7644540999899618,0.7648323999601416,0.0012120000319555402,0.001426899980287999,0.00029230001382529736,True,0.000256399973295629,True,630.7376896323418,536.0098188562392,2616.6006287542245
15,1,efficient_128s_10iter,1,128,10,True,True,True,0.8243577572711573,0.8243577572711573,0.0,0.40883760002907366,0.40921850001905113,0.0012120000319555402,0.001426899980287999,0.00029230001382529736,True,0.000256399973295629,True,337.32474360534593,286.7884965114768,1399.9948021337896
15,2,primary_512s_50iter,1,512,50,True,True,True,0.8243577572711573,0.8243577572711573,0.0,1.4720869999728166,1.4724834999651648,0.001235900039318949,0.001444399997126311,0.00029550003819167614,True,0.00027379998937249184,True,1191.1052295006157,1019.4430233278364,4983.023044518316
15,2,efficient_256s_20iter,1,256,20,True,True,True,0.8243577572711573,0.8243577572711573,0.0,0.9615086000412703,0.9618756999843754,0.001235900039318949,0.001444399997126311,0.00029550003819167614,True,0.00027379998937249184,True,777.9824981404774,665.9344377582829,3255.0780902453034
15,2,efficient_128s_10iter,1,128,10,True,True,True,0.8243577572711573,0.8243577572711573,0.0,0.5034780999994837,0.5038453000015579,0.001235900039318949,0.001444399997126311,0.00029550003819167614,True,0.00027379998937249184,True,407.3776875004621,348.8267107476997,1705.0600165227004
16,0,primary_512s_50iter,1,512,50,True,True,True,0.9536318922909894,0.9536318922909894,0.0,1.8026099999551661,1.8029791999724694,0.001171700016129762,0.0014690000098198652,0.00028979999478906393,True,0.00025290000485256314,True,1538.4569216866282,1227.3513872838967,6221.4604292343065
16,0,efficient_256s_20iter,1,256,20,True,True,True,0.9536318922909894,0.9536318922909894,0.0,0.8930881000123918,0.8934509999817237,0.001171700016129762,0.0014690000098198652,0.00028979999478906393,True,0.00025290000485256314,True,762.2156590578089,608.2035357448924,3082.9917737991605
16,0,efficient_128s_10iter,1,128,10,True,True,True,0.9536318922909894,0.9536318922909894,0.0,0.4593085999949835,0.4597421000362374,0.001171700016129762,0.0014690000098198652,0.00028979999478906393,True,0.00025290000485256314,True,392.0018722130978,312.96262557044696,1586.4116918665538
16,1,primary_512s_50iter,1,512,50,True,True,True,0.9536318922909894,0.9536318922909894,0.0,1.0885222000069916,1.0888900000136346,0.0011398999486118555,0.0013472000136971474,0.0002883999841287732,True,0.0002536000101827085,True,954.927843739768,808.2615713648729,3775.624340975814
16,1,efficient_256s_20iter,1,256,20,True,True,True,0.9536318922909894,0.9536318922909894,0.0,0.890714899986051,0.8910871000261977,0.0011398999486118555,0.0013472000136971474,0.0002883999841287732,True,0.0002536000101827085,True,781.3974384951448,661.4363798741139,3089.7612658269745
16,1,efficient_128s_10iter,1,128,10,True,True,True,0.9536318922909894,0.9536318922909894,0.0,0.4947808000142686,0.49515919998520985,0.0011398999486118555,0.0013472000136971474,0.0002883999841287732,True,0.0002536000101827085,True,434.0563403102189,367.5469083661414,1716.918263643582
16,2,primary_512s_50iter,1,512,50,True,True,True,0.9536318922909894,0.9536318922909894,0.0,1.035630999947898,1.0360143999569118,0.0012029000208713114,0.0014144000015221536,0.00029440002981573343,True,0.00025459995958954096,True,860.9452007472298,732.4762435251488,3519.0702956292457
16,2,efficient_256s_20iter,1,256,20,True,True,True,0.9536318922909894,0.9536318922909894,0.0,0.760997099976521,0.761361200013198,0.0012029000208713114,0.0014144000015221536,0.00029440002981573343,True,0.00025459995958954096,True,632.635370165925,538.2927030499391,2586.1451185644855
16,2,efficient_128s_10iter,1,128,10,True,True,True,0.9536318922909894,0.9536318922909894,0.0,0.4768478000187315,0.4772602000157349,0.0012029000208713114,0.0014144000015221536,0.00029440002981573343,True,0.00025459995958954096,True,396.4151564926655,337.4294396932377,1621.1282326107596
17,0,primary_512s_50iter,1,512,50,True,True,True,0.8353981120382252,0.8353981120382252,0.0,1.2022235000040382,1.2026129000005312,0.0011887999717146158,0.0014890999882481992,0.0002856000210158527,True,0.00025099999038502574,True,1011.2916626924726,807.6105765169632,4210.829171941056
17,0,efficient_256s_20iter,1,256,20,True,True,True,0.8353981120382252,0.8353981120382252,0.0,0.8918551000533625,0.8922309000045061,0.0011887999717146158,0.0014890999882481992,0.0002856000210158527,True,0.00025099999038502574,True,750.2146040321928,599.1746068402973,3124.057543241502
17,0,efficient_128s_10iter,1,128,10,True,True,True,0.8353981120382252,0.8353981120382252,0.0,0.49767910002265126,0.49806510005146265,0.0011887999717146158,0.0014890999882481992,0.0002856000210158527,True,0.00025099999038502574,True,418.63989894350743,334.4739130898754,1743.9252920216584
17,1,primary_512s_50iter,1,512,50,True,True,True,0.8353981120382252,0.8353981120382252,0.0,1.2338833999820054,1.2342732999823056,0.0011582000297494233,0.0013590999878942966,0.00029990001348778605,True,0.00025919999461621046,True,1065.3456814786616,908.1548899831943,4115.61602024594
17,1,efficient_256s_20iter,1,256,20,True,True,True,0.8353981120382252,0.8353981120382252,0.0,0.9584020999609493,0.958814799960237,0.0011582000297494233,0.0013590999878942966,0.00029990001348778605,True,0.00025919999461621046,True,827.4927260779813,705.4777488783322,3197.114894425593
17,1,efficient_128s_10iter,1,128,10,True,True,True,0.8353981120382252,0.8353981120382252,0.0,0.42516030004480854,0.4253774000098929,0.0011582000297494233,0.0013590999878942966,0.00029990001348778605,True,0.00025919999461621046,True,367.0871085513545,312.98462497151934,1418.3974020635285
17,2,primary_512s_50iter,1,512,50,True,True,True,0.8353981120382252,0.8353981120382252,0.0,1.243289400008507,1.2436550999991596,0.0011511000338941813,0.0013499000342562795,0.00028470001416280866,True,0.0002525000018067658,True,1080.0880578575334,921.29422063786,4368.300098811947
17,2,efficient_256s_20iter,1,256,20,True,True,True,0.8353981120382252,0.8353981120382252,0.0,0.9589666000101715,0.9593751999782398,0.0011511000338941813,0.0013499000342562795,0.00028470001416280866,True,0.0002525000018067658,True,833.0871095242517,710.7009227589232,3369.775736750091
17,2,efficient_128s_10iter,1,128,10,True,True,True,0.8353981120382252,0.8353981120382252,0.0,0.43713879998540506,0.4375137999886647,0.0011511000338941813,0.0013499000342562795,0.00028470001416280866,True,0.0002525000018067658,True,379.757438201579,324.10829608557697,1536.7536994166353
18,0,primary_512s_50iter,1,512,50,True,True,True,0.9537068544249163,0.9537068544249163,0.0,1.2432382000260986,1.2436282000271603,0.0011884999694302678,0.0014927000156603754,0.002350800030399114,True,0.00025539996568113565,True,1046.056568787352,833.1400730085577,529.0233894611698
18,0,efficient_256s_20iter,1,256,20,True,True,True,0.9537068544249163,0.9537068544249163,0.0,0.8143997000297531,0.814864200016018,0.0011884999694302678,0.0014927000156603754,0.002350800030399114,True,0.00025539996568113565,True,685.2332528204881,545.8995052368372,346.63271630027674
18,0,efficient_128s_10iter,1,128,10,True,True,True,0.9537068544249163,0.9537068544249163,0.0,0.4538318000268191,0.45419980003498495,0.0011884999694302678,0.0014927000156603754,0.002350800030399114,True,0.00025539996568113565,True,381.8525971392097,304.2806962348999,193.21073428685972
18,1,primary_512s_50iter,1,512,50,True,True,True,0.9537068544249163,0.9537068544249163,0.0,1.2666207000147551,1.2669904000358656,0.0011537999962456524,0.0013644000282511115,0.00029039999935775995,True,0.00025350000942125916,True,1097.7818548589096,928.6062546186652,4362.914610323362
18,1,efficient_256s_20iter,1,256,20,True,True,True,0.9537068544249163,0.9537068544249163,0.0,0.8844445000286214,0.884816600009799,0.0011537999962456524,0.0013644000282511115,0.00029039999935775995,True,0.00025350000942125916,True,766.5492311548913,648.5023319326351,3046.8891252294534
18,1,efficient_128s_10iter,1,128,10,True,True,True,0.9537068544249163,0.9537068544249163,0.0,0.45925010001519695,0.45961319998605177,0.0011537999962456524,0.0013644000282511115,0.00029039999935775995,True,0.00025350000942125916,True,398.0326759486479,336.8610308335922,1582.6900860968276
18,2,primary_512s_50iter,1,512,50,True,True,True,0.9537068544249163,0.9537068544249163,0.0,1.8059832000290044,1.8063667000387795,0.0011769000557251275,0.0013789000222459435,0.00028879998717457056,True,0.00025189999723806977,True,1534.5255455156537,1310.0055630549493,6254.732618623309
18,2,efficient_256s_20iter,1,256,20,True,True,True,0.9537068544249163,0.9537068544249163,0.0,0.9600185999879614,0.9603876000037417,0.0011769000557251275,0.0013789000222459435,0.00028879998717457056,True,0.00025189999723806977,True,815.718034269666,696.4882040102287,3325.441975948626
18,2,efficient_128s_10iter,1,128,10,True,True,True,0.9537068544249163,0.9537068544249163,0.0,0.4210903000202961,0.42144760000519454,0.0011769000557251275,0.0013789000222459435,0.00028879998717457056,True,0.00025189999723806977,True,357.796142477747,305.6404331031509,1459.3061590076964
19,0,primary_512s_50iter,1,512,50,True,True,True,0.6596470257309575,0.6596470257309575,0.0,1.5542555999709293,1.5546268000034615,0.001160199986770749,0.0014536000089719892,0.0002862000255845487,True,0.00025290000485256314,True,1339.6445592944522,1069.5010941166136,5431.958983330686
19,0,efficient_256s_20iter,1,256,20,True,True,True,0.6596470257309575,0.6596470257309575,0.0,0.9581627000006847,0.9585357999894768,0.001160199986770749,0.0014536000089719892,0.0002862000255845487,True,0.00025290000485256314,True,825.8599473592425,659.4219827140547,3349.181391691762
19,0,efficient_128s_10iter,1,128,10,True,True,True,0.6596470257309575,0.6596470257309575,0.0,0.5137126999907196,0.5141116000013426,0.001160199986770749,0.0014536000089719892,0.0002862000255845487,True,0.00025290000485256314,True,442.7794396210652,353.6816158696443,1796.3366668164906
19,1,primary_512s_50iter,1,512,50,True,True,True,0.6596470257309575,0.6596470257309575,0.0,1.5727411999832839,1.5731064999708906,0.0011446999851614237,0.0013453999999910593,0.0002861999673768878,True,0.00025340000865980983,True,1373.9331006993054,1169.2481789663627,5496.529277724605
19,1,efficient_256s_20iter,1,256,20,True,True,True,0.6596470257309575,0.6596470257309575,0.0,0.9524335999740288,0.9528251999872737,0.0011446999851614237,0.0013453999999910593,0.0002861999673768878,True,0.00025340000865980983,True,832.0377499085214,708.2096030872644,3329.228890975127
19,1,efficient_128s_10iter,1,128,10,True,True,True,0.6596470257309575,0.6596470257309575,0.0,0.4980162999709137,0.4983709999942221,0.0011446999851614237,0.0013453999999910593,0.0002861999673768878,True,0.00025340000865980983,True,435.0627294720234,370.42589564258503,1741.3384234874243
19,2,primary_512s_50iter,1,512,50,True,True,True,0.6596470257309575,0.6596470257309575,0.0,1.5591403000289574,1.5595087999827228,0.0011528999893926084,0.0013516999897547066,0.0002967999898828566,True,0.00025479996111243963,True,1352.3638775036957,1153.7388561094294,5254.409882555057
19,2,efficient_256s_20iter,1,256,20,True,True,True,0.6596470257309575,0.6596470257309575,0.0,0.944144899956882,0.9445187000092119,0.0011528999893926084,0.0013516999897547066,0.0002967999898828566,True,0.00025479996111243963,True,818.9304437883579,698.7635623054299,3182.340741931973
19,2,efficient_128s_10iter,1,128,10,True,True,True,0.6596470257309575,0.6596470257309575,0.0,0.49759599997196347,0.4979721999843605,0.0011528999893926084,0.0013516999897547066,0.0002967999898828566,True,0.00025479996111243963,True,431.60378571441913,368.40438245081856,1677.8039654950937
