block,config,attempts,qaoa_success_rate,qaoa_raw_feasibility_rate,qaoa_optimal_match_rate,qaoa_objective_gap,qaoa_solver_seconds,qaoa_end_to_end_seconds,milp_solver_seconds,milp_end_to_end_seconds,risk_greedy_seconds,least_loaded_seconds,qaoa_vs_milp_solver_ratio,qaoa_vs_milp_end_to_end_ratio
0,efficient_128s_10iter,3,1.0,1.0,1.0,0.0,0.45647679996909574,0.4568485000054352,0.0011686999932862818,0.0013739000423811376,0.0003005000180564821,0.0002791999722830951,390.5850967668127,332.51945986817253
0,efficient_256s_20iter,3,1.0,1.0,1.0,0.0,0.8039614000008442,0.8043332999804989,0.0011686999932862818,0.0013739000423811376,0.0003005000180564821,0.0002791999722830951,687.9108450579993,585.4380050723998
0,primary_512s_50iter,3,1.0,1.0,0.6666666666666666,0.04541800020412542,1.1880882999976166,1.1884642000077292,0.0011686999932862818,0.0013739000423811376,0.0003005000180564821,0.0002791999722830951,1016.5896353407314,865.0295970207372
1,efficient_128s_10iter,3,1.0,1.0,1.0,0.0,0.4925486000138335,0.4929136999999173,0.0011756999883800745,0.0014436999917961657,0.0002886999864131212,0.0002570999786257744,418.94072032142,341.4239127248753
1,efficient_256s_20iter,3,1.0,1.0,1.0,0.0,0.9794860000256449,0.9798853999818675,0.0011756999883800745,0.0014436999917961657,0.0002886999864131212,0.0002570999786257744,833.1087945107655,678.7320118792495
1,primary_512s_50iter,3,1.0,1.0,1.0,0.0,1.313706600049045,1.3140769999590702,0.0011756999883800745,0.0014436999917961657,0.0002886999864131212,0.0002570999786257744,1117.3825066198403,910.2147311950689
2,efficient_128s_10iter,3,1.0,1.0,1.0,0.0,0.4843451000051573,0.4847594000166282,0.0012395000085234642,0.0014474999625235796,0.00032519997330382466,0.0002615000121295452,390.75844830539864,334.8942401155548
2,efficient_256s_20iter,3,1.0,1.0,1.0,0.0,0.8452963000163436,0.8456638000207022,0.0012395000085234642,0.0014474999625235796,0.00032519997330382466,0.0002615000121295452,681.9655459488783,584.2237111677482
2,primary_512s_50iter,3,1.0,1.0,1.0,0.0,1.2902314999955706,1.2906597999972291,0.0012395000085234642,0.0014474999625235796,0.00032519997330382466,0.0002615000121295452,1040.9289964689387,891.6475533077635
3,efficient_128s_10iter,3,1.0,1.0,1.0,0.0,0.4405435999506153,0.44095669995294884,0.0011629000073298812,0.00136749999364838,0.0003034999826923013,0.0002559999702498317,378.8318833724504,322.4546266918158
3,efficient_256s_20iter,3,1.0,1.0,1.0,0.0,0.9845822000061162,0.984988699958194,0.0011629000073298812,0.00136749999364838,0.0003034999826923013,0.0002559999702498317,846.6611005247148,720.2842446311998
3,primary_512s_50iter,3,1.0,1.0,1.0,0.0,1.5215675000217743,1.5219532000483014,0.0011629000073298812,0.00136749999364838,0.0003034999826923013,0.0002559999702498317,1308.425049816127,1112.945672480665
4,efficient_128s_10iter,3,1.0,1.0,1.0,0.0,0.42827149998629466,0.42863619996933267,0.0011555000091902912,0.0013696000096388161,0.00028469995595514774,0.0002523000002838671,370.63738345307587,312.96451296197813
4,efficient_256s_20iter,3,1.0,1.0,1.0,0.0,0.9175764999818057,0.9179429999785498,0.0011555000091902912,0.0013696000096388161,0.00028469995595514774,0.0002523000002838671,794.0947578397609,670.2270688656208
4,primary_512s_50iter,3,1.0,1.0,1.0,0.0,1.233394600043539,1.2337572000105865,0.0011555000091902912,0.0013696000096388161,0.00028469995595514774,0.0002523000002838671,1067.4120209724895,900.815706284893
5,efficient_128s_10iter,3,1.0,1.0,1.0,0.0,0.5024846000014804,0.5028636999777518,0.0011847999994643033,0.0014665999915450811,0.0003184000379405916,0.0002638999721966684,424.109216938449,342.8772009250994
5,efficient_256s_20iter,3,1.0,1.0,1.0,0.0,0.9145948000368662,0.9149730000062846,0.0011847999994643033,0.0014665999915450811,0.0003184000379405916,0.0002638999721966684,771.9402434591425,623.8735887638655
5,primary_512s_50iter,3,1.0,1.0,1.0,0.0,1.4887850999948569,1.4892056999960914,0.0011847999994643033,0.0014665999915450811,0.0003184000379405916,0.0002638999721966684,1256.5708142032393,1015.4136837456238
6,efficient_128s_10iter,3,1.0,1.0,1.0,0.0,0.4242980999988504,0.4247068999684416,0.0011941000120714307,0.0014101999695412815,0.00029280001763254404,0.00025540002388879657,355.3287795909251,301.16785501462806
6,efficient_256s_20iter,3,1.0,1.0,0.6666666666666666,0.040957528169504855,0.9516832999652252,0.9520727999624796,0.0011941000120714307,0.0014101999695412815,0.00029280001763254404,0.00025540002388879657,796.9879326224274,675.133187155135
6,primary_512s_50iter,3,1.0,1.0,1.0,0.0,1.4093063999898732,1.4097100999788381,0.0011941000120714307,0.0014101999695412815,0.00029280001763254404,0.00025540002388879657,1180.2247598550136,999.6526240440902
7,efficient_128s_10iter,3,1.0,1.0,1.0,0.0,0.5033866000012495,0.5038184999721125,0.0011571000213734806,0.001381400041282177,0.00029120000544935465,0.00025569996796548367,435.04156140601253,364.71585704057327
7,efficient_256s_20iter,3,1.0,1.0,1.0,0.0,0.9626270000007935,0.9629931999952532,0.0011571000213734806,0.001381400041282177,0.00029120000544935465,0.00025569996796548367,831.9306734245436,697.1139215410981
7,primary_512s_50iter,3,1.0,1.0,1.0,0.0,1.472617999999784,1.472985999949742,0.0011571000213734806,0.001381400041282177,0.00029120000544935465,0.00025569996796548367,1272.6799522929598,1066.299374497309
8,efficient_128s_10iter,3,1.0,1.0,1.0,0.0,0.48010809998959303,0.4804689000011422,0.0012363999849185348,0.0014553000219166279,0.00032270001247525215,0.00025669997557997704,388.3113117485414,330.151097894141
8,efficient_256s_20iter,3,1.0,1.0,1.0,0.0,0.9379130000015721,0.9382824000203982,0.0012363999849185348,0.0014553000219166279,0.00032270001247525215,0.00025669997557997704,758.5838009075762,644.7346841819474
8,primary_512s_50iter,3,1.0,1.0,1.0,0.0,1.2229924999992363,1.223399700014852,0.0012363999849185348,0.0014553000219166279,0.00032270001247525215,0.00025669997557997704,989.1560295350685,840.6511932870285
9,efficient_128s_10iter,3,1.0,1.0,1.0,0.0,0.4560611000051722,0.4564235999714583,0.001159599982202053,0.0013723000301979482,0.00028769997879862785,0.00025099999038502574,393.29174457136753,332.5975296419845
9,efficient_256s_20iter,3,1.0,1.0,1.0,0.0,0.9559229000005871,0.9563485999824479,0.001159599982202053,0.0013723000301979482,0.00028769997879862785,0.00025099999038502574,824.3557387654595,696.8946869763596
9,primary_512s_50iter,3,1.0,1.0,1.0,0.0,1.2001304000150412,1.200507200032007,0.001159599982202053,0.0013723000301979482,0.00028769997879862785,0.00025099999038502574,1034.952068329651,874.8139427344026
10,efficient_128s_10iter,3,1.0,1.0,1.0,0.0,0.5002810000441968,0.5006841000285931,0.0011807999690063298,0.0013856999576091766,0.00028899998869746923,0.0002549999626353383,423.67971983027303,361.3221587250753
10,efficient_256s_20iter,3,1.0,1.0,1.0,0.0,0.930571399978362,0.9309436999610625,0.0011807999690063298,0.0013856999576091766,0.00028899998869746923,0.0002549999626353383,788.0855558977183,671.8219877608067
10,primary_512s_50iter,3,1.0,1.0,1.0,0.0,1.340242100006435,1.340616700006649,0.0011807999690063298,0.0013856999576091766,0.00028899998869746923,0.0002549999626353383,1135.0289085240063,967.465353985929
11,efficient_128s_10iter,3,1.0,1.0,1.0,0.0,0.4706032000249252,0.4709609999554232,0.0011628000065684319,0.00136900000507012,0.0002959999837912619,0.0002540999557822943,404.71551201116176,344.0182601981076
11,efficient_256s_20iter,3,1.0,1.0,1.0,0.0,0.9517065999680199,0.952149799966719,0.0011628000065684319,0.00136900000507012,0.0002959999837912619,0.0002540999557822943,818.4611236601426,695.5075211398191
11,primary_512s_50iter,3,1.0,1.0,1.0,0.0,1.1524342999910004,1.1528139000292867,0.0011628000065684319,0.00136900000507012,0.0002959999837912619,0.0002540999557822943,991.0855637092557,842.0846572387263
12,efficient_128s_10iter,3,1.0,1.0,1.0,0.0,0.49222129996633157,0.4926361999823712,0.0011765999952331185,0.0013762000016868114,0.0002891999902203679,0.00025260000256821513,418.3420890366469,357.96846343449056
12,efficient_256s_20iter,3,1.0,1.0,1.0,0.0,0.8838711999705993,0.8842354000080377,0.0011765999952331185,0.0013762000016868114,0.0002891999902203679,0.00025260000256821513,751.2078901508739,642.5195457958351
12,primary_512s_50iter,3,1.0,1.0,1.0,0.0,1.409843000001274,1.4102141999755986,0.0011765999952331185,0.0013762000016868114,0.0002891999902203679,0.00025260000256821513,1198.2347490337559,1024.716028373126
13,efficient_128s_10iter,3,1.0,1.0,1.0,0.0,0.4555108000058681,0.45595130004221573,0.0011535999947227538,0.0014454000047408044,0.0002884000423364341,0.0002562999725341797,394.8602653342952,315.4499090540538
13,efficient_256s_20iter,3,1.0,1.0,1.0,0.0,0.9670804999768734,0.9674606000189669,0.0011535999947227538,0.0014454000047408044,0.0002884000423364341,0.0002562999725341797,838.3152777400048,669.3376206211209
13,primary_512s_50iter,3,1.0,1.0,1.0,0.0,1.2847455999581143,1.2851198999560438,0.0011535999947227538,0.0014454000047408044,0.0002884000423364341,0.0002562999725341797,1113.6837775964786,889.1102087594757
14,efficient_128s_10iter,3,1.0,1.0,1.0,0.0,0.5053199999965727,0.5056925000390038,0.0011707000085152686,0.0014384000096470118,0.0003053999971598387,0.00025370001094415784,431.6391870855464,351.56597375378385
14,efficient_256s_20iter,3,1.0,1.0,0.6666666666666666,0.026410084103032472,0.8963334999862127,0.8967486000037752,0.0011707000085152686,0.0014384000096470118,0.0003053999971598387,0.00025370001094415784,765.6389283903576,623.4347844754536
14,primary_512s_50iter,3,1.0,1.0,1.0,0.0,0.9582716000149958,0.9586605000076815,0.0011707000085152686,0.0014384000096470118,0.0003053999971598387,0.00025370001094415784,818.5458213418111,666.4769838557913
15,efficient_128s_10iter,3,1.0,1.0,1.0,0.0,0.40883760002907366,0.40921850001905113,0.0012120000319555402,0.001444399997126311,0.00029230001382529736,0.000256399973295629,337.32474360534593,283.3138333101682
15,efficient_256s_20iter,3,1.0,1.0,1.0,0.0,0.9615086000412703,0.9618756999843754,0.0012120000319555402,0.001444399997126311,0.00029230001382529736,0.000256399973295629,793.3239065100464,665.9344377582829
15,primary_512s_50iter,3,1.0,1.0,1.0,0.0,1.5042226000223309,1.504624099994544,0.0012120000319555402,0.001444399997126311,0.00029230001382529736,0.000256399973295629,1241.107723071009,1041.6948926807331
16,efficient_128s_10iter,3,1.0,1.0,1.0,0.0,0.4768478000187315,0.4772602000157349,0.001171700016129762,0.0014144000015221536,0.00028979999478906393,0.0002536000101827085,406.97089140086024,337.4294396932377
16,efficient_256s_20iter,3,1.0,1.0,1.0,0.0,0.890714899986051,0.8910871000261977,0.001171700016129762,0.0014144000015221536,0.00028979999478906393,0.0002536000101827085,760.1902259318628,630.0106752454926
16,primary_512s_50iter,3,1.0,1.0,1.0,0.0,1.0885222000069916,1.0888900000136346,0.001171700016129762,0.0014144000015221536,0.00028979999478906393,0.0002536000101827085,929.0109968611978,769.8600104933465
17,efficient_128s_10iter,3,1.0,1.0,1.0,0.0,0.43713879998540506,0.4375137999886647,0.0011582000297494233,0.0013590999878942966,0.0002856000210158527,0.0002525000018067658,377.42944979890916,321.914357946924
17,efficient_256s_20iter,3,1.0,1.0,1.0,0.0,0.9584020999609493,0.958814799960237,0.0011582000297494233,0.0013590999878942966,0.0002856000210158527,0.0002525000018067658,827.4927260779813,705.4777488783322
17,primary_512s_50iter,3,1.0,1.0,1.0,0.0,1.2338833999820054,1.2342732999823056,0.0011582000297494233,0.0013590999878942966,0.0002856000210158527,0.0002525000018067658,1065.3456814786616,908.1548899831943
18,efficient_128s_10iter,3,1.0,1.0,1.0,0.0,0.4538318000268191,0.45419980003498495,0.0011769000557251275,0.0013789000222459435,0.00029039999935775995,0.00025350000942125916,385.6162618219932,329.39284408392945
18,efficient_256s_20iter,3,1.0,1.0,1.0,0.0,0.8844445000286214,0.884816600009799,0.0011769000557251275,0.0013789000222459435,0.00029039999935775995,0.00025350000942125916,751.5034906542558,641.6829253281288
18,primary_512s_50iter,3,1.0,1.0,1.0,0.0,1.2666207000147551,1.2669904000358656,0.0011769000557251275,0.0013789000222459435,0.00029039999935775995,0.00025350000942125916,1076.23471836302,918.8413805173487
19,efficient_128s_10iter,3,1.0,1.0,1.0,0.0,0.4980162999709137,0.4983709999942221,0.0011528999893926084,0.0013516999897547066,0.0002862000255845487,0.00025340000865980983,431.9683446551922,368.6994183410933
19,efficient_256s_20iter,3,1.0,1.0,1.0,0.0,0.9524335999740288,0.9528251999872737,0.0011528999893926084,0.0013516999897547066,0.0002862000255845487,0.00025340000865980983,826.1198792063543,704.9087868678487
19,primary_512s_50iter,3,1.0,1.0,1.0,0.0,1.5591403000289574,1.5595087999827228,0.0011528999893926084,0.0013516999897547066,0.0002862000255845487,0.00025340000865980983,1352.3638775036957,1153.7388561094294
