artifact,path,exists
target_metadata,E:\other\AQUA-SLA\results\aqua_sla_final_reviewer_complete\20261005_150107_final_reviewer_complete_fixed\01_future_target\future_target_metadata.json,True
target_censoring_audit,E:\other\AQUA-SLA\results\aqua_sla_final_reviewer_complete\20261005_150107_final_reviewer_complete_fixed\01_future_target\global_vs_task_lifecycle_audit.csv,True
temporal_split,E:\other\AQUA-SLA\results\aqua_sla_final_reviewer_complete\20261005_150107_final_reviewer_complete_fixed\01_future_target\temporal_split_summary.csv,True
classical_prediction,E:\other\AQUA-SLA\results\aqua_sla_final_reviewer_complete\20261005_150107_final_reviewer_complete_fixed\02_prediction_hcqkl\classical_baseline_metrics.csv,True
matched_kernels,E:\other\AQUA-SLA\results\aqua_sla_final_reviewer_complete\20261005_150107_final_reviewer_complete_fixed\02_prediction_hcqkl\matched_kernel_test_metrics.csv,True
alpha_sweep,E:\other\AQUA-SLA\results\aqua_sla_final_reviewer_complete\20261005_150107_final_reviewer_complete_fixed\02_prediction_hcqkl\hcqkl_alpha_sweep.csv,True
capacity_scheduling,E:\other\AQUA-SLA\results\aqua_sla_final_reviewer_complete\20261005_150107_final_reviewer_complete_fixed\05_capacity_scheduling\capacity_scheduling_summary.csv,True
capacity_statistics,E:\other\AQUA-SLA\results\aqua_sla_final_reviewer_complete\20261005_150107_final_reviewer_complete_fixed\07_statistics\capacity_scheduling_paired_statistics.csv,True
qaoa_primary,E:\other\AQUA-SLA\results\aqua_sla_final_reviewer_complete\20261005_150107_final_reviewer_complete_fixed\06_compact_qaoa\qaoa_compact_qubo\qaoa_solver_summary_compact.csv,True
qaoa_reliability,E:\other\AQUA-SLA\results\aqua_sla_final_reviewer_complete\20261005_150107_final_reviewer_complete_fixed\06_compact_qaoa\qaoa_compact_qubo\qaoa_reliability_summary.json,True
qaoa_ablation,E:\other\AQUA-SLA\results\aqua_sla_final_reviewer_complete\20261005_150107_final_reviewer_complete_fixed\09_ablations\qaoa_depth_shots_ablation_summary.csv,True
iQuantum_final_status,E:\other\AQUA-SLA\results\aqua_sla_final_reviewer_complete\20261005_150107_final_reviewer_complete_fixed\08_iquantum_calibrated_v4\final_iq4\final_status.json,True
quantum_circuit_composite,E:\other\AQUA-SLA\results\aqua_sla_final_reviewer_complete\20261005_150107_final_reviewer_complete_fixed\12_updated_quantum_circuit_figures\AQUA_SLA_Updated_Quantum_Circuits_Composite.png,True
quantum_circuit_manifest,E:\other\AQUA-SLA\results\aqua_sla_final_reviewer_complete\20261005_150107_final_reviewer_complete_fixed\14_quantum_circuit_artifacts\quantum_circuit_manifest.csv,True
quantum_circuit_qpy_collection,E:\other\AQUA-SLA\results\aqua_sla_final_reviewer_complete\20261005_150107_final_reviewer_complete_fixed\14_quantum_circuit_artifacts\all_quantum_circuits.qpy,True
