solver_a,solver_b,metric,pairs,mean_a,mean_b,mean_diff_a_minus_b,median_diff_a_minus_b,bootstrap95_low,bootstrap95_high,paired_cohens_dz,wilcoxon_stat,p_raw,p_holm,significant_holm_0_05
RiskGreedy,MILP,objective,60,2.0013770558824016,1.9411863547558965,0.060190701126504535,0.0,0.029383350940203928,0.09774367345147002,0.43225453411896375,0.0,2.384185791015625e-07,3.0994415283203125e-06,True
RiskGreedy,MILP,slo_miss_rate,60,0.0861111111111111,0.07569444444444444,0.010416666666666666,0.0,-0.002777777777777778,0.024999999999999998,0.18898223650461357,8.0,0.21875,0.623046875,False
RiskGreedy,MILP,mean_waiting,60,3.4463434764585243,5.492245413624397,-2.045901937165873,0.0,-3.8480564601895177,-0.5041077738982551,-0.30363980262714707,1.0,0.03125,0.1875,False
RiskGreedy,MILP,mean_completion,60,216.84419969540787,215.15323477188647,1.6909649235214042,0.0,-0.45862547618247473,3.9820592903433627,0.1902583709540142,67.0,0.16495704650878906,0.623046875,False
RiskGreedy,MILP,makespan,60,28063.85265699746,28067.45135336329,-3.5986963658324576,0.0,-11.254714774279833,5.482305138605767,-0.10718742294271627,26.0,0.15576171875,0.623046875,False
RiskGreedy,MILP,total_energy,60,1406.0017991004495,1397.3874187906044,8.61438030984507,0.0,4.544102948525735,13.352301974012972,0.4928710122579007,3.0,0.00048458077381041193,0.004845807738104119,True
RiskGreedy,MILP,total_cost,60,1421.0080547961313,1419.9945982890908,1.0134565070405983,0.0,0.5312420995384854,1.5440215553987668,0.49287101225790786,3.0,0.0004980742537665212,0.004845807738104119,True
RiskGreedy,MILP,runtime_seconds,60,0.00030425667161277183,0.010103768330494253,-0.009799511658881481,-0.010123500047484413,-0.010941723623109283,-0.008702388572516309,-2.2226197618910466,0.0,1.6295557943119345e-11,3.747978326917449e-10,True
LeastLoaded,MILP,objective,41,2.557937245270147,2.11026532273463,0.44767192253551674,0.4297556970801786,0.365515235810753,0.5320090700694242,1.6498463545068769,0.0,9.094947017729282e-13,2.1827872842550278e-11,True
LeastLoaded,MILP,slo_miss_rate,41,0.2428861788617886,0.08130081300813008,0.1615853658536585,0.16666666666666666,0.12296747967479675,0.2002032520325203,1.2848720823485986,0.0,1.794211053484223e-06,1.9736321588326453e-05,True
LeastLoaded,MILP,mean_waiting,41,0.19702962082956904,3.83725020745616,-3.6402205866265915,0.0,-6.8979249453125,-1.1697145576120132,-0.3746977933866759,0.0,0.00390625,0.02734375,True
LeastLoaded,MILP,mean_completion,41,243.0868920784099,214.9168915202288,28.170000558181105,26.53937737013746,21.851319977507913,34.54509298932287,1.3388937111037391,17.0,4.501314366077098e-07,5.401577239292518e-06,True
LeastLoaded,MILP,makespan,41,30565.484280250763,30541.828148219338,23.65613203141915,0.0,2.501772314885998,46.35849791490768,0.3234127474557701,92.0,0.09480495005970815,0.47402475029854074,False
LeastLoaded,MILP,total_energy,41,1486.5946173254836,1414.4867992832853,72.10781804219837,51.72413793103442,57.22474357333523,87.41276922514353,1.4188150996827869,0.0,1.0392072928543748e-07,1.5588109392815622e-06,True
LeastLoaded,MILP,total_cost,41,1442.328204620789,1433.844931909942,8.48327271084684,6.085192697769116,6.782283356169848,10.335517499499849,1.4188150996828017,0.0,1.1113146115988113e-07,1.5588109392815622e-06,True
LeastLoaded,MILP,runtime_seconds,60,0.0004444883369918292,0.010103768330494253,-0.009659279993502422,-0.00975639998796396,-0.010793219826300628,-0.00860948615957265,-2.2068408098566707,0.0,1.6295557943119345e-11,3.747978326917449e-10,True
RandomFeasible,MILP,objective,60,2.4978447148910337,1.9411863547558965,0.5566583601351375,0.493177433960466,0.4416371802835938,0.6775718993096531,1.186187579936147,0.0,1.1076151546135735e-10,2.3259918246885044e-09,True
RandomFeasible,MILP,slo_miss_rate,60,0.2486111111111111,0.07569444444444444,0.17291666666666666,0.16666666666666666,0.13472222222222224,0.20972222222222223,1.1626962496778055,0.0,1.2252943192654999e-08,1.9604709108247999e-07,True
RandomFeasible,MILP,mean_waiting,60,5.18082279007498,5.492245413624397,-0.31142262354941835,0.0,-2.2290782673565706,1.5824434583298492,-0.041482801160779535,63.0,0.820892333984375,0.820892333984375,False
RandomFeasible,MILP,mean_completion,60,246.91656888761443,215.15323477188647,31.763334115727904,35.37547402769161,25.90025769570128,37.730042939304326,1.3669786580815753,2.0,5.78919500451058e-10,1.0881701833694882e-08,True
RandomFeasible,MILP,makespan,60,28098.910990340115,28067.45135336329,31.459636976818235,0.0,13.473633428387926,50.503424629811256,0.42867775627772103,141.0,0.002349220995077393,0.018793767960619143,True
RandomFeasible,MILP,total_energy,60,1469.218815592204,1397.3874187906044,71.83139680159917,70.83958020989485,58.1243487631184,85.3765429785107,1.3626729077734452,2.0,5.717051586259719e-10,1.0881701833694882e-08,True
RandomFeasible,MILP,total_cost,60,1428.4453508539848,1419.9945982890908,8.4507525648939,8.334068259987589,6.826032020754216,10.027972043389934,1.3626729077734432,2.0,5.784193432270179e-10,1.0881701833694882e-08,True
RandomFeasible,MILP,runtime_seconds,60,0.001952928335716327,0.010103768330494253,-0.008150839994777925,-0.008772349974606186,-0.009494331620444428,-0.006759719327480223,-1.4792300837201453,72.0,5.440850916847441e-10,1.0881701833694882e-08,True
