index,stem,description,name,num_qubits,num_clbits,depth,size,num_parameters,parameters,operations,qpy_file,text_file,qasm2_file,qasm3_file,qasm2_error,qasm3_error
1,01_State_Preparation_to_Measurement,State preparation and measurement,StatePrep,6,6,4,24,0,[],"{'h': 6, 'ry': 6, 'rz': 6, 'measure': 6, 'barrier': 1}",E:\other\AQUA-SLA\results\aqua_sla_final_reviewer_complete\20261005_150107_final_reviewer_complete_fixed\14_quantum_circuit_artifacts\01_State_Preparation_to_Measurement.qpy,E:\other\AQUA-SLA\results\aqua_sla_final_reviewer_complete\20261005_150107_final_reviewer_complete_fixed\14_quantum_circuit_artifacts\01_State_Preparation_to_Measurement.txt,E:\other\AQUA-SLA\results\aqua_sla_final_reviewer_complete\20261005_150107_final_reviewer_complete_fixed\14_quantum_circuit_artifacts\01_State_Preparation_to_Measurement.qasm,E:\other\AQUA-SLA\results\aqua_sla_final_reviewer_complete\20261005_150107_final_reviewer_complete_fixed\14_quantum_circuit_artifacts\01_State_Preparation_to_Measurement.qasm3,,
2,02_Full_Hybrid_Feature_Map,Hybrid feature map,HybridFeatureMap,6,0,26,60,0,[],"{'p': 22, 'cx': 20, 'h': 12, 'ry': 6, 'barrier': 1}",E:\other\AQUA-SLA\results\aqua_sla_final_reviewer_complete\20261005_150107_final_reviewer_complete_fixed\14_quantum_circuit_artifacts\02_Full_Hybrid_Feature_Map.qpy,E:\other\AQUA-SLA\results\aqua_sla_final_reviewer_complete\20261005_150107_final_reviewer_complete_fixed\14_quantum_circuit_artifacts\02_Full_Hybrid_Feature_Map.txt,E:\other\AQUA-SLA\results\aqua_sla_final_reviewer_complete\20261005_150107_final_reviewer_complete_fixed\14_quantum_circuit_artifacts\02_Full_Hybrid_Feature_Map.qasm,E:\other\AQUA-SLA\results\aqua_sla_final_reviewer_complete\20261005_150107_final_reviewer_complete_fixed\14_quantum_circuit_artifacts\02_Full_Hybrid_Feature_Map.qasm3,,
3,03_Quantum_State_Evolution,Quantum state evolution,AQUA-SLA evolution,6,0,25,50,0,[],"{'cx': 15, 'h': 12, 'p': 11, 'ry': 6, 'rz': 6, 'barrier': 3}",E:\other\AQUA-SLA\results\aqua_sla_final_reviewer_complete\20261005_150107_final_reviewer_complete_fixed\14_quantum_circuit_artifacts\03_Quantum_State_Evolution.qpy,E:\other\AQUA-SLA\results\aqua_sla_final_reviewer_complete\20261005_150107_final_reviewer_complete_fixed\14_quantum_circuit_artifacts\03_Quantum_State_Evolution.txt,E:\other\AQUA-SLA\results\aqua_sla_final_reviewer_complete\20261005_150107_final_reviewer_complete_fixed\14_quantum_circuit_artifacts\03_Quantum_State_Evolution.qasm,E:\other\AQUA-SLA\results\aqua_sla_final_reviewer_complete\20261005_150107_final_reviewer_complete_fixed\14_quantum_circuit_artifacts\03_Quantum_State_Evolution.qasm3,,
4,04_Hardware_Efficient_Variational_Ansatz,Hardware-efficient variational ansatz,HEA,6,0,16,36,24,"['θ[0]', 'θ[10]', 'θ[11]', 'θ[12]', 'θ[13]', 'θ[14]', 'θ[15]', 'θ[16]', 'θ[17]', 'θ[18]', 'θ[19]', 'θ[1]', 'θ[20]', 'θ[21]', 'θ[22]', 'θ[23]', 'θ[2]', 'θ[3]', 'θ[4]', 'θ[5]', 'θ[6]', 'θ[7]', 'θ[8]', 'θ[9]']","{'ry': 12, 'rz': 12, 'cx': 12, 'barrier': 1}",E:\other\AQUA-SLA\results\aqua_sla_final_reviewer_complete\20261005_150107_final_reviewer_complete_fixed\14_quantum_circuit_artifacts\04_Hardware_Efficient_Variational_Ansatz.qpy,E:\other\AQUA-SLA\results\aqua_sla_final_reviewer_complete\20261005_150107_final_reviewer_complete_fixed\14_quantum_circuit_artifacts\04_Hardware_Efficient_Variational_Ansatz.txt,,E:\other\AQUA-SLA\results\aqua_sla_final_reviewer_complete\20261005_150107_final_reviewer_complete_fixed\14_quantum_circuit_artifacts\04_Hardware_Efficient_Variational_Ansatz.qasm3,,
5,05_Fidelity_Quantum_Kernel_Circuit,Fidelity quantum-kernel circuit,FidelityKernel,6,6,51,114,0,[],"{'p': 44, 'cx': 40, 'h': 24, 'measure': 6, 'barrier': 2}",E:\other\AQUA-SLA\results\aqua_sla_final_reviewer_complete\20261005_150107_final_reviewer_complete_fixed\14_quantum_circuit_artifacts\05_Fidelity_Quantum_Kernel_Circuit.qpy,E:\other\AQUA-SLA\results\aqua_sla_final_reviewer_complete\20261005_150107_final_reviewer_complete_fixed\14_quantum_circuit_artifacts\05_Fidelity_Quantum_Kernel_Circuit.txt,E:\other\AQUA-SLA\results\aqua_sla_final_reviewer_complete\20261005_150107_final_reviewer_complete_fixed\14_quantum_circuit_artifacts\05_Fidelity_Quantum_Kernel_Circuit.qasm,E:\other\AQUA-SLA\results\aqua_sla_final_reviewer_complete\20261005_150107_final_reviewer_complete_fixed\14_quantum_circuit_artifacts\05_Fidelity_Quantum_Kernel_Circuit.qasm3,,
6,06_SWAP_Test_Quantum_Kernel,SWAP-test quantum-kernel circuit,SWAPTest,13,1,25,63,0,[],"{'p': 22, 'cx': 20, 'h': 14, 'cswap': 6, 'barrier': 1, 'measure': 1}",E:\other\AQUA-SLA\results\aqua_sla_final_reviewer_complete\20261005_150107_final_reviewer_complete_fixed\14_quantum_circuit_artifacts\06_SWAP_Test_Quantum_Kernel.qpy,E:\other\AQUA-SLA\results\aqua_sla_final_reviewer_complete\20261005_150107_final_reviewer_complete_fixed\14_quantum_circuit_artifacts\06_SWAP_Test_Quantum_Kernel.txt,E:\other\AQUA-SLA\results\aqua_sla_final_reviewer_complete\20261005_150107_final_reviewer_complete_fixed\14_quantum_circuit_artifacts\06_SWAP_Test_Quantum_Kernel.qasm,E:\other\AQUA-SLA\results\aqua_sla_final_reviewer_complete\20261005_150107_final_reviewer_complete_fixed\14_quantum_circuit_artifacts\06_SWAP_Test_Quantum_Kernel.qasm3,,
7,07_Compact_QUBO_QAOA_Cost_Hamiltonian_Layer,Compact-QUBO QAOA cost Hamiltonian layer,Cost,4,0,5,16,1,['γ'],"{'rz': 12, 'rzz': 4}",E:\other\AQUA-SLA\results\aqua_sla_final_reviewer_complete\20261005_150107_final_reviewer_complete_fixed\14_quantum_circuit_artifacts\07_Compact_QUBO_QAOA_Cost_Hamiltonian_Layer.qpy,E:\other\AQUA-SLA\results\aqua_sla_final_reviewer_complete\20261005_150107_final_reviewer_complete_fixed\14_quantum_circuit_artifacts\07_Compact_QUBO_QAOA_Cost_Hamiltonian_Layer.txt,,E:\other\AQUA-SLA\results\aqua_sla_final_reviewer_complete\20261005_150107_final_reviewer_complete_fixed\14_quantum_circuit_artifacts\07_Compact_QUBO_QAOA_Cost_Hamiltonian_Layer.qasm3,,
8,08_QAOA_Mixer_Layer,QAOA mixer layer,Mixer,4,0,1,4,1,['β'],{'rx': 4},E:\other\AQUA-SLA\results\aqua_sla_final_reviewer_complete\20261005_150107_final_reviewer_complete_fixed\14_quantum_circuit_artifacts\08_QAOA_Mixer_Layer.qpy,E:\other\AQUA-SLA\results\aqua_sla_final_reviewer_complete\20261005_150107_final_reviewer_complete_fixed\14_quantum_circuit_artifacts\08_QAOA_Mixer_Layer.txt,,E:\other\AQUA-SLA\results\aqua_sla_final_reviewer_complete\20261005_150107_final_reviewer_complete_fixed\14_quantum_circuit_artifacts\08_QAOA_Mixer_Layer.qasm3,,
9,09_Full_QAOA_Circuit_p_1,"Full compact-QUBO QAOA circuit, p=1",QAOA_p1,4,4,8,28,2,"['β[0]', 'γ[0]']","{'rz': 12, 'h': 4, 'rzz': 4, 'rx': 4, 'measure': 4, 'barrier': 2}",E:\other\AQUA-SLA\results\aqua_sla_final_reviewer_complete\20261005_150107_final_reviewer_complete_fixed\14_quantum_circuit_artifacts\09_Full_QAOA_Circuit_p_1.qpy,E:\other\AQUA-SLA\results\aqua_sla_final_reviewer_complete\20261005_150107_final_reviewer_complete_fixed\14_quantum_circuit_artifacts\09_Full_QAOA_Circuit_p_1.txt,,E:\other\AQUA-SLA\results\aqua_sla_final_reviewer_complete\20261005_150107_final_reviewer_complete_fixed\14_quantum_circuit_artifacts\09_Full_QAOA_Circuit_p_1.qasm3,,
10,10_Full_QAOA_Circuit_p_2,"Full compact-QUBO QAOA circuit, p=2",QAOA_p2,4,4,14,48,4,"['β[0]', 'β[1]', 'γ[0]', 'γ[1]']","{'rz': 24, 'rzz': 8, 'rx': 8, 'h': 4, 'measure': 4, 'barrier': 3}",E:\other\AQUA-SLA\results\aqua_sla_final_reviewer_complete\20261005_150107_final_reviewer_complete_fixed\14_quantum_circuit_artifacts\10_Full_QAOA_Circuit_p_2.qpy,E:\other\AQUA-SLA\results\aqua_sla_final_reviewer_complete\20261005_150107_final_reviewer_complete_fixed\14_quantum_circuit_artifacts\10_Full_QAOA_Circuit_p_2.txt,,E:\other\AQUA-SLA\results\aqua_sla_final_reviewer_complete\20261005_150107_final_reviewer_complete_fixed\14_quantum_circuit_artifacts\10_Full_QAOA_Circuit_p_2.qasm3,,
11,11_Full_QAOA_Circuit_p_3,"Full compact-QUBO QAOA circuit, p=3",QAOA_p3,4,4,20,68,6,"['β[0]', 'β[1]', 'β[2]', 'γ[0]', 'γ[1]', 'γ[2]']","{'rz': 36, 'rzz': 12, 'rx': 12, 'h': 4, 'barrier': 4, 'measure': 4}",E:\other\AQUA-SLA\results\aqua_sla_final_reviewer_complete\20261005_150107_final_reviewer_complete_fixed\14_quantum_circuit_artifacts\11_Full_QAOA_Circuit_p_3.qpy,E:\other\AQUA-SLA\results\aqua_sla_final_reviewer_complete\20261005_150107_final_reviewer_complete_fixed\14_quantum_circuit_artifacts\11_Full_QAOA_Circuit_p_3.txt,,E:\other\AQUA-SLA\results\aqua_sla_final_reviewer_complete\20261005_150107_final_reviewer_complete_fixed\14_quantum_circuit_artifacts\11_Full_QAOA_Circuit_p_3.qasm3,,
