block,reps,shots,success,timed_out,raw_feasible,objective_gap,wall_seconds,worker_exit_code,cost_matrix_row_distance,selection_pairwise_distance,error
0,1,128,True,False,True,0.0,4.555089399975259,0,1.186393043720323,2.7068728255732966,
0,1,256,True,False,True,0.0,5.036749899969436,0,1.186393043720323,2.7068728255732966,
0,1,512,True,False,True,0.0,4.943419800023548,0,1.186393043720323,2.7068728255732966,
0,2,128,True,False,True,0.0,5.716009899973869,0,1.186393043720323,2.7068728255732966,
0,2,256,True,False,True,0.0,6.031558400020003,0,1.186393043720323,2.7068728255732966,
0,2,512,True,False,True,0.0,5.930493400024716,0,1.186393043720323,2.7068728255732966,
1,1,128,True,False,True,0.0,5.08835919998819,0,0.3606955065594357,2.437490107608923,
1,1,256,True,False,True,0.0,5.10048680001637,0,0.3606955065594357,2.437490107608923,
1,1,512,True,False,True,0.0,4.56591100001242,0,0.3606955065594357,2.437490107608923,
1,2,128,True,False,True,0.0,6.007512999989558,0,0.3606955065594357,2.437490107608923,
1,2,256,True,False,True,0.0,6.049158299982082,0,0.3606955065594357,2.437490107608923,
1,2,512,True,False,True,0.0,5.1298482999554835,0,0.3606955065594357,2.437490107608923,
2,1,128,True,False,True,0.0,4.83878759999061,0,0.28180423137953536,2.468317765724785,
2,1,256,True,False,True,0.0,4.874920300033409,0,0.28180423137953536,2.468317765724785,
2,1,512,True,False,True,0.0,5.069983199995477,0,0.28180423137953536,2.468317765724785,
2,2,128,True,False,True,0.0,5.927135000005364,0,0.28180423137953536,2.468317765724785,
2,2,256,True,False,True,0.0,5.755202999978792,0,0.28180423137953536,2.468317765724785,
2,2,512,True,False,True,0.0,6.016251299995929,0,0.28180423137953536,2.468317765724785,
3,1,128,True,False,True,0.0,4.3886815999867395,0,0.2974651571519793,2.468317765724785,
3,1,256,True,False,True,0.0,4.749328000005335,0,0.2974651571519793,2.468317765724785,
3,1,512,True,False,True,0.0,4.981666800042149,0,0.2974651571519793,2.468317765724785,
3,2,128,True,False,True,0.0,6.363285300030839,0,0.2974651571519793,2.468317765724785,
3,2,256,True,False,True,0.0,6.1989916999591514,0,0.2974651571519793,2.468317765724785,
3,2,512,True,False,True,0.0,5.914687899989076,0,0.2974651571519793,2.468317765724785,
4,1,128,True,False,True,0.0,4.789084899995942,0,0.09103630324217195,2.4683177657247843,
4,1,256,True,False,True,0.0,5.002672899980098,0,0.09103630324217195,2.4683177657247843,
4,1,512,True,False,True,0.0,5.020041999989189,0,0.09103630324217195,2.4683177657247843,
4,2,128,True,False,True,0.0,6.002953199960757,0,0.09103630324217195,2.4683177657247843,
4,2,256,True,False,True,0.0,6.0208328000153415,0,0.09103630324217195,2.4683177657247843,
4,2,512,True,False,True,0.0,6.234478200029116,0,0.09103630324217195,2.4683177657247843,
