batch_size,block,instance_id,solver,completed,feasible,runtime_seconds,objective,milp_objective,objective_gap,relative_objective_gap,assignment,slo_miss_rate,mean_waiting,mean_completion,makespan,total_energy,total_cost
4,0,bs4_block00,MILP,True,True,0.005233999982010573,0.6263299689435847,0.6263299689435847,0.0,0.0,"[2, 2, 1, 2]",0.0,0.0,220.38980509745136,27149.14578872415,1012.2188905547227,1036.7316341829087
4,0,bs4_block00,RiskGreedy,True,True,0.00022760004503652453,0.6263299689435847,0.6263299689435847,0.0,0.0,"[2, 2, 1, 2]",0.0,0.0,220.38980509745136,27149.14578872415,1012.2188905547227,1036.7316341829087
4,0,bs4_block00,LeastLoaded,True,True,0.0004819000023417175,1.141505898701947,0.6263299689435847,0.5151759297583623,0.8225311821296,"[2, 1, 0, 2]",0.25,0.0,256.90096128406356,27149.14578872415,1063.9430284857572,1042.8168268806776
4,0,bs4_block00,RandomFeasible,True,True,0.0004194999928586185,1.0711148233793746,0.6263299689435847,0.44478485443578986,0.7101446146445738,"[1, 2, 0, 2]",0.25,0.0,256.90096128406356,27149.14578872415,1063.9430284857572,1042.8168268806776
4,1,bs4_block01,MILP,True,True,0.010769400047138333,0.6654709922617803,0.6654709922617803,0.0,0.0,"[2, 2, 2, 1]",0.0,0.0,220.3898050974513,26884.221857217475,1012.2188905547225,1036.7316341829087
4,1,bs4_block01,RiskGreedy,True,True,0.00023980002151802182,0.6654709922617803,0.6654709922617803,0.0,0.0,"[2, 2, 2, 1]",0.0,0.0,220.3898050974513,26884.221857217475,1012.2188905547225,1036.7316341829087
4,1,bs4_block01,LeastLoaded,False,False,0.0004144000122323632,,0.6654709922617803,,,,,,,,,
4,1,bs4_block01,RandomFeasible,True,True,0.00022599997464567423,1.9633997805435432,0.6654709922617803,1.297928788281763,1.950391231735596,"[0, 0, 1, 2]",0.5,0.0,293.4121174706763,26830.24884372422,1115.6671664167916,1048.902019578446
4,2,bs4_block02,MILP,True,True,0.011156700027640909,0.7132229326228855,0.7132229326228855,0.0,0.0,"[2, 1, 2, 2]",0.0,0.0,220.38980509745113,11167.114161724305,1012.2188905547227,1036.7316341829087
4,2,bs4_block02,RiskGreedy,True,True,0.0003321000258438289,0.7132229326228855,0.7132229326228855,0.0,0.0,"[2, 1, 2, 2]",0.0,0.0,220.38980509745113,11167.114161724305,1012.2188905547227,1036.7316341829087
4,2,bs4_block02,LeastLoaded,True,True,0.0004039999912492931,1.4031371106255213,0.7132229326228855,0.6899141780026358,0.9673191178324405,"[2, 1, 0, 2]",0.25,0.0,256.9009612840638,11167.114161724305,1063.9430284857572,1042.8168268806776
4,2,bs4_block02,RandomFeasible,True,True,0.0004073000163771212,1.686055027239375,0.7132229326228855,0.9728320946164896,1.3639944120120877,"[1, 0, 2, 1]",0.25,0.0,270.3942146573773,11221.087175217559,1083.0584707646176,1045.0657024428963
4,3,bs4_block03,MILP,True,True,0.003346599987708032,0.7368336972786804,0.7368336972786804,0.0,0.0,"[2, 1, 2, 2]",0.0,0.0,169.0104947526237,2073.4696697241966,765.5982008995502,779.8350824587707
4,3,bs4_block03,RiskGreedy,True,True,0.00022639997769147158,0.7368336972786804,0.7368336972786804,0.0,0.0,"[2, 1, 2, 2]",0.0,0.0,169.0104947526237,2073.4696697241966,765.5982008995502,779.8350824587707
4,3,bs4_block03,LeastLoaded,True,True,0.0004070999566465616,1.4499617280410342,0.7368336972786804,0.7131280307623538,0.9678276569002233,"[2, 1, 0, 2]",0.25,0.0,205.5216509392363,2073.4696697241966,817.3223388305846,785.9202751565393
4,3,bs4_block03,RandomFeasible,True,True,0.0007939999923110008,1.859427291667563,0.7368336972786804,1.1225935943888825,1.5235372629331616,"[0, 1, 2, 0]",0.25,0.0,205.76505864714701,2219.5142944706467,817.6671664167916,785.960843107858
4,4,bs4_block04,MILP,True,True,0.0028714999789372087,0.7233516811956455,0.7233516811956455,0.0,0.0,"[2, 2, 2, 1]",0.0,0.0,210.56221889055485,9536.928266217335,965.0464767616193,987.5937031484259
4,4,bs4_block04,RiskGreedy,True,True,0.0002713000285439193,0.7233516811956455,0.7233516811956455,0.0,0.0,"[2, 2, 2, 1]",0.0,0.0,210.56221889055485,9536.928266217335,965.0464767616193,987.5937031484259
4,4,bs4_block04,LeastLoaded,False,False,0.0003586999955587089,,0.7233516811956455,,,,,,,,,
4,4,bs4_block04,RandomFeasible,True,True,0.00021330005256459117,1.3292457426232342,0.7233516811956455,0.6058940614275887,0.8376203127448211,"[2, 2, 0, 1]",0.0,0.0,240.13625540171108,9536.928266217335,1006.9430284857572,992.5227092336186
4,5,bs4_block05,MILP,True,True,0.011825499997939914,1.353132395947958,1.353132395947958,0.0,0.0,"[1, 0, 2, 2]",0.25,21.94402043098495,278.8449817150488,1538.5255204482678,1063.9430284857572,1042.8168268806774
4,5,bs4_block05,RiskGreedy,True,True,0.0002571999793872237,1.3816350002309343,1.353132395947958,0.02850260428297635,0.02106416516841163,"[2, 0, 2, 1]",0.25,0.0,256.90096128406384,1504.7224522175813,1063.9430284857572,1042.8168268806774
4,5,bs4_block05,LeastLoaded,False,False,0.0008864999981597066,,1.353132395947958,,,,,,,,,
4,5,bs4_block05,RandomFeasible,True,True,0.0010290999780409038,1.353132395947958,1.353132395947958,0.0,0.0,"[1, 0, 2, 2]",0.25,21.94402043098495,278.8449817150488,1538.5255204482678,1063.9430284857572,1042.8168268806774
4,6,bs4_block06,MILP,True,True,0.007317699957638979,1.1495835957847875,1.1495835957847875,0.0,0.0,"[2, 0, 1, 2]",0.25,0.0,256.90096128406384,6171.118792724177,1063.9430284857572,1042.8168268806771
4,6,bs4_block06,RiskGreedy,True,True,0.00022139999782666564,1.1715735895286925,1.1495835957847875,0.02198999374390498,0.019128659998747674,"[2, 1, 0, 2]",0.25,0.0,256.90096128406384,6171.118792724177,1063.9430284857572,1042.8168268806776
4,6,bs4_block06,LeastLoaded,True,True,0.0003480000304989517,1.1715735895286925,1.1495835957847875,0.02198999374390498,0.019128659998747674,"[2, 1, 0, 2]",0.25,0.0,256.90096128406384,6171.118792724177,1063.9430284857572,1042.8168268806776
4,6,bs4_block06,RandomFeasible,True,True,0.00038899999344721437,1.4254564254598407,1.1495835957847875,0.2758728296750532,0.2399763102801783,"[1, 0, 2, 1]",0.25,0.0,270.3942146573772,6225.0918062174305,1083.0584707646176,1045.0657024428963
4,7,bs4_block07,MILP,True,True,0.010582200018689036,0.75519084511461,0.75519084511461,0.0,0.0,"[1, 2, 2, 2]",0.0,0.0,220.38980509745113,21374.700464724177,1012.2188905547227,1036.7316341829087
4,7,bs4_block07,RiskGreedy,True,True,0.00024119997397065163,0.75519084511461,0.75519084511461,0.0,0.0,"[1, 2, 2, 2]",0.0,0.0,220.38980509745113,21374.700464724177,1012.2188905547227,1036.7316341829087
4,7,bs4_block07,LeastLoaded,True,True,0.00035800004843622446,2.033708392126523,0.75519084511461,1.278517547011913,1.6929727833470776,"[2, 1, 0, 0]",0.5,0.0,293.412117470676,21520.745089470627,1115.6671664167916,1048.9020195784462
4,7,bs4_block07,RandomFeasible,True,True,0.0009695000480860472,2.017807434412499,0.75519084511461,1.2626165892978891,1.6719172345187403,"[1, 2, 0, 0]",0.5,0.0,293.412117470676,21520.745089470627,1115.6671664167916,1048.9020195784462
4,8,bs4_block08,MILP,True,True,0.0028510999982245266,0.6369282506031493,0.6369282506031493,0.0,0.0,"[2, 2, 2, 1]",0.0,0.0,220.38980509745147,23050.751955217318,1012.2188905547225,1036.7316341829087
4,8,bs4_block08,RiskGreedy,True,True,0.00021620001643896103,0.6369282506031493,0.6369282506031493,0.0,0.0,"[2, 2, 2, 1]",0.0,0.0,220.38980509745147,23050.751955217318,1012.2188905547225,1036.7316341829087
4,8,bs4_block08,LeastLoaded,False,False,0.00034199998481199145,,0.6369282506031493,,,,,,,,,
4,8,bs4_block08,RandomFeasible,True,True,0.0003842000151053071,1.1760628469650194,0.6369282506031493,0.5391345963618701,0.846460485700435,"[2, 1, 2, 0]",0.25,0.0,256.90096128406367,23142.823566470513,1063.9430284857572,1042.8168268806774
4,9,bs4_block09,MILP,True,True,0.005839599994942546,0.7819655274451738,0.7819655274451738,0.0,0.0,"[2, 2, 2, 1]",0.0,0.0,220.38980509745147,18118.791289217406,1012.2188905547225,1036.7316341829087
4,9,bs4_block09,RiskGreedy,True,True,0.00027730001602321863,0.9770250212813161,0.7819655274451738,0.1950594938361423,0.24944768917555457,"[1, 2, 1, 2]",0.0,0.0,233.88305847076458,18064.818275724152,1031.3343328335832,1038.9805097451276
4,9,bs4_block09,LeastLoaded,False,False,0.00035420001950114965,,0.7819655274451738,,,,,,,,,
4,9,bs4_block09,RandomFeasible,True,True,0.0005490999901667237,0.7819655274451738,0.7819655274451738,0.0,0.0,"[2, 2, 2, 1]",0.0,0.0,220.38980509745147,18118.791289217406,1012.2188905547225,1036.7316341829087
4,10,bs4_block10,MILP,True,True,0.010627300012856722,1.6482839067072361,1.6482839067072361,0.0,0.0,"[1, 2, 0, 2]",0.0,0.0,149.3248963753411,22603.29266520665,662.4602698650674,669.0541493958904
4,10,bs4_block10,RiskGreedy,True,True,0.00022009998792782426,1.6482839067072361,1.6482839067072361,0.0,0.0,"[1, 2, 0, 2]",0.0,0.0,149.3248963753411,22603.29266520665,662.4602698650674,669.0541493958904
4,10,bs4_block10,LeastLoaded,True,True,0.0003564999788068235,1.7651215695927767,1.6482839067072361,0.11683766288554054,0.07088442859273329,"[2, 1, 0, 1]",0.0,0.0,156.16147808448733,22630.638992043234,672.1454272863568,670.1935796807479
4,10,bs4_block10,RandomFeasible,True,True,0.00020940002286806703,1.6482839067072361,1.6482839067072361,0.0,0.0,"[1, 2, 0, 2]",0.0,0.0,149.3248963753411,22603.29266520665,662.4602698650674,669.0541493958904
4,11,bs4_block11,MILP,True,True,0.0023893999750725925,0.7038098446095309,0.7038098446095309,0.0,0.0,"[2, 2, 1, 2]",0.0,0.0,220.3898050974513,51835.83053572391,1012.2188905547227,1036.7316341829087
4,11,bs4_block11,RiskGreedy,True,True,0.00022990000434219837,0.7038098446095309,0.7038098446095309,0.0,0.0,"[2, 2, 1, 2]",0.0,0.0,220.3898050974513,51835.83053572391,1012.2188905547227,1036.7316341829087
4,11,bs4_block11,LeastLoaded,True,True,0.000345699954777956,1.2087231435715062,0.7038098446095309,0.5049132989619753,0.7174001654411327,"[2, 1, 0, 2]",0.25,0.0,256.9009612840637,51835.83053572391,1063.9430284857572,1042.8168268806776
4,11,bs4_block11,RandomFeasible,True,True,0.0007810000097379088,1.2087231435715062,0.7038098446095309,0.5049132989619753,0.7174001654411327,"[2, 1, 0, 2]",0.25,0.0,256.9009612840637,51835.83053572391,1063.9430284857572,1042.8168268806776
4,12,bs4_block12,MILP,True,True,0.009244599961675704,1.8724104150926677,1.8724104150926677,0.0,0.0,"[0, 1, 2, 2]",0.25,0.0,256.9009612840639,61005.61973172388,1063.9430284857572,1042.8168268806774
4,12,bs4_block12,RiskGreedy,True,True,0.00021600001491606236,1.8724104150926677,1.8724104150926677,0.0,0.0,"[0, 1, 2, 2]",0.25,0.0,256.9009612840639,61005.61973172388,1063.9430284857572,1042.8168268806774
4,12,bs4_block12,LeastLoaded,True,True,0.00034909998066723347,1.9911609150916698,1.8724104150926677,0.11875049999900211,0.06342119176533474,"[2, 1, 0, 0]",0.5,0.0,293.41211747067615,61151.664356470326,1115.6671664167916,1048.9020195784462
4,12,bs4_block12,RandomFeasible,True,True,0.001325499964877963,1.9336844066245051,1.8724104150926677,0.061273991531837435,0.03272465856733921,"[2, 0, 1, 1]",0.25,0.0,270.3942146573773,61059.59274521713,1083.0584707646176,1045.065702442896
4,13,bs4_block13,MILP,True,True,0.011923099984414876,1.4316611840614535,1.4316611840614535,0.0,0.0,"[1, 2, 0, 2]",0.25,0.0,256.9009612840635,30657.686741724225,1063.9430284857572,1042.8168268806776
4,13,bs4_block13,RiskGreedy,True,True,0.0002742999931797385,1.4316611840614535,1.4316611840614535,0.0,0.0,"[1, 2, 0, 2]",0.25,0.0,256.9009612840635,30657.686741724225,1063.9430284857572,1042.8168268806776
4,13,bs4_block13,LeastLoaded,True,True,0.0003524000057950616,1.4524231375003587,1.4316611840614535,0.02076195343890519,0.014502002058899148,"[2, 1, 0, 2]",0.25,0.0,256.9009612840635,30657.686741724225,1063.9430284857572,1042.8168268806776
4,13,bs4_block13,RandomFeasible,True,True,0.0005528999608941376,1.9930283158350344,1.4316611840614535,0.5613671317735809,0.39210892774297945,"[1, 2, 0, 0]",0.5,0.0,293.4121174706759,30803.731366470674,1115.6671664167916,1048.9020195784462
4,14,bs4_block14,MILP,True,True,0.01068669999949634,1.1084881219423228,1.1084881219423228,0.0,0.0,"[2, 0, 1, 2]",0.25,0.0,201.38371990475358,13503.46508558642,797.4602698650674,765.2306199841255
4,14,bs4_block14,RiskGreedy,True,True,0.00022550002904608846,1.1418701857274445,1.1084881219423228,0.03338206378512165,0.030114949474270142,"[2, 2, 1, 0]",0.25,0.0,198.46282740982443,13637.826140353154,793.3223388305847,764.7438045683041
4,14,bs4_block14,LeastLoaded,True,True,0.0003464000183157623,1.137489438314712,1.1084881219423228,0.02900131637238923,0.026162947349920484,"[2, 1, 0, 2]",0.25,0.0,201.38371990475312,13503.46508558642,797.4602698650674,765.2306199841255
4,14,bs4_block14,RandomFeasible,True,True,0.0008576000109314919,1.1084881219423228,1.1084881219423228,0.0,0.0,"[2, 0, 1, 2]",0.25,0.0,201.38371990475358,13503.46508558642,797.4602698650674,765.2306199841255
4,15,bs4_block15,MILP,True,True,0.011434099986217916,1.1232003066468417,1.1232003066468417,0.0,0.0,"[2, 1, 2, 0]",0.25,0.0,205.52165093923614,19062.643802470746,817.3223388305846,785.9202751565394
4,15,bs4_block15,RiskGreedy,True,True,0.0002631000243127346,1.1324893497677144,1.1232003066468417,0.009289043120872753,0.008270157215861077,"[2, 2, 1, 0]",0.25,0.0,205.52165093923614,19062.643802470746,817.3223388305847,785.9202751565394
4,15,bs4_block15,LeastLoaded,True,True,0.0003561999765224755,1.1691204361180088,1.1232003066468417,0.04592012947116708,0.04088329499148308,"[2, 1, 0, 2]",0.25,0.0,205.52165093923614,18916.599177724296,817.3223388305846,785.9202751565393
4,15,bs4_block15,RandomFeasible,True,True,0.0004884999943897128,1.783131410424481,1.1232003066468417,0.6599311037776394,0.587545337970724,"[0, 0, 2, 1]",0.25,0.0,205.7650586471469,18970.57219121755,817.6671664167916,785.9608431078577
4,16,bs4_block16,MILP,True,True,0.01132829999551177,1.1064311301998295,1.1064311301998295,0.0,0.0,"[0, 2, 1, 2]",0.25,0.0,256.9009612840639,20648.83261072411,1063.9430284857572,1042.8168268806771
4,16,bs4_block16,RiskGreedy,True,True,0.0002136999974027276,1.1064311301998295,1.1064311301998295,0.0,0.0,"[0, 2, 1, 2]",0.25,0.0,256.9009612840639,20648.83261072411,1063.9430284857572,1042.8168268806771
4,16,bs4_block16,LeastLoaded,True,True,0.0003429999924264848,1.3596269499213962,1.1064311301998295,0.2531958197215667,0.22884010835436064,"[2, 1, 0, 1]",0.25,0.0,270.39421465737706,20702.805624217362,1083.0584707646176,1045.0657024428963
4,16,bs4_block16,RandomFeasible,True,True,0.0007947999984025955,1.247650186059549,1.1064311301998295,0.1412190558597195,0.12763474562959407,"[1, 0, 2, 2]",0.25,0.0,256.9009612840635,20648.83261072411,1063.9430284857572,1042.8168268806774
4,17,bs4_block17,MILP,True,True,0.0025811000377871096,0.6937590817394721,0.6937590817394721,0.0,0.0,"[2, 1, 2, 2]",0.0,0.0,210.21739130434787,44041.23996572391,963.3913043478262,985.8695652173914
4,17,bs4_block17,RiskGreedy,True,True,0.0002133999951183796,0.6937590817394721,0.6937590817394721,0.0,0.0,"[2, 1, 2, 2]",0.0,0.0,210.21739130434787,44041.23996572391,963.3913043478262,985.8695652173914
4,17,bs4_block17,LeastLoaded,True,True,0.0003462000167928636,1.275315769407549,0.6937590817394721,0.5815566876680769,0.838268936544847,"[2, 1, 0, 2]",0.25,0.0,246.7285474909603,44041.23996572391,1015.1154422788607,991.95475791516
4,17,bs4_block17,RandomFeasible,True,True,0.00037649995647370815,1.1387055268702537,0.6937590817394721,0.44494644513078163,0.6413558493752053,"[2, 1, 2, 0]",0.25,0.0,246.7285474909603,44187.28459047036,1015.1154422788607,991.9547579151601
4,18,bs4_block18,MILP,True,True,0.010921800043433905,1.3187151020554189,1.3187151020554189,0.0,0.0,"[0, 2, 2, 1]",0.25,0.0,256.9009612840639,33293.48928721725,1063.9430284857572,1042.8168268806774
4,18,bs4_block18,RiskGreedy,True,True,0.00021460000425577164,1.3187151020554189,1.3187151020554189,0.0,0.0,"[0, 2, 2, 1]",0.25,0.0,256.9009612840639,33293.48928721725,1063.9430284857572,1042.8168268806774
4,18,bs4_block18,LeastLoaded,True,True,0.00035740004386752844,1.6729729955276667,1.3187151020554189,0.3542578934722478,0.2686386869461666,"[2, 1, 0, 1]",0.25,0.0,270.3942146573773,33293.48928721725,1083.0584707646176,1045.0657024428963
4,18,bs4_block18,RandomFeasible,True,True,0.0009273000177927315,1.3348916201584988,1.3187151020554189,0.016176518103079962,0.012266878628952068,"[0, 2, 1, 2]",0.25,0.0,256.9009612840639,33239.516273723995,1063.9430284857572,1042.8168268806771
4,19,bs4_block19,MILP,True,True,0.0031925999792292714,2.2002252293967928,2.2002252293967928,0.0,0.0,"[0, 2, 2, 1]",0.25,0.0,256.9009612840639,27261.174787217387,1063.9430284857572,1042.8168268806774
4,19,bs4_block19,RiskGreedy,True,True,0.0002161000156775117,2.218297925026518,2.2002252293967928,0.018072695629725022,0.008214020723087417,"[0, 1, 1, 2]",0.25,0.0,270.39421465737723,27207.201773724133,1083.0584707646176,1045.065702442896
4,19,bs4_block19,LeastLoaded,False,False,0.0003926000208593905,,2.2002252293967928,,,,,,,,,
4,19,bs4_block19,RandomFeasible,True,True,0.009953200002200902,2.28478473656699,2.2002252293967928,0.08455950717019745,0.038432205049016746,"[2, 0, 2, 1]",0.25,0.0,256.90096128406395,27261.174787217387,1063.9430284857572,1042.8168268806774
6,0,bs6_block00,MILP,True,True,0.0024877999676391482,2.2535501881299065,2.2535501881299065,0.0,0.0,"[2, 2, 2, 2, 2, 1]",0.0,0.0,215.8920539730136,29726.282181217204,1508.7706146926537,1553.9730134932536
6,0,bs6_block00,RiskGreedy,True,True,0.00022900005569681525,2.2989699098347187,2.2535501881299065,0.04541972170481223,0.02015474159131263,"[1, 2, 2, 2, 1, 2]",0.0,0.0,224.88755622188913,29672.30916772395,1527.8860569715143,1556.2218890554723
6,0,bs6_block00,LeastLoaded,False,False,0.0003738999948836863,,2.2535501881299065,,,,,,,,,
6,0,bs6_block00,RandomFeasible,True,True,0.0002115000388585031,2.821403543691297,2.2535501881299065,0.5678533555613905,0.2519816769790336,"[0, 2, 0, 1, 0, 2]",0.5,0.0,288.91436634623864,29672.30916772395,1663.9430284857572,1572.2285915865596
6,1,bs6_block01,MILP,True,True,0.010127799992915243,0.840960698681793,0.840960698681793,0.0,0.0,"[2, 2, 2, 2, 2, 1]",0.16666666666666666,28.451313787386123,210.32037925465247,26884.221857217475,1263.8050974512744,1298.8005997001499
6,1,bs6_block01,RiskGreedy,True,True,0.0002555000246502459,1.2428393165559164,0.840960698681793,0.4018786178741234,0.4778803795517063,"[1, 2, 1, 2, 1, 2]",0.0,0.0,199.8600699650176,26830.24884372422,1302.0359820089955,1303.298350824588
6,1,bs6_block01,LeastLoaded,False,False,0.0004056000034324825,,0.840960698681793,,,,,,,,,
6,1,bs6_block01,RandomFeasible,True,True,0.0017033000476658344,2.444156201232428,0.840960698681793,1.603195502550635,1.9063857622165292,"[1, 1, 1, 0, 0, 2]",0.3333333333333333,52.79208457846107,292.4581339067379,26830.24884372422,1386.623688155922,1313.2498456654025
6,2,bs6_block02,MILP,True,True,0.00987800001166761,3.0274892515660805,3.0274892515660805,0.0,0.0,"[2, 1, 2, 2, 2, 2]",0.0,0.0,207.38630684657673,11167.114161724305,1447.529235382309,1490.1799100449775
6,2,bs6_block02,RiskGreedy,True,True,0.00022909999825060368,3.0274892515660805,3.0274892515660805,0.0,0.0,"[2, 1, 2, 2, 2, 2]",0.0,0.0,207.38630684657673,11167.114161724305,1447.529235382309,1490.1799100449775
6,2,bs6_block02,LeastLoaded,True,True,0.00036390003515407443,3.613406051497793,3.0274892515660805,0.5859167999317125,0.19353224776227543,"[2, 1, 0, 2, 0, 0]",0.3333333333333333,0.0,274.40456242466985,11313.158786470754,1589.9430284857572,1506.9344739395012
6,2,bs6_block02,RandomFeasible,True,True,0.0010719000129029155,3.0274892515660805,3.0274892515660805,0.0,0.0,"[2, 1, 2, 2, 2, 2]",0.0,0.0,207.38630684657673,11167.114161724305,1447.529235382309,1490.1799100449775
6,3,bs6_block03,MILP,True,True,0.009307200030889362,2.539529893121004,2.539529893121004,0.0,0.0,"[2, 2, 1, 2, 2, 2]",0.16666666666666666,62.20445048275011,243.84363089254524,2241.462562172449,1262.1499250374814,1297.0764617691157
6,3,bs6_block03,RiskGreedy,True,True,0.00023329997202381492,2.539529893121004,2.539529893121004,0.0,0.0,"[2, 2, 1, 2, 2, 2]",0.16666666666666666,62.20445048275011,243.84363089254524,2241.462562172449,1262.1499250374814,1297.0764617691157
6,3,bs6_block03,LeastLoaded,True,True,0.00046629999997094274,2.844071742376805,2.539529893121004,0.30454184925580075,0.11992056091985126,"[2, 1, 0, 2, 2, 1]",0.16666666666666666,8.07821445401233,214.118135669875,2152.5086972174317,1314.0014992503748,1303.1766469706324
6,3,bs6_block03,RandomFeasible,True,True,0.0028569999849423766,2.911558017279099,2.539529893121004,0.3720281241580947,0.14649487890094634,"[1, 1, 0, 2, 1, 1]",0.3333333333333333,64.03902607247657,288.06995178609037,2300.9393024348815,1352.2323838080958,1307.67439809507
6,4,bs6_block04,MILP,True,True,0.010276600020006299,2.9264762844538996,2.9264762844538996,0.0,0.0,"[2, 2, 2, 2, 2, 1]",0.0,15.38309795403014,216.21768066267586,9536.928266217335,1400.3568215892053,1441.0419790104947
6,4,bs6_block04,RiskGreedy,True,True,0.00021769996965304017,2.9264762844538996,2.9264762844538996,0.0,0.0,"[2, 2, 2, 2, 2, 1]",0.0,15.38309795403014,216.21768066267586,9536.928266217335,1400.3568215892053,1441.0419790104947
6,4,bs6_block04,LeastLoaded,False,False,0.0003885000478476286,,2.9264762844538996,,,,,,,,,
6,4,bs6_block04,RandomFeasible,True,True,0.001286200014874339,3.4652384119130946,2.9264762844538996,0.5387621274591949,0.18409926310396588,"[2, 2, 0, 0, 2, 1]",0.16666666666666666,0.0,244.89137784049163,9536.928266217335,1493.9775112443779,1452.056177793456
6,5,bs6_block05,MILP,True,True,0.013771699974313378,1.2124344169551322,1.2124344169551322,0.0,0.0,"[1, 0, 2, 2, 2, 2]",0.16666666666666666,14.629346953989966,254.86217171807849,8368.081782724323,1560.4947526236883,1560.0582061910222
6,5,bs6_block05,RiskGreedy,True,True,0.0009159000474028289,1.2327240559633763,1.2124344169551322,0.020289639008244098,0.016734628054520945,"[2, 0, 2, 1, 2, 2]",0.16666666666666666,0.0,240.23282476408852,8368.081782724323,1560.4947526236883,1560.0582061910222
6,5,bs6_block05,LeastLoaded,True,True,0.0003712000325322151,1.765795544484078,1.2124344169551322,0.5533611275289458,0.4564049979038361,"[2, 1, 0, 2, 0, 2]",0.3333333333333333,0.0,264.57359555516354,8368.081782724323,1612.2188905547227,1566.1433988887911
6,5,bs6_block05,RandomFeasible,True,True,0.0050331000238657,1.3213964751498488,1.2124344169551322,0.1089620581947166,0.08987047601994037,"[2, 1, 2, 2, 2, 0]",0.16666666666666666,14.629346953989966,254.86217171807837,8514.126407470772,1560.4947526236883,1560.0582061910225
6,6,bs6_block06,MILP,True,True,0.020670700003392994,1.3192712765013814,1.3192712765013814,0.0,0.0,"[2, 2, 0, 2, 2, 1]",0.16666666666666666,0.0,240.23282476408852,6843.636791217475,1560.494752623688,1560.0582061910225
6,6,bs6_block06,RiskGreedy,True,True,0.00023090001195669174,1.3192712765013814,1.3192712765013814,0.0,0.0,"[2, 2, 0, 2, 2, 1]",0.16666666666666666,0.0,240.23282476408852,6843.636791217475,1560.494752623688,1560.0582061910225
6,6,bs6_block06,LeastLoaded,True,True,0.0003848000196740031,1.5187290149844133,1.3192712765013814,0.19945773848303183,0.1511878125717861,"[2, 1, 0, 2, 1, 2]",0.16666666666666666,0.0,249.2283270129641,6789.663777724221,1579.6101949025488,1562.3070817532412
6,6,bs6_block06,RandomFeasible,True,True,0.0032270000083371997,2.0131239964844463,1.3192712765013814,0.6938527199830649,0.5259363501213454,"[1, 1, 2, 1, 0, 1]",0.16666666666666666,0.0,267.2193315107153,6843.636791217475,1617.8410794602696,1566.8048328776788
6,7,bs6_block07,MILP,True,True,0.009405700024217367,2.585800037479933,2.585800037479933,0.0,0.0,"[1, 2, 2, 2, 2, 2]",0.0,0.0,204.2828585707144,22859.179567724314,1425.184407796102,1466.9040479760124
6,7,bs6_block07,RiskGreedy,True,True,0.00023010000586509705,2.585800037479933,2.585800037479933,0.0,0.0,"[1, 2, 2, 2, 2, 2]",0.0,0.0,204.2828585707144,22859.179567724314,1425.184407796102,1466.9040479760124
6,7,bs6_block07,LeastLoaded,True,True,0.0003589999978430569,3.375358378733751,2.585800037479933,0.7895583412538181,0.30534392830441187,"[2, 1, 0, 0, 0, 1]",0.3333333333333333,0.0,278.10594702648683,22913.152581217568,1582.0584707646176,1485.359820089955
6,7,bs6_block07,RandomFeasible,True,True,0.0014017000212334096,2.777623805065295,2.585800037479933,0.19182376758536224,0.07418352726621108,"[0, 2, 2, 1, 2, 1]",0.16666666666666666,0.0,234.5906458535436,22913.152581217568,1489.588455772114,1474.4809947967194
6,8,bs6_block08,MILP,True,True,0.011171700025442988,0.7160295314146545,0.7160295314146545,0.0,0.0,"[2, 2, 2, 2, 1, 2]",0.0,0.0,198.88055972013976,23500.607136206756,1386.287856071964,1426.3868065967017
6,8,bs6_block08,RiskGreedy,True,True,0.0002463000128045678,0.7160295314146545,0.7160295314146545,0.0,0.0,"[2, 2, 2, 2, 1, 2]",0.0,0.0,198.88055972013976,23500.607136206756,1386.287856071964,1426.3868065967017
6,8,bs6_block08,LeastLoaded,False,False,0.002436299982946366,,0.7160295314146545,,,,,,,,,
6,8,bs6_block08,RandomFeasible,True,True,0.00021899997955188155,2.3579293244087403,0.7160295314146545,1.6418997929940857,2.2930615581597533,"[0, 2, 0, 0, 1, 2]",0.5,0.0,271.9028720933648,23500.607136206756,1541.4602698650674,1444.642384690008
6,9,bs6_block09,MILP,True,True,0.010071700031403452,1.3205094664998187,1.3205094664998187,0.0,0.0,"[2, 2, 2, 2, 2, 1]",0.0,8.70640745403341,224.598461427047,18118.791289217406,1508.7706146926537,1553.9730134932536
6,9,bs6_block09,RiskGreedy,True,True,0.0002437999937683344,1.4953287731806553,1.3205094664998187,0.17481930668083656,0.13238777238319827,"[1, 2, 2, 1, 2, 2]",0.0,8.70640745403341,233.5939636759224,18064.818275724152,1527.8860569715143,1556.2218890554727
6,9,bs6_block09,LeastLoaded,False,False,0.00036320002982392907,,1.3205094664998187,,,,,,,,,
6,9,bs6_block09,RandomFeasible,True,True,0.001347700017504394,2.398424918436491,1.3205094664998187,1.0779154519366725,0.8162875611894149,"[0, 2, 2, 0, 1, 2]",0.3333333333333333,8.70640745403341,273.28000300919695,18064.818275724152,1612.2188905547227,1566.1433988887907
6,10,bs6_block10,MILP,True,True,0.011682899959851056,2.162776504258887,2.162776504258887,0.0,0.0,"[1, 2, 0, 2, 2, 2]",0.0,0.0,161.04418379045808,69767.23622472407,1105.2188905547225,1130.2610459476145
6,10,bs6_block10,RiskGreedy,True,True,0.00032510003075003624,2.162776504258887,2.162776504258887,0.0,0.0,"[1, 2, 0, 2, 2, 2]",0.0,0.0,161.04418379045808,69767.23622472407,1105.2188905547225,1130.2610459476145
6,10,bs6_block10,LeastLoaded,True,True,0.00037589995190501213,2.3938498507963675,2.162776504258887,0.23107334653748035,0.10684106567759374,"[2, 1, 0, 1, 1, 1]",0.0,0.0,181.6438839403835,69821.20923821731,1148.9932533733133,1135.4109709850957
6,10,bs6_block10,RandomFeasible,True,True,0.0016192999901250005,2.761604012684214,2.162776504258887,0.5988275084253267,0.2768790521101603,"[1, 0, 2, 2, 0, 2]",0.16666666666666666,0.0,202.7480377458339,69767.23622472407,1193.8395802098948,1140.6870094364583
6,11,bs6_block11,MILP,True,True,0.008664499968290329,2.4039227961025835,2.4039227961025835,0.0,0.0,"[2, 2, 2, 1, 2, 2]",0.0,0.7461871206894225,216.63824109370293,52038.24996472391,1508.7706146926537,1553.9730134932538
6,11,bs6_block11,RiskGreedy,True,True,0.0002275000442750752,2.4039227961025835,2.4039227961025835,0.0,0.0,"[2, 2, 2, 1, 2, 2]",0.0,0.7461871206894225,216.63824109370293,52038.24996472391,1508.7706146926537,1553.9730134932538
6,11,bs6_block11,LeastLoaded,False,False,0.00037590001011267304,,2.4039227961025835,,,,,,,,,
6,11,bs6_block11,RandomFeasible,True,True,0.003715300001204014,2.729815727790423,2.4039227961025835,0.3258929316878394,0.13556713727088116,"[0, 1, 0, 2, 1, 1]",0.3333333333333333,0.0,282.5646000529147,52092.22297821716,1650.4497751124436,1570.6411500132285
6,12,bs6_block12,MILP,True,True,0.0065125999972224236,2.564620091429922,2.564620091429922,0.0,0.0,"[2, 2, 1, 2, 1, 2]",0.0,0.0,203.43828085957045,61005.61973172388,1395.9730134932536,1427.5262368815593
6,12,bs6_block12,RiskGreedy,True,True,0.0015489999786950648,2.6718751300904326,2.564620091429922,0.10725503866051067,0.04182102410369478,"[1, 0, 2, 2, 2, 2]",0.16666666666666666,3.8721213678072672,227.09345187902247,61028.85245993072,1438.0119940029986,1432.4719992944706
6,12,bs6_block12,LeastLoaded,True,True,0.0003610999556258321,2.8017937959202506,2.564620091429922,0.2371737044903286,0.0924790791754621,"[2, 1, 0, 2, 1, 2]",0.16666666666666666,0.0,227.77905165064524,61005.61973172388,1447.697151424288,1433.6114295793282
6,12,bs6_block12,RandomFeasible,True,True,0.0004288000054657459,2.8720337087648833,2.564620091429922,0.3074136173349613,0.11986711730218128,"[0, 1, 2, 2, 1, 1]",0.3333333333333333,8.429842507237481,245.20439640675855,61110.171800260556,1466.8125937031484,1435.8603051415469
6,13,bs6_block13,MILP,True,True,0.006405899999663234,1.064065984208788,1.064065984208788,0.0,0.0,"[2, 2, 1, 1, 2, 2]",0.0,0.0,207.07146426786608,37029.402763000224,1399.6101949025488,1422.6011994002997
6,13,bs6_block13,RiskGreedy,True,True,0.0002248000237159431,1.4014519670937085,1.064065984208788,0.3373859828849204,0.3170724258569283,"[0, 1, 2, 2, 2, 2]",0.16666666666666666,0.0,222.41673281006544,37029.402763000224,1432.2188905547227,1426.4375165358497
6,13,bs6_block13,LeastLoaded,True,True,0.0003792999777942896,1.6085206576632922,1.064065984208788,0.5444546734545042,0.5116737885943667,"[2, 1, 0, 1, 2, 2]",0.16666666666666666,0.0,231.41223505894118,37029.402763000224,1451.3343328335832,1428.6863920980686
6,13,bs6_block13,RandomFeasible,True,True,0.0023278999724425375,1.5929196080308832,1.064065984208788,0.5288536238220951,0.49701205721310315,"[0, 2, 1, 2, 1, 2]",0.16666666666666666,0.0,231.41223505894115,37029.402763000224,1451.3343328335832,1428.6863920980684
6,14,bs6_block14,MILP,True,True,0.015344499959610403,2.534227952811306,2.534227952811306,0.0,0.0,"[2, 2, 0, 1, 2, 2]",0.16666666666666666,0.0,186.20983625834106,20306.746829206877,1171.5292353823088,1154.8857923979187
6,14,bs6_block14,RiskGreedy,True,True,0.0002329999697394669,2.5544197373710325,2.534227952811306,0.02019178455972659,0.007967627591403981,"[2, 2, 2, 1, 0, 2]",0.16666666666666666,0.0,184.2625745950551,20306.746829206877,1167.391304347826,1154.398976982097
6,14,bs6_block14,LeastLoaded,False,False,0.00038430001586675644,,2.534227952811306,,,,,,,,,
6,14,bs6_block14,RandomFeasible,True,True,0.001110200013499707,2.5544197373710325,2.534227952811306,0.02019178455972659,0.007967627591403981,"[2, 2, 2, 1, 0, 2]",0.16666666666666666,0.0,184.2625745950551,20306.746829206877,1167.391304347826,1154.398976982097
6,15,bs6_block15,MILP,True,True,0.009939200012013316,0.8003373524345107,0.8003373524345107,0.0,0.0,"[2, 2, 1, 1, 2, 2]",0.0,0.0,190.6346826586708,20305.69569572442,1281.265367316342,1299.3253373313346
6,15,bs6_block15,RiskGreedy,True,True,0.00022250000620260835,1.1610499439420419,0.8003373524345107,0.3607125915075312,0.45070068316853584,"[2, 2, 2, 2, 1, 0]",0.16666666666666666,0.0,205.97995120087003,20451.740320470868,1313.8740629685158,1303.1616544668843
6,15,bs6_block15,LeastLoaded,False,False,0.0003674000035971403,,0.8003373524345107,,,,,,,,,
6,15,bs6_block15,RandomFeasible,True,True,0.0007112000021152198,1.7564480651290186,0.8003373524345107,0.956110712694508,1.1946346247443747,"[2, 0, 1, 0, 2, 2]",0.16666666666666666,0.0,206.14222300614384,20305.69569572442,1314.2188905547227,1303.2022224182028
6,16,bs6_block16,MILP,True,True,0.012199699995107949,1.1685173301471674,1.1685173301471674,0.0,0.0,"[2, 0, 1, 2, 2, 2]",0.16666666666666666,0.0,223.22133051121486,21053.29121072412,1438.0119940029986,1432.4719992944706
6,16,bs6_block16,RiskGreedy,True,True,0.00023090001195669174,1.1685173301471674,1.1685173301471674,0.0,0.0,"[2, 0, 1, 2, 2, 2]",0.16666666666666666,0.0,223.22133051121486,21053.29121072412,1438.0119940029986,1432.4719992944706
6,16,bs6_block16,LeastLoaded,True,True,0.0003635000321082771,1.6499615196632536,1.1685173301471674,0.48144418951608614,0.4120128791375745,"[2, 1, 0, 2, 2, 0]",0.3333333333333333,0.0,247.5621013022898,21199.33583547057,1489.736131934033,1438.5571919922393
6,16,bs6_block16,RandomFeasible,True,True,0.0009534999844618142,1.3988723963412024,1.1685173301471674,0.230355066194035,0.19713448851034432,"[1, 0, 2, 1, 2, 2]",0.16666666666666666,0.0,227.7790516506453,21053.29121072412,1447.697151424288,1433.6114295793282
6,17,bs6_block17,MILP,True,True,0.011736000014934689,0.9419120067176622,0.9419120067176622,0.0,0.0,"[2, 2, 1, 1, 2, 2]",0.0,0.0,203.46826586706683,50988.131912724195,1389.036731634183,1417.5337331334335
6,17,bs6_block17,RiskGreedy,True,True,0.00023060000967234373,1.6742372939147894,0.9419120067176622,0.7323252871971272,0.7774880052215339,"[2, 1, 2, 0, 0, 2]",0.16666666666666666,0.0,237.988064791134,50988.131912724195,1462.3913043478262,1426.16368286445
6,17,bs6_block17,LeastLoaded,True,True,0.00043299997923895717,1.7586784960011859,0.9419120067176622,0.8167664892835237,0.8671367213268247,"[2, 1, 0, 2, 0, 2]",0.3333333333333333,0.0,246.18279095746274,50988.131912724195,1479.8050974512744,1428.212364406032
6,17,bs6_block17,RandomFeasible,True,True,0.00021389999892562628,1.9701069026121127,0.9419120067176622,1.0281948958944507,1.0916039805856852,"[1, 2, 0, 0, 1, 2]",0.16666666666666666,0.0,245.21445159773074,50988.131912724195,1477.7473763118442,1427.9702795660996
6,18,bs6_block18,MILP,True,True,0.010761799989268184,2.472105163117926,2.472105163117926,0.0,0.0,"[0, 1, 2, 2, 2, 2]",0.16666666666666666,0.0,240.23282476408838,33295.723637724375,1560.4947526236883,1560.0582061910222
6,18,bs6_block18,RiskGreedy,True,True,0.00029669998912140727,2.472105163117926,2.472105163117926,0.0,0.0,"[0, 1, 2, 2, 2, 2]",0.16666666666666666,0.0,240.23282476408838,33295.723637724375,1560.4947526236883,1560.0582061910222
6,18,bs6_block18,LeastLoaded,True,True,0.00038350000977516174,3.0086030372926227,2.472105163117926,0.5364978741746969,0.21702065194428968,"[2, 1, 0, 2, 2, 0]",0.3333333333333333,0.0,264.5735955551632,33441.768262470825,1612.2188905547227,1566.1433988887914
6,18,bs6_block18,RandomFeasible,True,True,0.0032668000203557312,3.079768986169962,2.472105163117926,0.6076638230520364,0.24580824154164402,"[1, 2, 0, 1, 1, 0]",0.3333333333333333,0.0,282.5646000529146,33441.768262470825,1650.4497751124436,1570.6411500132288
6,19,bs6_block19,MILP,True,True,0.010830199986230582,2.59721011240504,2.59721011240504,0.0,0.0,"[1, 2, 2, 2, 1, 2]",0.0,0.0,190.05997001499256,67820.34519900009,1277.127436281859,1295.0149925037483
6,19,bs6_block19,RiskGreedy,True,True,0.0002443999983370304,2.59721011240504,2.59721011240504,0.0,0.0,"[1, 2, 2, 2, 1, 2]",0.0,0.0,190.05997001499256,67820.34519900009,1277.127436281859,1295.0149925037483
6,19,bs6_block19,LeastLoaded,True,True,0.0010395999997854233,2.879555599778001,2.59721011240504,0.28234548737296095,0.10871106885977218,"[2, 1, 0, 0, 2, 1]",0.16666666666666666,0.0,222.08572184496026,67846.43215552183,1345.1821589205397,1303.0214304612402
6,19,bs6_block19,RandomFeasible,True,True,0.0005676999571733177,2.6104467287727107,2.59721011240504,0.013236616367670706,0.005096474984618584,"[2, 1, 1, 1, 2, 2]",0.0,0.0,194.61769115442277,67820.34519900009,1286.8125937031484,1296.1544227886056
8,0,bs8_block00,MILP,True,True,0.010618100001011044,2.9983812141711037,2.9983812141711037,0.0,0.0,"[2, 2, 2, 2, 2, 2, 2, 1]",0.125,23.361362215519875,237.00454062631448,29726.282181217204,2005.3223388305846,2071.2143928035985
8,0,bs8_block00,RiskGreedy,True,True,0.0002536000101827085,3.0435989273665185,2.9983812141711037,0.04521771319541479,0.015080708544231968,"[1, 2, 2, 2, 2, 1, 2, 2]",0.0,0.0,220.38980509745127,29672.30916772395,2024.4377811094453,2073.4632683658174
8,0,bs8_block00,LeastLoaded,True,True,0.00038840004708617926,3.5082513422253663,2.9983812141711037,0.5098701280542626,0.17004846670079446,"[2, 1, 0, 2, 2, 1, 0, 2]",0.25,0.0,256.9009612840638,29672.30916772395,2127.8860569715143,2085.6336537613547
8,0,bs8_block00,RandomFeasible,True,True,0.00021730002481490374,3.2707835463867063,2.9983812141711037,0.2724023322156026,0.0908497995278788,"[2, 2, 1, 1, 2, 0, 1, 2]",0.125,0.0,245.39200987741427,29672.30916772395,2095.2773613193403,2081.7973366258047
8,1,bs8_block01,MILP,True,True,0.009698299982119352,0.8007117640572281,0.8007117640572281,0.0,0.0,"[2, 2, 2, 2, 2, 2, 2, 1]",0.25,49.7634613620576,237.8893983935418,26884.221857217475,1760.3568215892055,1816.041979010495
8,1,bs8_block01,RiskGreedy,True,True,0.00028279999969527125,1.3068682445117892,0.8007117640572281,0.5061564804545611,0.6321331884645388,"[1, 1, 2, 1, 2, 2, 1, 2]",0.25,22.495277367671328,230.86109445912567,26830.24884372422,1817.703148425787,1822.7886056971515
8,1,bs8_block01,LeastLoaded,False,False,0.0003782000276260078,,0.8007117640572281,,,,,,,,,
8,1,bs8_block01,RandomFeasible,True,True,0.0007621000404469669,3.0534196157177127,0.8007117640572281,2.2527078516604844,2.813381734578187,"[0, 0, 0, 1, 0, 2, 1, 2]",0.375,44.5566045514664,294.43931025743694,26830.24884372422,1935.3343328335832,1836.627568568657
8,2,bs8_block02,MILP,True,True,0.008806800004094839,3.473353076240361,3.473353076240361,0.0,0.0,"[2, 1, 2, 2, 2, 2, 2, 2]",0.0,10.672603090507437,211.55716081164684,12480.989683724089,1882.8395802098948,1943.6281859070466
8,2,bs8_block02,RiskGreedy,True,True,0.00023200002033263445,3.473353076240361,3.473353076240361,0.0,0.0,"[2, 1, 2, 2, 2, 2, 2, 2]",0.0,10.672603090507437,211.55716081164684,12480.989683724089,1882.8395802098948,1943.6281859070466
8,2,bs8_block02,LeastLoaded,True,True,0.0004083000239916146,4.103098701946311,3.473353076240361,0.6297456257059499,0.1813076908344721,"[2, 1, 0, 2, 0, 0, 1, 0]",0.25,0.0,271.64741158832345,12627.034308470538,2083.334332833583,1967.2158038627745
8,2,bs8_block02,RandomFeasible,True,True,0.001988500007428229,4.028805821848237,3.473353076240361,0.5554527456078757,0.15991830758798378,"[1, 2, 1, 2, 1, 0, 0, 0]",0.25,0.0,262.9773348619805,12627.034308470538,2058.7691154422787,1964.325778287327
8,3,bs8_block03,MILP,True,True,0.00872649997472763,3.46644832425591,3.46644832425591,0.0,0.0,"[2, 2, 2, 2, 1, 2, 2, 2]",0.125,46.653337862062585,208.8309990314779,2241.462562172449,1511.2533733133432,1556.5592203898054
8,3,bs8_block03,RiskGreedy,True,True,0.00022490002447739244,3.46644832425591,3.46644832425591,0.0,0.0,"[2, 2, 2, 2, 1, 2, 2, 2]",0.125,46.653337862062585,208.8309990314779,2241.462562172449,1511.2533733133432,1556.5592203898054
8,3,bs8_block03,LeastLoaded,False,False,0.0003465000190772116,,3.46644832425591,,,,,,,,,
8,3,bs8_block03,RandomFeasible,True,True,0.00692939996952191,4.5048159272558195,3.46644832425591,1.0383676029999096,0.29954798279671463,"[1, 0, 1, 0, 2, 0, 1, 1]",0.375,18.553825652181246,230.88008899110002,2300.9393024348815,1653.3410794602696,1573.2754211129727
8,4,bs8_block04,MILP,True,True,0.008666599984280765,3.4076820596294652,3.4076820596294652,0.0,0.0,"[2, 2, 2, 2, 2, 2, 2, 1]",0.0,11.537323465522604,213.88739842804137,9536.928266217335,1896.9085457271362,1958.2833583208399
8,4,bs8_block04,RiskGreedy,True,True,0.00023659999715164304,3.4076820596294652,3.4076820596294652,0.0,0.0,"[2, 2, 2, 2, 2, 2, 2, 1]",0.0,11.537323465522604,213.88739842804137,9536.928266217335,1896.9085457271362,1958.2833583208399
8,4,bs8_block04,LeastLoaded,True,True,0.0003893999964930117,3.737430194792704,3.4076820596294652,0.32974813516323875,0.09676610945303211,"[2, 1, 0, 2, 1, 0, 0, 2]",0.25,0.0,259.36039333274533,9482.955252724081,2058.4377811094455,1977.2867977775818
8,4,bs8_block04,RandomFeasible,True,True,0.0023128000320866704,3.930755488883146,3.4076820596294652,0.5230734292536807,0.15349830767678987,"[1, 2, 2, 1, 1, 1, 2, 0]",0.25,18.283950152179273,256.18345628146744,9628.999877470531,1997.6319340329835,1970.133168709763
8,5,bs8_block05,MILP,True,True,0.025314299971796572,3.506258938749059,3.506258938749059,0.0,0.0,"[0, 1, 2, 2, 2, 2, 2, 2]",0.125,10.972010215492475,217.09490465062788,8368.081782724323,1809.5982008995502,1819.540964811712
8,5,bs8_block05,RiskGreedy,True,True,0.00023800000781193376,3.521411170985953,3.506258938749059,0.015152232236894214,0.004321481242996883,"[2, 0, 2, 1, 2, 2, 2, 2]",0.125,0.0,206.1228944351354,8368.081782724323,1809.5982008995502,1819.540964811712
8,5,bs8_block05,LeastLoaded,True,True,0.0003763000131584704,3.9208393701171596,3.506258938749059,0.41458043136810074,0.11824010679485417,"[2, 1, 0, 2, 0, 2, 2, 0]",0.375,0.0,242.6340506217479,8514.126407470772,1913.0464767616193,1831.7113502072493
8,5,bs8_block05,RandomFeasible,True,True,0.0036060999846085906,3.9271344080703003,3.506258938749059,0.42087546932124154,0.12003547846109702,"[1, 2, 2, 0, 0, 2, 1, 1]",0.25,0.0,231.1475879707206,8422.054796217577,1880.5014992503748,1827.8825293235736
8,6,bs8_block06,MILP,True,True,0.012569600017741323,3.7183514602421175,3.7183514602421175,0.0,0.0,"[2, 2, 0, 2, 2, 2, 2, 1]",0.125,0.0,218.5366875385836,6843.636791217475,1928.770614692654,1943.6788958461948
8,6,bs8_block06,RiskGreedy,True,True,0.00024089997168630362,3.7183514602421175,3.7183514602421175,0.0,0.0,"[2, 2, 0, 2, 2, 2, 2, 1]",0.125,0.0,218.5366875385836,6843.636791217475,1928.770614692654,1943.6788958461948
8,6,bs8_block06,LeastLoaded,True,True,0.00037289998726919293,3.9064590882922343,3.7183514602421175,0.18810762805011683,0.050588985484946156,"[2, 1, 0, 2, 1, 2, 2, 1]",0.125,0.0,228.54418379045765,6843.636791217475,1957.1251874062968,1947.0147279301527
8,6,bs8_block06,RandomFeasible,True,True,0.003981199988629669,3.9412725945976548,3.7183514602421175,0.2229211343555373,0.059951604021052374,"[2, 0, 1, 2, 2, 2, 0, 2]",0.25,0.0,236.79226563188993,6789.663777724221,1980.4947526236883,1949.7640885439632
8,7,bs8_block07,MILP,True,True,0.010688399954233319,3.664918355102186,3.664918355102186,0.0,0.0,"[1, 2, 2, 2, 0, 2, 2, 2]",0.0,0.0,203.68374636211314,23450.173448724287,1827.7706146926537,1854.5612487873714
8,7,bs8_block07,RiskGreedy,True,True,0.00029039999935775995,3.664918355102186,3.664918355102186,0.0,0.0,"[1, 2, 2, 2, 0, 2, 2, 2]",0.0,0.0,203.68374636211314,23450.173448724287,1827.7706146926537,1854.5612487873714
8,7,bs8_block07,LeastLoaded,True,True,0.00037299998803064227,4.410023570185129,3.664918355102186,0.7451052150829431,0.20330745268735134,"[2, 1, 0, 1, 0, 1, 0, 0]",0.25,0.0,262.51168533380377,23596.218073470736,1994.4497751124436,1874.1705617779346
8,7,bs8_block07,RandomFeasible,True,True,0.004188999999314547,4.479118706843955,3.664918355102186,0.8142003517417686,0.22216057026434546,"[2, 1, 0, 1, 1, 0, 1, 0]",0.25,0.0,254.87741423405913,23596.218073470736,1972.8193403298349,1871.6258047446865
8,8,bs8_block08,MILP,True,True,0.008500500000081956,1.220458223213034,1.220458223213034,0.0,0.0,"[2, 2, 2, 2, 2, 2, 1, 2]",0.0,0.0,200.88455772113923,23500.607136206756,1882.839580209895,1943.6281859070466
8,8,bs8_block08,RiskGreedy,True,True,0.0002313000150024891,1.220458223213034,1.220458223213034,0.0,0.0,"[2, 2, 2, 2, 2, 2, 1, 2]",0.0,0.0,200.88455772113923,23500.607136206756,1882.839580209895,1943.6281859070466
8,8,bs8_block08,LeastLoaded,False,False,0.0003657999914139509,,1.220458223213034,,,,,,,,,
8,8,bs8_block08,RandomFeasible,True,True,0.0007630000473000109,2.19968810332979,1.220458223213034,0.979229880116756,0.8023460873071023,"[0, 2, 2, 2, 2, 2, 1, 0]",0.125,0.0,228.38962871505439,23574.603079411627,1960.770614692654,1952.7965429050182
8,9,bs8_block09,MILP,True,True,0.011865399952512234,1.1783188992036329,1.1783188992036329,0.0,0.0,"[2, 2, 2, 2, 2, 2, 2, 1]",0.0,6.529805590525029,220.17298400131952,22828.006294217295,2005.3223388305846,2071.2143928035985
8,9,bs8_block09,RiskGreedy,True,True,0.00022709998302161694,1.3349507793233688,1.1783188992036329,0.15663188011973594,0.13292825925612806,"[2, 1, 2, 2, 1, 2, 2, 2]",0.0,6.529805590525029,226.91961068797607,22774.03328072404,2024.4377811094453,2073.4632683658174
8,9,bs8_block09,LeastLoaded,True,True,0.0003708999720402062,2.229461582097746,1.1783188992036329,1.0511426828941133,0.8920697814526511,"[2, 1, 0, 2, 1, 0, 2, 2]",0.25,0.0,256.90096128406356,22774.03328072404,2127.8860569715143,2085.6336537613547
8,9,bs8_block09,RandomFeasible,True,True,0.00039489998016506433,2.2877714450020927,1.1783188992036329,1.1094525457984599,0.9415554198004323,"[0, 1, 2, 1, 1, 2, 1, 2]",0.125,0.0,252.1386365640708,22774.03328072404,2114.3928035982008,2084.0462121880237
8,10,bs8_block10,MILP,True,True,0.011843700020108372,2.5790043640995934,2.5790043640995934,0.0,0.0,"[1, 2, 0, 2, 2, 2, 2, 2]",0.125,14.516265465539618,187.0235412394185,69974.13277644821,1601.7706146926537,1647.5024252579594
8,10,bs8_block10,RiskGreedy,True,True,0.00023669999791309237,2.5790043640995934,2.5790043640995934,0.0,0.0,"[1, 2, 0, 2, 2, 2, 2, 2]",0.125,14.516265465539618,187.0235412394185,69974.13277644821,1601.7706146926537,1647.5024252579594
8,10,bs8_block10,LeastLoaded,True,True,0.0003893999964930117,3.008760061179772,2.5790043640995934,0.4297556970801786,0.16663628145127973,"[2, 1, 0, 0, 1, 1, 0, 1]",0.125,0.0,218.79045771232077,69913.28084947051,1732.906296851574,1662.9301525707735
8,10,bs8_block10,RandomFeasible,True,True,0.027010800025891513,2.9712791189919647,2.5790043640995934,0.3922747548923713,0.15210317607559612,"[1, 2, 2, 0, 2, 2, 0, 0]",0.25,32.77184355884492,249.76187795341198,70266.2220259411,1727.8050974512744,1662.330011464856
8,11,bs8_block11,MILP,True,True,0.011650700005702674,3.4056747177590845,3.4056747177590845,0.0,0.0,"[2, 2, 2, 2, 1, 2, 2, 2]",0.0,0.5596403405170669,214.20281875131167,52038.24996472391,2005.3223388305846,2071.2143928035985
8,11,bs8_block11,RiskGreedy,True,True,0.00023850001161918044,3.4056747177590845,3.4056747177590845,0.0,0.0,"[2, 2, 2, 2, 1, 2, 2, 2]",0.0,0.5596403405170669,214.20281875131167,52038.24996472391,2005.3223388305846,2071.2143928035985
8,11,bs8_block11,LeastLoaded,False,False,0.0011291999835520983,,3.4056747177590845,,,,,,,,,
8,11,bs8_block11,RandomFeasible,True,True,0.0006360000115819275,4.099411179642175,3.4056747177590845,0.6937364618830903,0.20370015323705523,"[1, 1, 0, 1, 2, 0, 0, 2]",0.5,7.306267027173739,289.20943309120037,52038.24996472391,2198.725637181409,2093.967722021342
8,12,bs8_block12,MILP,True,True,0.009960600000340492,3.361979037162843,3.361979037162843,0.0,0.0,"[1, 2, 1, 2, 2, 2, 2, 2]",0.0,2.9040910258554504,210.53527543365257,67611.47056272402,1901.9550224887557,1945.8770614692658
8,12,bs8_block12,RiskGreedy,True,True,0.0002361999941058457,3.361979037162843,3.361979037162843,0.0,0.0,"[1, 2, 1, 2, 2, 2, 2, 2]",0.0,2.9040910258554504,210.53527543365257,67611.47056272402,1901.9550224887557,1945.8770614692658
8,12,bs8_block12,LeastLoaded,True,True,0.00039280002238228917,3.935226784928111,3.361979037162843,0.5732477477652682,0.17050901907140656,"[2, 1, 0, 2, 1, 1, 0, 1]",0.25,0.0,254.3072581356383,67665.44357621727,2034.2038980509744,1961.4357527118796
8,12,bs8_block12,RandomFeasible,True,True,0.0005772000295110047,3.662249991726681,3.361979037162843,0.300270954563838,0.08931374980173439,"[2, 2, 2, 0, 2, 2, 1, 1]",0.125,0.0,225.88676250110265,67665.44357621727,1953.6791604197902,1951.9622541670342
8,13,bs8_block13,MILP,True,True,0.009248499991372228,3.26245485474157,3.26245485474157,0.0,0.0,"[2, 2, 1, 2, 2, 1, 2, 2]",0.0,0.0,207.02773613193398,37029.402763000224,1896.16191904048,1939.8425787106448
8,13,bs8_block13,RiskGreedy,True,True,0.0020471999887377024,3.272887740236266,3.26245485474157,0.01043288549469601,0.003197863559562553,"[1, 1, 2, 2, 2, 2, 2, 2]",0.0,0.0,207.02773613193386,37029.402763000224,1896.1619190404797,1939.8425787106448
8,13,bs8_block13,LeastLoaded,True,True,0.0003660000511445105,3.6637594098541832,3.26245485474157,0.4013045551126133,0.12300692974474953,"[2, 1, 0, 2, 2, 1, 0, 2]",0.25,0.0,243.53889231854652,37029.402763000224,1999.6101949025488,1952.0129641061824
8,13,bs8_block13,RandomFeasible,True,True,0.0005585000035353005,3.6152450203943176,3.26245485474157,0.3527901656527477,0.10813641302653164,"[2, 2, 0, 0, 1, 1, 2, 1]",0.25,0.0,246.79976188376367,37055.48971952196,2008.8493253373313,1953.0999206279212
8,14,bs8_block14,MILP,True,True,0.024512699979823083,3.319267731765832,3.319267731765832,0.0,0.0,"[2, 2, 2, 2, 2, 1, 0, 2]",0.125,0.0,189.92106887732584,22559.466597206712,1663.9430284857572,1671.6403562924422
8,14,bs8_block14,RiskGreedy,True,True,0.0002442999975755811,3.319267731765832,3.319267731765832,0.0,0.0,"[2, 2, 2, 2, 2, 1, 0, 2]",0.125,0.0,189.92106887732584,22559.466597206712,1663.9430284857572,1671.6403562924422
8,14,bs8_block14,LeastLoaded,True,True,0.00040069996612146497,3.7119217478947206,3.319267731765832,0.3926540161288887,0.11829537351601312,"[2, 1, 0, 0, 2, 2, 0, 1]",0.25,0.0,211.71664167916052,22586.812924043297,1725.6971514242878,1678.905547226387
8,14,bs8_block14,RandomFeasible,True,True,0.001596999994944781,3.603368909458097,3.319267731765832,0.28410117769226506,0.08559152218225097,"[1, 1, 2, 2, 0, 2, 0, 1]",0.25,0.0,218.34156451186172,22586.812924043297,1744.4677661169417,1681.1138548372871
8,15,bs8_block15,MILP,True,True,0.008727300039026886,0.8999216765697289,0.8999216765697289,0.0,0.0,"[2, 2, 2, 2, 2, 1, 2, 1]",0.0,0.0,168.92428785607206,20359.668709217673,1530.3688155922039,1558.8080959520244
8,15,bs8_block15,RiskGreedy,True,True,0.0002376000047661364,0.8999216765697289,0.8999216765697289,0.0,0.0,"[2, 2, 2, 2, 2, 1, 2, 1]",0.0,0.0,168.92428785607206,20359.668709217673,1530.3688155922039,1558.8080959520244
8,15,bs8_block15,LeastLoaded,False,False,0.0004017999744974077,,0.8999216765697289,,,,,,,,,
8,15,bs8_block15,RandomFeasible,True,True,0.0003863999736495316,2.1344423976131575,0.8999216765697289,1.2345207210434286,1.3718090731507941,"[1, 1, 2, 2, 0, 0, 2, 1]",0.25,0.0,205.48042155392872,20359.668709217673,1633.944527736132,1570.9934738513098
8,16,bs8_block16,MILP,True,True,0.010020299989264458,3.396369695328821,3.396369695328821,0.0,0.0,"[1, 2, 2, 1, 2, 1, 2, 2]",0.0,0.0,193.44077961019488,21053.29121072412,1767.248875562219,1806.1469265367318
8,16,bs8_block16,RiskGreedy,True,True,0.00023659999715164304,3.4637920103764115,3.396369695328821,0.06742231504759033,0.019851288609811602,"[2, 0, 1, 2, 2, 2, 2, 2]",0.125,0.0,205.17461857306625,21053.29121072412,1800.494752623688,1810.0582061910222
8,16,bs8_block16,LeastLoaded,True,True,0.00037020002491772175,3.806183307128565,3.396369695328821,0.40981361179974396,0.12066225074478168,"[2, 1, 0, 2, 0, 2, 2, 2]",0.25,0.0,223.43019666637247,21053.29121072412,1852.2188905547227,1816.143398888791
8,16,bs8_block16,RandomFeasible,True,True,0.0010815999703481793,3.877811264287778,3.396369695328821,0.4814415689589566,0.14175181506922074,"[1, 2, 2, 1, 0, 0, 0, 2]",0.375,0.0,241.46088720345674,21053.29121072412,1903.3058470764618,1822.153629067819
8,17,bs8_block17,MILP,True,True,0.010423700034152716,3.3293342843942386,3.3293342843942386,0.0,0.0,"[2, 2, 2, 1, 2, 2, 2, 1]",0.0,0.0,206.59670164917588,51042.10492621745,1892.0239880059971,1935.5322338830588
8,17,bs8_block17,RiskGreedy,True,True,0.00023559998953714967,3.4806497323935197,3.3293342843942386,0.1513154479992811,0.04544916042481821,"[2, 1, 2, 1, 2, 0, 1, 2]",0.0,0.0,225.45286180439223,50988.131912724195,1945.4497751124438,1941.8176206014641
8,17,bs8_block17,LeastLoaded,True,True,0.00036780000664293766,3.676249866699623,3.3293342843942386,0.34691558230538444,0.10419968458304107,"[2, 1, 0, 1, 2, 0, 1, 2]",0.125,0.0,243.70843989769844,50988.131912724195,1997.1739130434783,1947.902813299233
8,17,bs8_block17,RandomFeasible,True,True,0.0012362999841570854,3.654729254247223,3.3293342843942386,0.32539496985298433,0.0977357459652595,"[2, 1, 0, 2, 0, 1, 2, 2]",0.25,0.0,240.8364935179469,50988.131912724195,1989.036731634183,1946.9454978393155
8,18,bs8_block18,MILP,True,True,0.010527200007345527,3.290514870179317,3.290514870179317,0.0,0.0,"[0, 1, 2, 2, 2, 2, 2, 2]",0.125,0.0,222.24358409030768,41383.86914272428,1964.3568215892055,1980.7478613634362
8,18,bs8_block18,RiskGreedy,True,True,0.00023830001009628177,3.290514870179317,3.290514870179317,0.0,0.0,"[0, 1, 2, 2, 2, 2, 2, 2]",0.125,0.0,222.24358409030768,41383.86914272428,1964.3568215892055,1980.7478613634362
8,18,bs8_block18,LeastLoaded,True,True,0.00042530003702268004,3.8814004009228156,3.290514870179317,0.5908855307434986,0.17957236300570137,"[2, 1, 0, 2, 2, 1, 0, 2]",0.25,0.0,244.72704824058513,41383.86914272428,2028.0599700149926,1988.2423494135287
8,18,bs8_block18,RandomFeasible,True,True,0.00363140000263229,3.797986296465179,3.290514870179317,0.507471426285862,0.15422249900308374,"[2, 2, 1, 1, 0, 2, 2, 0]",0.375,18.836148465469737,266.08193733574046,41529.91376747073,2035.1964017991004,1989.0819296234238
8,19,bs8_block19,MILP,True,True,0.0164873999892734,3.3910371904014522,3.3910371904014522,0.0,0.0,"[2, 2, 1, 2, 2, 2, 1, 2]",0.0,0.0,192.2001499250376,71300.2428009999,1753.817091454273,1791.5667166416792
8,19,bs8_block19,RiskGreedy,True,True,0.0002334999735467136,3.5435764389669755,3.3910371904014522,0.15253924856552326,0.04498306565238959,"[2, 1, 1, 2, 2, 0, 2, 2]",0.125,0.0,208.99528177087925,71300.2428009999,1801.4032983508246,1797.1650939236265
8,19,bs8_block19,LeastLoaded,True,True,0.0003798999823629856,3.9261968645504073,3.3910371904014522,0.535159674148955,0.15781592595438315,"[2, 1, 0, 2, 2, 1, 2, 0]",0.125,0.0,218.73952729517507,71370.83103629401,1829.0119940029986,1800.4131757650587
8,19,bs8_block19,RandomFeasible,True,True,0.00039549998473376036,3.6207753133628353,3.3910371904014522,0.22973812296138307,0.06774862971472903,"[1, 2, 1, 0, 1, 0, 2, 2]",0.25,0.0,230.66915071875812,71300.2428009999,1862.8125937031484,1804.389716906253
