batch_size,solver,instances,completion_rate,feasibility_rate,mean_objective,mean_objective_gap,mean_slo_miss,mean_waiting,mean_completion,mean_makespan,mean_energy,mean_cost,mean_runtime_seconds
4,LeastLoaded,20,0.7,0.7,1.4451315052906686,0.3745657815192886,0.26785714285714285,0.0,244.81675128822127,26058.215233485596,988.323730991647,957.2313633099418,0.0003950150014134124
4,MILP,20,1.0,1.0,1.067449710482491,0.0,0.1125,1.0972010215492474,225.4499878634224,23548.902148962865,975.2206146926537,976.5171311403122,0.007806164998328313
4,RandomFeasible,20,1.0,1.0,1.517251933522198,0.4498022230397069,0.25,1.0972010215492474,249.05815436840513,23580.80972458682,1008.6655172413793,980.4518255578093,0.001082384999608621
4,RiskGreedy,20,1.0,1.0,1.0827645052024282,0.015314794719937153,0.1125,0.0,225.55606755445802,23548.532746940342,976.9252623688157,976.7176779257431,0.00023986000742297618
6,LeastLoaded,20,0.6,0.6,2.434860307432651,0.4635493017735741,0.23611111111111108,0.6731845378343609,241.8058289999171,32739.038793706928,1471.0665917041479,1429.7970500044096,0.0005188100039958954
6,MILP,20,1.0,1.0,1.8725873169218699,0.0,0.05833333333333333,6.506040187643959,211.92680039577522,29642.83743824576,1392.544115442279,1417.1051900520329,0.010562309998204001
6,RandomFeasible,20,1.0,1.0,2.4432389909446632,0.5706516740227934,0.2333333333333333,7.429835378309926,246.30425111161975,29662.9446904857,1463.6331334332833,1425.4686039333276,0.0016636500047752633
6,RiskGreedy,20,1.0,1.0,1.9826012154257615,0.11001389850389161,0.08333333333333333,4.545613218965518,215.9177800767131,29643.205353869438,1405.1908545727138,1418.593041714437,0.0003408050077268854
8,LeastLoaded,20,0.75,0.75,3.695017486187657,0.5032024174268838,0.225,0.0,242.49720727871352,33033.4251131333,1964.0698650674663,1905.110180204016,0.0004196400055661798
8,MILP,20,1.0,1.0,2.8835220368633285,0.0,0.05625,8.873495031679987,208.0829160564618,31010.61447288126,1824.3975262368815,1866.3614736749273,0.011942829994950444
8,RandomFeasible,20,1.0,1.0,3.533043220206241,0.6495211833429122,0.2625,7.015431970365766,245.38730118281828,31052.978555947822,1935.3577961019491,1879.4156230708177,0.003112750002765097
8,RiskGreedy,20,1.0,1.0,2.9387654470190134,0.05524341015568483,0.0625,5.793417210410056,209.05875145505252,30999.81987018261,1835.8892803598203,1867.7134447482144,0.000332104999688454
