block,batch_size,candidate_unique_tasks,selection_features,selected_unique_task_count,risk_min,risk_max,risk_std,cpu_unique,memory_unique,estimated_duration_unique,time_min,time_max,mean_pairwise_distance,min_pairwise_distance,max_pairwise_distance,solver_cost_row_spread,preferred_resource_unique
0,4,600,"['risk_hcqkl', 'requested_cpu', 'requested_memory', '_estimated_duration_selection', 'priority', 'scheduling_class', 'collection_type', 'scheduler']",4,0.00703324016695858,0.0728589034482795,0.026972067045486364,4,4,1,1885834.480569,1912776.729806,1.6080977155205207,0.6347598631130281,2.2734387822909987,0.1931157404375003,1
1,4,600,"['risk_hcqkl', 'requested_cpu', 'requested_memory', '_estimated_duration_selection', 'priority', 'scheduling_class', 'collection_type', 'scheduler']",4,0.009425088110293594,0.012898762863375216,0.0013673893022450752,4,4,1,1928350.137417,1954973.489709,1.5790146167981252,0.8345331947543404,1.9719126630507526,0.15125471326896672,1
2,4,600,"['risk_hcqkl', 'requested_cpu', 'requested_memory', '_estimated_duration_selection', 'priority', 'scheduling_class', 'collection_type', 'scheduler']",4,0.009425088110293594,0.013110205943777264,0.001495898848493534,4,4,1,1958757.117807,1969717.335417,1.5983444053663787,0.738777434654289,1.9463793070354576,0.1439971236720845,1
3,4,600,"['risk_hcqkl', 'requested_cpu', 'requested_memory', '_estimated_duration_selection', 'priority', 'scheduling_class', 'collection_type', 'scheduler']",4,0.009425088110293594,0.03866644486110498,0.013382691008786996,4,4,1,1971425.319308,1973291.892426,1.6132970777871734,0.9616418248310317,2.282469787762226,0.2208857049155825,1
4,4,600,"['risk_hcqkl', 'requested_cpu', 'requested_memory', '_estimated_duration_selection', 'priority', 'scheduling_class', 'collection_type', 'scheduler']",4,0.009425088110293594,0.019550780735257216,0.0037583587106851403,4,4,1,1973797.735721,1983073.794422,1.5741511559593169,0.9013837772380775,2.176991753395674,0.1683488526221596,1
5,4,600,"['risk_hcqkl', 'requested_cpu', 'requested_memory', '_estimated_duration_selection', 'priority', 'scheduling_class', 'collection_type', 'scheduler']",4,0.009425088110293594,0.012898762863375216,0.001403275618276971,4,4,1,1984594.956201,1985838.809088,1.5440124272075613,0.9552400305528381,2.205751726545325,0.06493624156549026,1
6,4,600,"['risk_hcqkl', 'requested_cpu', 'requested_memory', '_estimated_duration_selection', 'priority', 'scheduling_class', 'collection_type', 'scheduler']",4,0.009425088110293594,0.036846913247316544,0.011113047816111037,4,4,1,1994938.328121,2000902.550362,1.5971784898601318,1.104409378133989,2.2370889105726017,0.16955597184712845,1
7,4,600,"['risk_hcqkl', 'requested_cpu', 'requested_memory', '_estimated_duration_selection', 'priority', 'scheduling_class', 'collection_type', 'scheduler']",4,0.009425088110293594,0.03728338218203086,0.012632625545157618,4,4,1,2003310.227848,2024478.031761,1.637478886752677,0.8055229412347663,2.0378409537801323,0.1779195754790375,1
8,4,600,"['risk_hcqkl', 'requested_cpu', 'requested_memory', '_estimated_duration_selection', 'priority', 'scheduling_class', 'collection_type', 'scheduler']",4,0.009425088110293594,0.0323930069483478,0.009096496506411929,4,4,1,2030553.90072,2053343.78311,1.6445916462519443,1.0007758083400409,2.2469563157920462,0.1798722020617211,1
9,4,600,"['risk_hcqkl', 'requested_cpu', 'requested_memory', '_estimated_duration_selection', 'priority', 'scheduling_class', 'collection_type', 'scheduler']",4,0.009425088110293594,0.01376711235788603,0.0016315439206139061,4,4,1,2074349.953798,2092207.875522,1.536036578048928,0.6499872200663589,1.9821896230316405,0.16794295459697128,1
10,4,600,"['risk_hcqkl', 'requested_cpu', 'requested_memory', '_estimated_duration_selection', 'priority', 'scheduling_class', 'collection_type', 'scheduler']",4,0.008999142993615698,0.032457536679985965,0.009567632429271642,4,4,2,2121853.636078,2144352.101157,1.7886040153443927,1.037578740598622,2.493498845606238,0.412769554062865,1
11,4,600,"['risk_hcqkl', 'requested_cpu', 'requested_memory', '_estimated_duration_selection', 'priority', 'scheduling_class', 'collection_type', 'scheduler']",4,0.007033240166956906,0.03684691324731656,0.011931330241001141,4,4,1,2200526.039936,2252154.97392,1.6193525387116265,1.0909239856795077,2.2008647241927015,0.18908898125094398,1
12,4,600,"['risk_hcqkl', 'requested_cpu', 'requested_memory', '_estimated_duration_selection', 'priority', 'scheduling_class', 'collection_type', 'scheduler']",4,0.007253467772330396,0.037289533320962825,0.012030767388504992,4,4,2,2295055.538556,2355854.261736,1.8109521350265212,1.2815945986771622,2.183677442204913,0.41973847150009086,1
13,4,600,"['risk_hcqkl', 'requested_cpu', 'requested_memory', '_estimated_duration_selection', 'priority', 'scheduling_class', 'collection_type', 'scheduler']",4,0.003469778059551934,0.013110205943777264,0.003915940673379536,4,4,1,2378710.654985,2409161.445175,1.591282865778992,1.4031465653438906,1.9037198258607568,0.21014882699393075,1
14,4,600,"['risk_hcqkl', 'requested_cpu', 'requested_memory', '_estimated_duration_selection', 'priority', 'scheduling_class', 'collection_type', 'scheduler']",4,0.005191090708235212,0.04009813556534263,0.014426186845868045,4,4,1,2426389.233621,2439702.353879,1.591933390418878,0.9146398092249922,2.1450663731112116,0.1774635488029937,1
15,4,600,"['risk_hcqkl', 'requested_cpu', 'requested_memory', '_estimated_duration_selection', 'priority', 'scheduling_class', 'collection_type', 'scheduler']",4,0.009425578287729754,0.0395145989044656,0.01230520638120692,4,4,1,2448241.683586,2466951.386212,1.5001031646471805,0.6521807196359702,2.265876011741024,0.15797989261170362,1
16,4,600,"['risk_hcqkl', 'requested_cpu', 'requested_memory', '_estimated_duration_selection', 'priority', 'scheduling_class', 'collection_type', 'scheduler']",4,0.009425578287729754,0.03728157268201035,0.011375870297913175,4,4,1,2469033.148515,2489475.084574,1.632731912813684,1.1728309483732473,2.172554258637023,0.1938684272210641,1
17,4,600,"['risk_hcqkl', 'requested_cpu', 'requested_memory', '_estimated_duration_selection', 'priority', 'scheduling_class', 'collection_type', 'scheduler']",4,0.007176508981220166,0.03635244397602739,0.011633154399071229,4,4,1,2495687.149131,2539521.492545,1.5998003099955314,0.9003592135178726,2.175751767298653,0.17543533601876438,1
18,4,600,"['risk_hcqkl', 'requested_cpu', 'requested_memory', '_estimated_duration_selection', 'priority', 'scheduling_class', 'collection_type', 'scheduler']",4,0.009427872954620008,0.013299561482017878,0.0018295542703900154,4,4,1,2554577.21242,2587609.832142,1.6389343314333675,1.093296998410446,2.054679724472766,0.09140246480701154,1
19,4,600,"['risk_hcqkl', 'requested_cpu', 'requested_memory', '_estimated_duration_selection', 'priority', 'scheduling_class', 'collection_type', 'scheduler']",4,0.007625414898557317,0.013299561482017878,0.0022337101866933243,4,4,2,2609409.929631,2636410.234853,1.6915699629217995,1.048132946656425,2.4179500655782205,0.4912252416216535,1
0,6,600,"['risk_hcqkl', 'requested_cpu', 'requested_memory', '_estimated_duration_selection', 'priority', 'scheduling_class', 'collection_type', 'scheduler']",6,0.00703324016695858,0.0728589034482795,0.023570658020177337,6,6,2,1883311.31719,1912776.729806,1.611699985528091,0.6474185870702368,2.400794097022735,0.2668351202346911,1
1,6,600,"['risk_hcqkl', 'requested_cpu', 'requested_memory', '_estimated_duration_selection', 'priority', 'scheduling_class', 'collection_type', 'scheduler']",6,0.00858297880696651,0.012898762863375216,0.0017162075417994035,6,6,1,1928350.137417,1954973.489709,1.380293154100173,0.41881288063113886,2.070230339998925,0.13260714478346755,1
2,6,600,"['risk_hcqkl', 'requested_cpu', 'requested_memory', '_estimated_duration_selection', 'priority', 'scheduling_class', 'collection_type', 'scheduler']",6,0.009425088110293594,0.014843217622141096,0.0016914793358870006,6,6,2,1958757.117807,1969717.335417,1.4928830906933093,0.6956489303012212,2.068814345474022,0.3470175358386118,1
3,6,600,"['risk_hcqkl', 'requested_cpu', 'requested_memory', '_estimated_duration_selection', 'priority', 'scheduling_class', 'collection_type', 'scheduler']",6,0.009425088110293594,0.03866644486110498,0.012228097599362836,6,6,2,1971400.253294,1973291.892426,1.6270841581843212,0.7725638166604737,2.3338646931612477,0.30570908720684165,1
4,6,600,"['risk_hcqkl', 'requested_cpu', 'requested_memory', '_estimated_duration_selection', 'priority', 'scheduling_class', 'collection_type', 'scheduler']",6,0.009425088110293594,0.019550780735257216,0.003245696854904885,6,6,2,1973797.735721,1983073.794422,1.534432789502734,0.7879614875818873,2.1775489080128674,0.3351698132294017,1
5,6,600,"['risk_hcqkl', 'requested_cpu', 'requested_memory', '_estimated_duration_selection', 'priority', 'scheduling_class', 'collection_type', 'scheduler']",6,0.009425088110293594,0.023037218774670017,0.004486227243394878,6,6,1,1984594.956201,1992756.141432,1.3263315345904743,0.5758895813090767,2.234515372989336,0.11202863668616836,1
6,6,600,"['risk_hcqkl', 'requested_cpu', 'requested_memory', '_estimated_duration_selection', 'priority', 'scheduling_class', 'collection_type', 'scheduler']",6,0.009425088110293594,0.036846913247316544,0.009819427284691087,6,6,1,1994938.328121,2001521.095347,1.3597766511252933,0.7312906075868061,2.26636828551997,0.13926979623099464,1
7,6,600,"['risk_hcqkl', 'requested_cpu', 'requested_memory', '_estimated_duration_selection', 'priority', 'scheduling_class', 'collection_type', 'scheduler']",6,0.007625414898557317,0.03728338218203086,0.012299908938652177,6,6,2,2003310.227848,2025962.510864,1.6341838252336487,0.8751604825172801,2.146476277519185,0.3191262214556711,1
8,6,600,"['risk_hcqkl', 'requested_cpu', 'requested_memory', '_estimated_duration_selection', 'priority', 'scheduling_class', 'collection_type', 'scheduler']",6,0.009425088110293594,0.0323930069483478,0.007835176608716092,6,6,1,2030553.90072,2053949.68027,1.3734180450104074,0.4567117001443442,2.405188730853916,0.16213110288392713,1
9,6,600,"['risk_hcqkl', 'requested_cpu', 'requested_memory', '_estimated_duration_selection', 'priority', 'scheduling_class', 'collection_type', 'scheduler']",6,0.0030866407445715232,0.01376711235788603,0.0035770830335934804,6,6,1,2074349.953798,2092207.875522,1.3416232910749477,0.6514424533745689,2.2400301733244623,0.19122280004125977,1
10,6,600,"['risk_hcqkl', 'requested_cpu', 'requested_memory', '_estimated_duration_selection', 'priority', 'scheduling_class', 'collection_type', 'scheduler']",6,0.008999142993615698,0.037282773767406144,0.01135052490312545,6,6,2,2121853.636078,2191413.975751,1.5745368260521413,0.6730976467275097,2.1865906185596895,0.489723788026942,1
11,6,600,"['risk_hcqkl', 'requested_cpu', 'requested_memory', '_estimated_duration_selection', 'priority', 'scheduling_class', 'collection_type', 'scheduler']",6,0.006309199041526643,0.03684691324731656,0.010760595119575644,5,6,2,2200323.620507,2252154.97392,1.6088918484901127,0.17175295749557523,2.359359423403081,0.28878770073611904,1
12,6,600,"['risk_hcqkl', 'requested_cpu', 'requested_memory', '_estimated_duration_selection', 'priority', 'scheduling_class', 'collection_type', 'scheduler']",6,0.006333459108398726,0.037289533320962825,0.010538724487917704,6,6,2,2295055.538556,2355854.261736,1.5507472106069338,0.8213729880952783,2.338388963804121,0.28622058073231055,1
13,6,600,"['risk_hcqkl', 'requested_cpu', 'requested_memory', '_estimated_duration_selection', 'priority', 'scheduling_class', 'collection_type', 'scheduler']",6,0.003469778059551934,0.037302849920374255,0.010773449652989615,6,6,1,2378710.654985,2415640.057748,1.3386156201233654,0.7349778335407197,2.068397867579977,0.15318631066612573,1
14,6,600,"['risk_hcqkl', 'requested_cpu', 'requested_memory', '_estimated_duration_selection', 'priority', 'scheduling_class', 'collection_type', 'scheduler']",6,0.005191090708235212,0.04009813556534263,0.012104206638768124,6,6,2,2425709.781151,2445911.700394,1.5874935026676131,0.9044413808970698,2.263268847658445,0.2706165136864704,1
15,6,600,"['risk_hcqkl', 'requested_cpu', 'requested_memory', '_estimated_duration_selection', 'priority', 'scheduling_class', 'collection_type', 'scheduler']",6,0.009425578287729754,0.0395145989044656,0.010416558302727096,6,6,1,2446852.587068,2466951.386212,1.312170361034132,0.5540040798278204,2.4172268729800463,0.1312525882854832,1
16,6,600,"['risk_hcqkl', 'requested_cpu', 'requested_memory', '_estimated_duration_selection', 'priority', 'scheduling_class', 'collection_type', 'scheduler']",6,0.009425578287729754,0.03728157268201035,0.009825761836188428,6,6,1,2468628.689915,2489475.084574,1.3950289003245586,0.5510215245180288,2.351458077969847,0.1413385678656486,1
17,6,600,"['risk_hcqkl', 'requested_cpu', 'requested_memory', '_estimated_duration_selection', 'priority', 'scheduling_class', 'collection_type', 'scheduler']",6,0.007176508981220166,0.03635244397602739,0.010057675345379085,6,6,1,2495687.149131,2546468.384492,1.379908429107521,0.8018585275180137,2.257971485903123,0.14067002938539905,1
18,6,600,"['risk_hcqkl', 'requested_cpu', 'requested_memory', '_estimated_duration_selection', 'priority', 'scheduling_class', 'collection_type', 'scheduler']",6,0.006917566342695914,0.03728338218203086,0.010241655581204956,6,6,2,2554521.005056,2587609.832142,1.586841551688566,0.7966767696426779,2.3976422487460747,0.2826155125223544,1
19,6,600,"['risk_hcqkl', 'requested_cpu', 'requested_memory', '_estimated_duration_selection', 'priority', 'scheduling_class', 'collection_type', 'scheduler']",6,0.007625414898557317,0.03727657089507068,0.009825812996377139,6,6,2,2609409.929631,2677130.27483,1.5131759290948483,0.6999124642341996,2.4356344217182433,0.29192359629820536,1
0,8,600,"['risk_hcqkl', 'requested_cpu', 'requested_memory', '_estimated_duration_selection', 'priority', 'scheduling_class', 'collection_type', 'scheduler']",8,0.00703324016695858,0.0728589034482795,0.020755337528401707,8,8,2,1883311.31719,1912776.729806,1.5137324359472237,0.40024766974198656,2.6923085860909324,0.20486830243997886,1
1,8,600,"['risk_hcqkl', 'requested_cpu', 'requested_memory', '_estimated_duration_selection', 'priority', 'scheduling_class', 'collection_type', 'scheduler']",8,0.00858297880696651,0.03195807550637361,0.007171884913578225,8,8,1,1928350.137417,1954973.489709,1.2732085971602807,0.2949581451387254,2.5411632085764118,0.1439211719054122,1
2,8,600,"['risk_hcqkl', 'requested_cpu', 'requested_memory', '_estimated_duration_selection', 'priority', 'scheduling_class', 'collection_type', 'scheduler']",8,0.006791768166412285,0.014843217622141096,0.0025171545435002233,7,8,2,1958757.117807,1971031.210939,1.3913323280515542,0.5673562809041802,2.164292914449274,0.4479499606950919,1
3,8,600,"['risk_hcqkl', 'requested_cpu', 'requested_memory', '_estimated_duration_selection', 'priority', 'scheduling_class', 'collection_type', 'scheduler']",8,0.009425088110293594,0.03866644486110498,0.011009677476980726,8,8,2,1971400.253294,1973291.892426,1.482287175166991,0.3941380361638127,2.453680432512289,0.2509241213642995,1
4,8,600,"['risk_hcqkl', 'requested_cpu', 'requested_memory', '_estimated_duration_selection', 'priority', 'scheduling_class', 'collection_type', 'scheduler']",8,0.009425088110293594,0.019550780735257216,0.0029829364580182564,8,8,2,1973797.735721,1983073.794422,1.3923187643363666,0.46214923331637336,2.3182797339366803,0.43963154296004486,1
5,8,600,"['risk_hcqkl', 'requested_cpu', 'requested_memory', '_estimated_duration_selection', 'priority', 'scheduling_class', 'collection_type', 'scheduler']",8,0.009425088110293594,0.037281863385447506,0.008781552672117034,8,8,2,1984594.956201,1992756.141432,1.4344216564154588,0.48584632609256456,2.3481555595783163,0.21765552231224775,1
6,8,600,"['risk_hcqkl', 'requested_cpu', 'requested_memory', '_estimated_duration_selection', 'priority', 'scheduling_class', 'collection_type', 'scheduler']",8,0.009425088110293594,0.037281288321742594,0.010961852662519153,8,8,2,1994938.328121,2001521.095347,1.4840140998245022,0.5177490088863187,2.1692029342448182,0.2554734112740479,1
7,8,600,"['risk_hcqkl', 'requested_cpu', 'requested_memory', '_estimated_duration_selection', 'priority', 'scheduling_class', 'collection_type', 'scheduler']",8,0.007625414898557317,0.03728338218203086,0.012878522834018162,8,8,2,2003310.227848,2026553.504745,1.550819831774371,0.5728998126286181,2.361202634994452,0.2764118024081269,1
8,8,600,"['risk_hcqkl', 'requested_cpu', 'requested_memory', '_estimated_duration_selection', 'priority', 'scheduling_class', 'collection_type', 'scheduler']",8,0.0038435232292995023,0.037281288321742594,0.011013755782504802,8,8,1,2030553.90072,2053949.68027,1.2315147384357694,0.3374528009090352,2.2674439804162105,0.17797553320572285,1
9,8,600,"['risk_hcqkl', 'requested_cpu', 'requested_memory', '_estimated_duration_selection', 'priority', 'scheduling_class', 'collection_type', 'scheduler']",8,0.0030866407445715232,0.032323386811003205,0.00789298476075588,8,8,1,2069640.738793,2092207.875522,1.2239356940088346,0.5421063398733655,2.2266839263720732,0.1502178651554284,1
10,8,600,"['risk_hcqkl', 'requested_cpu', 'requested_memory', '_estimated_duration_selection', 'priority', 'scheduling_class', 'collection_type', 'scheduler']",8,0.008999142993615698,0.037282773767406144,0.010528898622972937,8,8,2,2121853.636078,2191504.742179,1.4616103983363424,0.47059687452531024,2.2074178859592526,0.49607234103698605,1
11,8,600,"['risk_hcqkl', 'requested_cpu', 'requested_memory', '_estimated_duration_selection', 'priority', 'scheduling_class', 'collection_type', 'scheduler']",8,0.006309199041526643,0.0372742450111089,0.012362842894371175,7,8,2,2200323.620507,2252154.97392,1.4727155023133285,0.16722348516509042,2.4057668493089164,0.267742539659111,1
12,8,600,"['risk_hcqkl', 'requested_cpu', 'requested_memory', '_estimated_duration_selection', 'priority', 'scheduling_class', 'collection_type', 'scheduler']",8,0.006333459108398726,0.037289533320962825,0.00945734073039457,8,8,2,2295055.538556,2362460.112567,1.4805271758010576,0.5878903016921851,2.5666330815406164,0.23261550648839507,1
13,8,600,"['risk_hcqkl', 'requested_cpu', 'requested_memory', '_estimated_duration_selection', 'priority', 'scheduling_class', 'collection_type', 'scheduler']",8,0.003469778059551934,0.037302849920374255,0.009638610959361499,8,8,2,2378710.654985,2415640.057748,1.4441031601053091,0.5541513337957452,2.505795747320185,0.22890848165346894,1
14,8,600,"['risk_hcqkl', 'requested_cpu', 'requested_memory', '_estimated_duration_selection', 'priority', 'scheduling_class', 'collection_type', 'scheduler']",8,0.005191090708235212,0.04009813556534263,0.010756633296157982,8,8,2,2423457.061383,2445911.700394,1.4627978311004137,0.5539025538781566,2.5247617378321716,0.21498355255390916,1
15,8,600,"['risk_hcqkl', 'requested_cpu', 'requested_memory', '_estimated_duration_selection', 'priority', 'scheduling_class', 'collection_type', 'scheduler']",8,0.009425578287729754,0.0395145989044656,0.009327493775980952,8,8,1,2446852.587068,2466951.386212,1.2520456052986366,0.4014588780072666,2.6138313928294146,0.10771466612440783,1
16,8,600,"['risk_hcqkl', 'requested_cpu', 'requested_memory', '_estimated_duration_selection', 'priority', 'scheduling_class', 'collection_type', 'scheduler']",8,0.007625414898557417,0.03728157268201035,0.008947192070861467,8,8,2,2468628.689915,2489475.084574,1.4732195989370624,0.5317011257322446,2.757071373811722,0.2117464680307536,1
17,8,600,"['risk_hcqkl', 'requested_cpu', 'requested_memory', '_estimated_duration_selection', 'priority', 'scheduling_class', 'collection_type', 'scheduler']",8,0.007176508981220166,0.03635244397602739,0.009032702263427662,8,8,2,2495687.149131,2546468.384492,1.4581658731459648,0.5278746541239216,2.64760898504821,0.22565931109422238,1
18,8,600,"['risk_hcqkl', 'requested_cpu', 'requested_memory', '_estimated_duration_selection', 'priority', 'scheduling_class', 'collection_type', 'scheduler']",8,0.006917566342695914,0.03728338218203086,0.009052034528480454,8,8,2,2554521.005056,2595697.977647,1.493123487567301,0.6205802945025612,2.710147289193338,0.21994443567483052,1
19,8,600,"['risk_hcqkl', 'requested_cpu', 'requested_memory', '_estimated_duration_selection', 'priority', 'scheduling_class', 'collection_type', 'scheduler']",8,0.005191090708235386,0.03727657089507068,0.009496629835774864,8,8,2,2605930.032029,2677130.27483,1.4135559707107166,0.5378505803450865,2.560206311486724,0.24065503195848548,1
