success,timed_out,sampler,elapsed_seconds,status,raw_x,raw_bits,fval,wall_seconds,worker_exit_code,block,attempted,penalty,reps,shots,maxiter,timeout_seconds,qubo_validated_against_milp,raw_assignment,raw_one_hot,raw_feasible,repair_required,repair_hamming_changes,repaired_assignment,repaired_feasible,raw_objective,raw_objective_gap,repaired_objective,repaired_objective_gap
True,False,StatevectorSampler,1.3508106999797747,OptimizationResultStatus.SUCCESS,"[0.0, 1.0, 1.0, 0.0]","[0, 1, 1, 0]",0.8167322122156477,4.972007799951825,0,0,True,27.697184250436756,1,512,50,120,True,"[1, 0]",True,True,False,0,"[1, 0]",True,0.8167322122156496,0.0,0.8167322122156496,0.0
True,False,StatevectorSampler,1.570448899990879,OptimizationResultStatus.SUCCESS,"[1.0, 0.0, 0.0, 1.0]","[1, 0, 0, 1]",0.8638713243774134,5.2424991999869235,0,1,True,28.638713243774113,1,512,50,120,True,"[0, 1]",True,True,False,0,"[0, 1]",True,0.8638713243774111,0.0,0.8638713243774111,0.0
True,False,StatevectorSampler,1.6662757000303827,OptimizationResultStatus.SUCCESS,"[0.0, 1.0, 1.0, 0.0]","[0, 1, 1, 0]",0.8638713243774134,5.31602520000888,0,2,True,28.638713243774134,1,512,50,120,True,"[1, 0]",True,True,False,0,"[1, 0]",True,0.8638713243774134,0.0,0.8638713243774134,0.0
True,False,StatevectorSampler,1.3528799999621697,OptimizationResultStatus.SUCCESS,"[0.0, 1.0, 1.0, 0.0]","[0, 1, 1, 0]",0.8254143483498595,4.7771690000081435,0,3,True,27.820017479394533,1,512,50,120,True,"[1, 0]",True,True,False,0,"[1, 0]",True,0.8254143483498582,0.0,0.8254143483498582,0.0
True,False,StatevectorSampler,1.5817966000176966,OptimizationResultStatus.SUCCESS,"[0.0, 1.0, 1.0, 0.0]","[0, 1, 1, 0]",0.943010492079317,5.227656599949114,0,4,True,28.95737014383141,1,512,50,120,True,"[1, 0]",True,True,False,0,"[1, 0]",True,0.9430104920793172,0.0,0.9430104920793172,0.0
True,False,StatevectorSampler,0.7134120999835432,OptimizationResultStatus.SUCCESS,"[0.0, 1.0, 1.0, 0.0]","[0, 1, 1, 0]",0.952963474680665,4.2865760999848135,0,5,True,29.446373110063693,1,512,50,120,True,"[1, 0]",True,True,False,0,"[1, 0]",True,0.9529634746806652,0.0,0.9529634746806652,0.0
True,False,StatevectorSampler,1.2972150000277907,OptimizationResultStatus.SUCCESS,"[0.0, 1.0, 1.0, 0.0]","[0, 1, 1, 0]",0.8300050183664851,4.964373000024352,0,6,True,27.828826212414764,1,512,50,120,True,"[1, 0]",True,True,False,0,"[1, 0]",True,0.8300050183664809,0.0,0.8300050183664809,0.0
True,False,StatevectorSampler,0.9623170000268146,OptimizationResultStatus.SUCCESS,"[1.0, 0.0, 0.0, 1.0]","[1, 0, 0, 1]",0.8322257528430512,4.492523199995048,0,7,True,27.906430932801843,1,512,50,120,True,"[0, 1]",True,True,False,0,"[0, 1]",True,0.832225752843054,0.0,0.832225752843054,0.0
True,False,StatevectorSampler,1.5482302000164054,OptimizationResultStatus.SUCCESS,"[1.0, 0.0, 0.0, 1.0]","[1, 0, 0, 1]",0.8638713243774134,4.9414448000025,0,8,True,28.638713243774102,1,512,50,120,True,"[0, 1]",True,True,False,0,"[0, 1]",True,0.8638713243774103,0.0,0.8638713243774103,0.0
True,False,StatevectorSampler,1.2363483000081033,OptimizationResultStatus.SUCCESS,"[1.0, 0.0, 0.0, 1.0]","[1, 0, 0, 1]",0.8731909473039394,4.898171700013336,0,9,True,28.731909473039398,1,512,50,120,True,"[0, 1]",True,True,False,0,"[0, 1]",True,0.8731909473039398,0.0,0.8731909473039398,0.0
True,False,StatevectorSampler,0.9935754000325687,OptimizationResultStatus.SUCCESS,"[1.0, 0.0, 0.0, 1.0]","[1, 0, 0, 1]",0.8322571339042852,4.628218199999537,0,10,True,27.90511366911078,1,512,50,120,True,"[0, 1]",True,True,False,0,"[0, 1]",True,0.832257133904289,0.0,0.832257133904289,0.0
True,False,StatevectorSampler,1.4111689000274055,OptimizationResultStatus.SUCCESS,"[1.0, 0.0, 0.0, 1.0]","[1, 0, 0, 1]",0.8468275633879898,5.010042499983683,0,11,True,27.994887011323996,1,512,50,120,True,"[0, 1]",True,True,False,0,"[0, 1]",True,0.8468275633879857,0.0,0.8468275633879857,0.0
True,False,StatevectorSampler,1.560102699964773,OptimizationResultStatus.SUCCESS,"[1.0, 0.0, 0.0, 1.0]","[1, 0, 0, 1]",0.827619567405371,5.012586699973326,0,12,True,27.832711231013395,1,512,50,120,True,"[0, 1]",True,True,False,0,"[0, 1]",True,0.8276195674053654,0.0,0.8276195674053654,0.0
True,False,StatevectorSampler,1.5516330999671482,OptimizationResultStatus.SUCCESS,"[0.0, 1.0, 1.0, 0.0]","[0, 1, 1, 0]",0.9537726026693889,4.904338699998334,0,13,True,29.388127296680402,1,512,50,120,True,"[1, 0]",True,True,False,0,"[1, 0]",True,0.9537726026693861,0.0,0.9537726026693861,0.0
True,False,StatevectorSampler,1.4686825000098906,OptimizationResultStatus.SUCCESS,"[1.0, 0.0, 0.0, 1.0]","[1, 0, 0, 1]",0.9207697476909047,4.819885200005956,0,14,True,29.20769747690903,1,512,50,120,True,"[0, 1]",True,True,False,0,"[0, 1]",True,0.9207697476909026,0.0,0.9207697476909026,0.0
True,False,StatevectorSampler,1.0310951000428759,OptimizationResultStatus.SUCCESS,"[0.0, 1.0, 1.0, 0.0]","[0, 1, 1, 0]",0.8243577572711587,4.627843099995516,0,15,True,27.81202887589327,1,512,50,120,True,"[1, 0]",True,True,False,0,"[1, 0]",True,0.8243577572711573,0.0,0.8243577572711573,0.0
True,False,StatevectorSampler,1.8729451000108384,OptimizationResultStatus.SUCCESS,"[0.0, 1.0, 1.0, 0.0]","[0, 1, 1, 0]",0.9536318922909857,5.419421800004784,0,16,True,29.391351105925068,1,512,50,120,True,"[1, 0]",True,True,False,0,"[1, 0]",True,0.9536318922909894,0.0,0.9536318922909894,0.0
True,False,StatevectorSampler,1.1558503999840468,OptimizationResultStatus.SUCCESS,"[0.0, 1.0, 1.0, 0.0]","[0, 1, 1, 0]",0.8353981120382272,4.611790700000711,0,17,True,28.353981120382254,1,512,50,120,True,"[1, 0]",True,True,False,0,"[1, 0]",True,0.8353981120382252,0.0,0.8353981120382252,0.0
True,False,StatevectorSampler,1.6216653999872506,OptimizationResultStatus.SUCCESS,"[0.0, 1.0, 1.0, 0.0]","[0, 1, 1, 0]",0.9537068544249223,4.88229360000696,0,18,True,29.389318794583872,1,512,50,120,True,"[1, 0]",True,True,False,0,"[1, 0]",True,0.9537068544249163,0.0,0.9537068544249163,0.0
True,False,StatevectorSampler,1.0382459000102244,OptimizationResultStatus.SUCCESS,"[0.0, 1.0, 1.0, 0.0]","[0, 1, 1, 0]",0.6596470257309619,4.508911800046917,0,19,True,26.596470257309576,1,512,50,120,True,"[1, 0]",True,True,False,0,"[1, 0]",True,0.6596470257309575,0.0,0.6596470257309575,0.0
