block,batch_size,candidate_unique_tasks,selection_features,selected_unique_task_count,risk_min,risk_max,risk_std,cpu_unique,memory_unique,estimated_duration_unique,time_min,time_max,mean_pairwise_distance,min_pairwise_distance,max_pairwise_distance,cost_matrix_row_distance,feasible_assignment_count,feasible_objective_unique,feasible_objective_range
0,2,600,"['risk_hcqkl', 'requested_cpu', 'requested_memory', '_estimated_duration_selection', 'priority', 'scheduling_class', 'collection_type', 'scheduler']",2,0.012831069563753267,0.0728589034482795,0.030013916942263116,2,2,1,1886407.38513,1912776.729806,2.339937743183632,2.339937743183632,2.339937743183632,0.3851737701397042,2,2,0.13625400061237625
1,2,600,"['risk_hcqkl', 'requested_cpu', 'requested_memory', '_estimated_duration_selection', 'priority', 'scheduling_class', 'collection_type', 'scheduler']",2,0.012529789642752143,0.012898762863375216,0.00018448661031153675,2,2,1,1941436.616633,1954973.489709,2.4526377838493496,2.4526377838493496,2.4526377838493496,0.38133581410577483,2,2,0.1361286756225889
2,2,600,"['risk_hcqkl', 'requested_cpu', 'requested_memory', '_estimated_duration_selection', 'priority', 'scheduling_class', 'collection_type', 'scheduler']",2,0.012529789642752009,0.012898762863375216,0.00018448661031160356,2,2,1,1959511.435013,1969717.335417,2.4526377838493514,2.4526377838493514,2.4526377838493514,0.38133581410576844,2,2,0.13612867562258657
3,2,600,"['risk_hcqkl', 'requested_cpu', 'requested_memory', '_estimated_duration_selection', 'priority', 'scheduling_class', 'collection_type', 'scheduler']",2,0.009425088110293594,0.03866644486110498,0.014620678375405692,2,2,1,1971425.319308,1972538.655723,2.437490107608923,2.437490107608923,2.437490107608923,0.36069550655943416,2,2,0.13117305123973677
4,2,600,"['risk_hcqkl', 'requested_cpu', 'requested_memory', '_estimated_duration_selection', 'priority', 'scheduling_class', 'collection_type', 'scheduler']",2,0.012529789642752009,0.019550780735257216,0.0035104955462526037,2,2,1,1973797.735721,1983073.794422,2.4526377838493465,2.4526377838493465,2.4526377838493465,0.02707115448719321,2,2,0.009716030224506733
5,2,600,"['risk_hcqkl', 'requested_cpu', 'requested_memory', '_estimated_duration_selection', 'priority', 'scheduling_class', 'collection_type', 'scheduler']",2,0.009425088110293594,0.012898762863375216,0.0017368373765408113,2,2,1,1985493.87614,1985719.688618,2.437490107608923,2.437490107608923,2.437490107608923,0.10894998142730412,2,2,0.03871036164503883
6,2,600,"['risk_hcqkl', 'requested_cpu', 'requested_memory', '_estimated_duration_selection', 'priority', 'scheduling_class', 'collection_type', 'scheduler']",2,0.009425088110293594,0.036846913247316544,0.013710912568511476,2,2,1,1994938.328121,1997139.193908,2.437490107608923,2.437490107608923,2.437490107608923,0.3439620405471349,2,2,0.12287258450851457
7,2,600,"['risk_hcqkl', 'requested_cpu', 'requested_memory', '_estimated_duration_selection', 'priority', 'scheduling_class', 'collection_type', 'scheduler']",2,0.009425088110293594,0.03239300694834549,0.011483959419025946,2,2,1,2003310.227848,2024478.031761,2.4683177657247843,2.4683177657247843,2.4683177657247843,0.341878052966751,2,2,0.12619158759407634
8,2,600,"['risk_hcqkl', 'requested_cpu', 'requested_memory', '_estimated_duration_selection', 'priority', 'scheduling_class', 'collection_type', 'scheduler']",2,0.012529789642752186,0.012898762863375216,0.00018448661031151507,2,2,1,2031168.796198,2053343.78311,2.452637783849341,2.452637783849341,2.452637783849341,0.3813358141057769,2,2,0.13612867562258968
9,2,600,"['risk_hcqkl', 'requested_cpu', 'requested_memory', '_estimated_duration_selection', 'priority', 'scheduling_class', 'collection_type', 'scheduler']",2,0.012831069563753267,0.01376711235788603,0.0004680213970663814,2,2,1,2074943.176951,2092207.875522,2.4526377838493483,2.4526377838493483,2.4526377838493483,0.3552522918201303,2,2,0.12680905269606024
10,2,600,"['risk_hcqkl', 'requested_cpu', 'requested_memory', '_estimated_duration_selection', 'priority', 'scheduling_class', 'collection_type', 'scheduler']",2,0.009425088110293594,0.032457536679985965,0.011516224284846185,2,2,1,2121853.636078,2127618.085476,2.468317765724785,2.468317765724785,2.468317765724785,0.3417748192364585,2,2,0.12599709910249968
11,2,600,"['risk_hcqkl', 'requested_cpu', 'requested_memory', '_estimated_duration_selection', 'priority', 'scheduling_class', 'collection_type', 'scheduler']",2,0.012529789642752009,0.03684691324731656,0.012158561802282274,2,2,1,2235632.849181,2252154.97392,2.452637783849346,2.452637783849346,2.452637783849346,0.296470468491326,2,2,0.10583357435642837
12,2,600,"['risk_hcqkl', 'requested_cpu', 'requested_memory', '_estimated_duration_selection', 'priority', 'scheduling_class', 'collection_type', 'scheduler']",2,0.009425088110293594,0.037289533320962825,0.013932222605334615,2,2,1,2295055.538556,2355854.261736,2.4374901076089226,2.4374901076089226,2.4374901076089226,0.3539367271540357,2,2,0.1280319882906088
13,2,600,"['risk_hcqkl', 'requested_cpu', 'requested_memory', '_estimated_duration_selection', 'priority', 'scheduling_class', 'collection_type', 'scheduler']",2,0.009426752869729958,0.012990633710412421,0.0017819404203412315,2,2,1,2378710.654985,2409161.445175,2.468317765724785,2.468317765724785,2.468317765724785,0.0896535499040363,2,2,0.03126752432926749
14,2,600,"['risk_hcqkl', 'requested_cpu', 'requested_memory', '_estimated_duration_selection', 'priority', 'scheduling_class', 'collection_type', 'scheduler']",2,0.006309199041526692,0.009426752869729958,0.001558776914101633,2,2,1,2433684.423249,2434647.848946,2.4683177657247843,2.4683177657247843,2.4683177657247843,0.3707170314204419,2,2,0.07923025230909742
15,2,600,"['risk_hcqkl', 'requested_cpu', 'requested_memory', '_estimated_duration_selection', 'priority', 'scheduling_class', 'collection_type', 'scheduler']",2,0.009425578287729754,0.0395145989044656,0.015044510308367922,2,2,1,2448241.683586,2466951.386212,2.437490107608923,2.437490107608923,2.437490107608923,0.3637975661436037,2,2,0.1324873730470124
16,2,600,"['risk_hcqkl', 'requested_cpu', 'requested_memory', '_estimated_duration_selection', 'priority', 'scheduling_class', 'collection_type', 'scheduler']",2,0.009425578287729754,0.012992461191435765,0.0017834414518530057,2,2,1,2469033.148515,2489475.084574,2.4683177657247843,2.4683177657247843,2.4683177657247843,0.09103630324217195,2,2,0.031871326010528
17,2,600,"['risk_hcqkl', 'requested_cpu', 'requested_memory', '_estimated_duration_selection', 'priority', 'scheduling_class', 'collection_type', 'scheduler']",2,0.007176508981220166,0.009425578287729754,0.001124534653254794,2,2,1,2506033.28223,2539521.492545,2.468317765724785,2.468317765724785,2.468317765724785,0.4760030935051927,2,2,0.16460188796177477
18,2,600,"['risk_hcqkl', 'requested_cpu', 'requested_memory', '_estimated_duration_selection', 'priority', 'scheduling_class', 'collection_type', 'scheduler']",2,0.009427872954620008,0.012994687371697572,0.0017834072085387816,2,2,1,2554577.21242,2568085.03121,2.468317765724785,2.468317765724785,2.468317765724785,0.09020952502382865,2,2,0.031518170608554774
19,2,600,"['risk_hcqkl', 'requested_cpu', 'requested_memory', '_estimated_duration_selection', 'priority', 'scheduling_class', 'collection_type', 'scheduler']",2,0.007625414898557317,0.012633334739544281,0.0025039599204934823,2,2,2,2614427.158672,2620078.229234,2.678791878053598,2.678791878053598,2.678791878053598,1.1826586163436876,2,2,0.34035297426904254
