block,solver,completed,feasible,runtime_seconds,objective,milp_objective,objective_gap,relative_objective_gap,assignment,slo_miss_rate,mean_waiting,mean_completion,makespan,total_energy,total_cost,milp_status,qubo_valid,qaoa_success,qaoa_timeout,repair_required,repair_hamming_changes
0,MILP,True,True,0.0032819000189192593,0.8167322122156496,0.8167322122156496,0.0,0.0,"[1, 0]",0.5,0.0,279.91886409736264,26722.28585247042,548.2758620689656,523.3265720081135,Optimization terminated successfully. (HiGHS Status 7: Optimal),True,,,,
0,RiskGreedy,True,True,0.0002112000365741551,0.8167322122156496,0.8167322122156496,0.0,0.0,"[1, 0]",0.5,0.0,279.91886409736264,26722.28585247042,548.2758620689656,523.3265720081135,,True,,,,
0,LeastLoaded,True,True,0.0003375000087544322,0.8167322122156496,0.8167322122156496,0.0,0.0,"[1, 0]",0.5,0.0,279.91886409736264,26722.28585247042,548.2758620689656,523.3265720081135,,True,,,,
0,RandomFeasible,True,True,0.00021329999435693026,0.9529862128280259,0.8167322122156496,0.13625400061237625,0.16682824379210331,"[0, 1]",0.5,0.0,279.918864097363,26576.24122772397,548.2758620689656,523.3265720081135,,True,,,,
0,QAOA_raw,True,True,4.972007799951825,0.8167322122156496,0.8167322122156496,0.0,0.0,"[1, 0]",0.5,0.0,279.91886409736264,26722.28585247042,548.2758620689656,523.3265720081135,,,True,False,False,
0,QAOA_repaired,True,True,4.972007799951825,0.8167322122156496,0.8167322122156496,0.0,0.0,"[1, 0]",0.5,0.0,279.91886409736264,26722.28585247042,548.2758620689656,523.3265720081135,,,True,False,False,0.0
1,MILP,True,True,0.0012133000418543816,0.8638713243774111,0.8638713243774111,0.0,0.0,"[0, 1]",0.5,0.0,279.918864097363,13743.769627724156,548.2758620689656,523.3265720081135,Optimization terminated successfully. (HiGHS Status 7: Optimal),True,,,,
1,RiskGreedy,True,True,0.00021239998750388622,1.0,0.8638713243774111,0.1361286756225889,0.15757980590534862,"[1, 0]",0.5,0.0,279.91886409736264,13889.814252470605,548.2758620689656,523.3265720081135,,True,,,,
1,LeastLoaded,True,True,0.002451899985317141,1.0,0.8638713243774111,0.1361286756225889,0.15757980590534862,"[1, 0]",0.5,0.0,279.91886409736264,13889.814252470605,548.2758620689656,523.3265720081135,,True,,,,
1,RandomFeasible,True,True,0.00020329997641965747,1.0,0.8638713243774111,0.1361286756225889,0.15757980590534862,"[1, 0]",0.5,0.0,279.91886409736264,13889.814252470605,548.2758620689656,523.3265720081135,,True,,,,
1,QAOA_raw,True,True,5.2424991999869235,0.8638713243774111,0.8638713243774111,0.0,0.0,"[0, 1]",0.5,0.0,279.918864097363,13743.769627724156,548.2758620689656,523.3265720081135,,,True,False,False,
1,QAOA_repaired,True,True,5.2424991999869235,0.8638713243774111,0.8638713243774111,0.0,0.0,"[0, 1]",0.5,0.0,279.918864097363,13743.769627724156,548.2758620689656,523.3265720081135,,,True,False,False,0.0
2,MILP,True,True,0.0012036000262014568,0.8638713243774134,0.8638713243774134,0.0,0.0,"[1, 0]",0.5,0.0,279.91886409736264,10558.841580470777,548.2758620689656,523.3265720081135,Optimization terminated successfully. (HiGHS Status 7: Optimal),True,,,,
2,RiskGreedy,True,True,0.00021709996508434415,1.0,0.8638713243774134,0.13612867562258657,0.1575798059053455,"[0, 1]",0.5,0.0,279.918864097363,10412.796955724327,548.2758620689656,523.3265720081135,,True,,,,
2,LeastLoaded,True,True,0.0003277999931015074,0.8638713243774134,0.8638713243774134,0.0,0.0,"[1, 0]",0.5,0.0,279.91886409736264,10558.841580470777,548.2758620689656,523.3265720081135,,True,,,,
2,RandomFeasible,True,True,0.00019799999427050352,1.0,0.8638713243774134,0.13612867562258657,0.1575798059053455,"[0, 1]",0.5,0.0,279.918864097363,10412.796955724327,548.2758620689656,523.3265720081135,,True,,,,
2,QAOA_raw,True,True,5.31602520000888,0.8638713243774134,0.8638713243774134,0.0,0.0,"[1, 0]",0.5,0.0,279.91886409736264,10558.841580470777,548.2758620689656,523.3265720081135,,,True,False,False,
2,QAOA_repaired,True,True,5.31602520000888,0.8638713243774134,0.8638713243774134,0.0,0.0,"[1, 0]",0.5,0.0,279.91886409736264,10558.841580470777,548.2758620689656,523.3265720081135,,,True,False,False,0.0
3,MILP,True,True,0.003239499987103045,0.8254143483498582,0.8254143483498582,0.0,0.0,"[1, 0]",0.5,0.0,177.16024340770792,1466.2775914706153,301.6551724137931,266.43002028397564,Optimization terminated successfully. (HiGHS Status 7: Optimal),True,,,,
3,RiskGreedy,True,True,0.00021649996051564813,0.8254143483498582,0.8254143483498582,0.0,0.0,"[1, 0]",0.5,0.0,177.16024340770792,1466.2775914706153,301.6551724137931,266.43002028397564,,True,,,,
3,LeastLoaded,True,True,0.0003326000296510756,0.8254143483498582,0.8254143483498582,0.0,0.0,"[1, 0]",0.5,0.0,177.16024340770792,1466.2775914706153,301.6551724137931,266.43002028397564,,True,,,,
3,RandomFeasible,True,True,0.00020060001406818628,0.9565873995895949,0.8254143483498582,0.13117305123973677,0.15891782291157613,"[0, 1]",0.0,0.0,104.62474645030424,1320.232966724165,250.27586206896552,260.38539553752537,,True,,,,
3,QAOA_raw,True,True,4.7771690000081435,0.8254143483498582,0.8254143483498582,0.0,0.0,"[1, 0]",0.5,0.0,177.16024340770792,1466.2775914706153,301.6551724137931,266.43002028397564,,,True,False,False,
3,QAOA_repaired,True,True,4.7771690000081435,0.8254143483498582,0.8254143483498582,0.0,0.0,"[1, 0]",0.5,0.0,177.16024340770792,1466.2775914706153,301.6551724137931,266.43002028397564,,,True,False,False,0.0
4,MILP,True,True,0.001304800040088594,0.9430104920793172,0.9430104920793172,0.0,0.0,"[1, 0]",0.5,0.0,279.91886409736264,9628.999877470531,548.2758620689656,523.3265720081135,Optimization terminated successfully. (HiGHS Status 7: Optimal),True,,,,
4,RiskGreedy,True,True,0.00020250002853572369,0.9430104920793172,0.9430104920793172,0.0,0.0,"[1, 0]",0.5,0.0,279.91886409736264,9628.999877470531,548.2758620689656,523.3265720081135,,True,,,,
4,LeastLoaded,True,True,0.00033080001594498754,0.9430104920793172,0.9430104920793172,0.0,0.0,"[1, 0]",0.5,0.0,279.91886409736264,9628.999877470531,548.2758620689656,523.3265720081135,,True,,,,
4,RandomFeasible,True,True,0.0008944000001065433,0.9430104920793172,0.9430104920793172,0.0,0.0,"[1, 0]",0.5,0.0,279.91886409736264,9628.999877470531,548.2758620689656,523.3265720081135,,True,,,,
4,QAOA_raw,True,True,5.227656599949114,0.9430104920793172,0.9430104920793172,0.0,0.0,"[1, 0]",0.5,0.0,279.91886409736264,9628.999877470531,548.2758620689656,523.3265720081135,,,True,False,False,
4,QAOA_repaired,True,True,5.227656599949114,0.9430104920793172,0.9430104920793172,0.0,0.0,"[1, 0]",0.5,0.0,279.91886409736264,9628.999877470531,548.2758620689656,523.3265720081135,,,True,False,False,0.0
5,MILP,True,True,0.001846000028308481,0.9529634746806652,0.9529634746806652,0.0,0.0,"[1, 0]",0.5,0.0,279.9188640973631,578.7536544704208,548.2758620689656,523.3265720081135,Optimization terminated successfully. (HiGHS Status 7: Optimal),True,,,,
5,RiskGreedy,True,True,0.00020680000307038426,0.991673836325704,0.9529634746806652,0.03871036164503883,0.04062103393628023,"[0, 1]",0.5,0.0,279.9188640973631,432.7090297239704,548.2758620689656,523.3265720081135,,True,,,,
5,LeastLoaded,True,True,0.00033379998058080673,0.9529634746806652,0.9529634746806652,0.0,0.0,"[1, 0]",0.5,0.0,279.9188640973631,578.7536544704208,548.2758620689656,523.3265720081135,,True,,,,
5,RandomFeasible,True,True,0.00019689998589456081,0.9529634746806652,0.9529634746806652,0.0,0.0,"[1, 0]",0.5,0.0,279.9188640973631,578.7536544704208,548.2758620689656,523.3265720081135,,True,,,,
5,QAOA_raw,True,True,4.2865760999848135,0.9529634746806652,0.9529634746806652,0.0,0.0,"[1, 0]",0.5,0.0,279.9188640973631,578.7536544704208,548.2758620689656,523.3265720081135,,,True,False,False,
5,QAOA_repaired,True,True,4.2865760999848135,0.9529634746806652,0.9529634746806652,0.0,0.0,"[1, 0]",0.5,0.0,279.9188640973631,578.7536544704208,548.2758620689656,523.3265720081135,,,True,False,False,0.0
6,MILP,True,True,0.001199799997266382,0.8300050183664809,0.8300050183664809,0.0,0.0,"[1, 0]",0.5,0.0,279.9188640973631,2553.806963470518,548.2758620689656,523.3265720081135,Optimization terminated successfully. (HiGHS Status 7: Optimal),True,,,,
6,RiskGreedy,True,True,0.00020539999241009355,0.8300050183664809,0.8300050183664809,0.0,0.0,"[1, 0]",0.5,0.0,279.9188640973631,2553.806963470518,548.2758620689656,523.3265720081135,,True,,,,
6,LeastLoaded,True,True,0.00032920000376179814,0.8300050183664809,0.8300050183664809,0.0,0.0,"[1, 0]",0.5,0.0,279.9188640973631,2553.806963470518,548.2758620689656,523.3265720081135,,True,,,,
6,RandomFeasible,True,True,0.0001970999874174595,0.8300050183664809,0.8300050183664809,0.0,0.0,"[1, 0]",0.5,0.0,279.9188640973631,2553.806963470518,548.2758620689656,523.3265720081135,,True,,,,
6,QAOA_raw,True,True,4.964373000024352,0.8300050183664809,0.8300050183664809,0.0,0.0,"[1, 0]",0.5,0.0,279.9188640973631,2553.806963470518,548.2758620689656,523.3265720081135,,,True,False,False,
6,QAOA_repaired,True,True,4.964373000024352,0.8300050183664809,0.8300050183664809,0.0,0.0,"[1, 0]",0.5,0.0,279.9188640973631,2553.806963470518,548.2758620689656,523.3265720081135,,,True,False,False,0.0
7,MILP,True,True,0.0011972999782301486,0.832225752843054,0.832225752843054,0.0,0.0,"[0, 1]",0.5,0.0,279.918864097363,21374.700464724177,548.2758620689656,523.3265720081135,Optimization terminated successfully. (HiGHS Status 7: Optimal),True,,,,
7,RiskGreedy,True,True,0.0002050000475719571,0.832225752843054,0.832225752843054,0.0,0.0,"[0, 1]",0.5,0.0,279.918864097363,21374.700464724177,548.2758620689656,523.3265720081135,,True,,,,
7,LeastLoaded,True,True,0.0003500000457279384,0.9584173404371303,0.832225752843054,0.12619158759407634,0.15163143793974168,"[1, 0]",0.5,0.0,279.91886409736264,21520.745089470627,548.2758620689656,523.3265720081135,,True,,,,
7,RandomFeasible,True,True,0.00019640004029497504,0.832225752843054,0.832225752843054,0.0,0.0,"[0, 1]",0.5,0.0,279.918864097363,21374.700464724177,548.2758620689656,523.3265720081135,,True,,,,
7,QAOA_raw,True,True,4.492523199995048,0.832225752843054,0.832225752843054,0.0,0.0,"[0, 1]",0.5,0.0,279.918864097363,21374.700464724177,548.2758620689656,523.3265720081135,,,True,False,False,
7,QAOA_repaired,True,True,4.492523199995048,0.832225752843054,0.832225752843054,0.0,0.0,"[0, 1]",0.5,0.0,279.918864097363,21374.700464724177,548.2758620689656,523.3265720081135,,,True,False,False,0.0
8,MILP,True,True,0.0011816000333055854,0.8638713243774103,0.8638713243774103,0.0,0.0,"[0, 1]",0.5,0.0,279.918864097363,22381.88346372413,548.2758620689656,523.3265720081135,Optimization terminated successfully. (HiGHS Status 7: Optimal),True,,,,
8,RiskGreedy,True,True,0.00020209996728226542,1.0,0.8638713243774103,0.13612867562258968,0.15757980590534967,"[1, 0]",0.5,0.0,279.91886409736264,22527.92808847058,548.2758620689656,523.3265720081135,,True,,,,
8,LeastLoaded,True,True,0.0003301000106148422,1.0,0.8638713243774103,0.13612867562258968,0.15757980590534967,"[1, 0]",0.5,0.0,279.91886409736264,22527.92808847058,548.2758620689656,523.3265720081135,,True,,,,
8,RandomFeasible,True,True,0.00038489996222779155,0.8638713243774103,0.8638713243774103,0.0,0.0,"[0, 1]",0.5,0.0,279.918864097363,22381.88346372413,548.2758620689656,523.3265720081135,,True,,,,
8,QAOA_raw,True,True,4.9414448000025,0.8638713243774103,0.8638713243774103,0.0,0.0,"[0, 1]",0.5,0.0,279.918864097363,22381.88346372413,548.2758620689656,523.3265720081135,,,True,False,False,
8,QAOA_repaired,True,True,4.9414448000025,0.8638713243774103,0.8638713243774103,0.0,0.0,"[0, 1]",0.5,0.0,279.918864097363,22381.88346372413,548.2758620689656,523.3265720081135,,,True,False,False,0.0
9,MILP,True,True,0.0014210000517778099,0.8731909473039398,0.8731909473039398,0.0,0.0,"[0, 1]",0.5,0.0,279.918864097363,17471.595122724153,548.2758620689656,523.3265720081135,Optimization terminated successfully. (HiGHS Status 7: Optimal),True,,,,
9,RiskGreedy,True,True,0.00020780001068487763,1.0,0.8731909473039398,0.12680905269606024,0.1452248824699744,"[1, 0]",0.5,0.0,279.91886409736264,17617.639747470603,548.2758620689656,523.3265720081135,,True,,,,
9,LeastLoaded,True,True,0.00034410000080242753,1.0,0.8731909473039398,0.12680905269606024,0.1452248824699744,"[1, 0]",0.5,0.0,279.91886409736264,17617.639747470603,548.2758620689656,523.3265720081135,,True,,,,
9,RandomFeasible,True,True,0.00020029995357617736,1.0,0.8731909473039398,0.12680905269606024,0.1452248824699744,"[1, 0]",0.5,0.0,279.91886409736264,17617.639747470603,548.2758620689656,523.3265720081135,,True,,,,
9,QAOA_raw,True,True,4.898171700013336,0.8731909473039398,0.8731909473039398,0.0,0.0,"[0, 1]",0.5,0.0,279.918864097363,17471.595122724153,548.2758620689656,523.3265720081135,,,True,False,False,
9,QAOA_repaired,True,True,4.898171700013336,0.8731909473039398,0.8731909473039398,0.0,0.0,"[0, 1]",0.5,0.0,279.918864097363,17471.595122724153,548.2758620689656,523.3265720081135,,,True,False,False,0.0
10,MILP,True,True,0.0011990999919362366,0.832257133904289,0.832257133904289,0.0,0.0,"[0, 1]",0.5,0.0,279.918864097363,5971.345949723931,548.2758620689656,523.3265720081135,Optimization terminated successfully. (HiGHS Status 7: Optimal),True,,,,
10,RiskGreedy,True,True,0.00020239996956661344,0.832257133904289,0.832257133904289,0.0,0.0,"[0, 1]",0.5,0.0,279.918864097363,5971.345949723931,548.2758620689656,523.3265720081135,,True,,,,
10,LeastLoaded,True,True,0.0003293000045232475,0.9582542330067887,0.832257133904289,0.12599709910249968,0.15139203254578476,"[1, 0]",0.5,0.0,279.9188640973631,6117.390574470382,548.2758620689656,523.3265720081135,,True,,,,
10,RandomFeasible,True,True,0.00036830001045018435,0.832257133904289,0.832257133904289,0.0,0.0,"[0, 1]",0.5,0.0,279.918864097363,5971.345949723931,548.2758620689656,523.3265720081135,,True,,,,
10,QAOA_raw,True,True,4.628218199999537,0.832257133904289,0.832257133904289,0.0,0.0,"[0, 1]",0.5,0.0,279.918864097363,5971.345949723931,548.2758620689656,523.3265720081135,,,True,False,False,
10,QAOA_repaired,True,True,4.628218199999537,0.832257133904289,0.832257133904289,0.0,0.0,"[0, 1]",0.5,0.0,279.918864097363,5971.345949723931,548.2758620689656,523.3265720081135,,,True,False,False,0.0
11,MILP,True,True,0.001216100004967302,0.8468275633879857,0.8468275633879857,0.0,0.0,"[0, 1]",0.5,0.0,279.918864097363,16729.02129072378,548.2758620689656,523.3265720081135,Optimization terminated successfully. (HiGHS Status 7: Optimal),True,,,,
11,RiskGreedy,True,True,0.00020300003234297037,0.8468275633879857,0.8468275633879857,0.0,0.0,"[0, 1]",0.5,0.0,279.918864097363,16729.02129072378,548.2758620689656,523.3265720081135,,True,,,,
11,LeastLoaded,True,True,0.0003294000052846968,0.9526611377444141,0.8468275633879857,0.10583357435642837,0.1249765346949852,"[1, 0]",0.5,0.0,279.91886409736264,16875.06591547023,548.2758620689656,523.3265720081135,,True,,,,
11,RandomFeasible,True,True,0.00019789999350905418,0.9526611377444141,0.8468275633879857,0.10583357435642837,0.1249765346949852,"[1, 0]",0.5,0.0,279.91886409736264,16875.06591547023,548.2758620689656,523.3265720081135,,True,,,,
11,QAOA_raw,True,True,5.010042499983683,0.8468275633879857,0.8468275633879857,0.0,0.0,"[0, 1]",0.5,0.0,279.918864097363,16729.02129072378,548.2758620689656,523.3265720081135,,,True,False,False,
11,QAOA_repaired,True,True,5.010042499983683,0.8468275633879857,0.8468275633879857,0.0,0.0,"[0, 1]",0.5,0.0,279.918864097363,16729.02129072378,548.2758620689656,523.3265720081135,,,True,False,False,0.0
12,MILP,True,True,0.0012052999809384346,0.8276195674053654,0.8276195674053654,0.0,0.0,"[0, 1]",0.5,0.0,279.918864097363,61005.61973172388,548.2758620689656,523.3265720081135,Optimization terminated successfully. (HiGHS Status 7: Optimal),True,,,,
12,RiskGreedy,True,True,0.0002104000304825604,0.8276195674053654,0.8276195674053654,0.0,0.0,"[0, 1]",0.5,0.0,279.918864097363,61005.61973172388,548.2758620689656,523.3265720081135,,True,,,,
12,LeastLoaded,True,True,0.00033930002246052027,0.9556515556959742,0.8276195674053654,0.1280319882906088,0.15469908316933154,"[1, 0]",0.5,0.0,279.91886409736264,61151.664356470326,548.2758620689656,523.3265720081135,,True,,,,
12,RandomFeasible,True,True,0.00037369999336078763,0.8276195674053654,0.8276195674053654,0.0,0.0,"[0, 1]",0.5,0.0,279.918864097363,61005.61973172388,548.2758620689656,523.3265720081135,,True,,,,
12,QAOA_raw,True,True,5.012586699973326,0.8276195674053654,0.8276195674053654,0.0,0.0,"[0, 1]",0.5,0.0,279.918864097363,61005.61973172388,548.2758620689656,523.3265720081135,,,True,False,False,
12,QAOA_repaired,True,True,5.012586699973326,0.8276195674053654,0.8276195674053654,0.0,0.0,"[0, 1]",0.5,0.0,279.918864097363,61005.61973172388,548.2758620689656,523.3265720081135,,,True,False,False,0.0
13,MILP,True,True,0.0012073999969288707,0.9537726026693861,0.9537726026693861,0.0,0.0,"[1, 0]",0.5,0.0,279.91886409736264,30803.731366470674,548.2758620689656,523.3265720081135,Optimization terminated successfully. (HiGHS Status 7: Optimal),True,,,,
13,RiskGreedy,True,True,0.00020210002548992634,0.9850401269986536,0.9537726026693861,0.03126752432926749,0.032782996955204015,"[0, 1]",0.5,0.0,279.918864097363,30657.686741724225,548.2758620689656,523.3265720081135,,True,,,,
13,LeastLoaded,True,True,0.0003281999961473048,0.9537726026693861,0.9537726026693861,0.0,0.0,"[1, 0]",0.5,0.0,279.91886409736264,30803.731366470674,548.2758620689656,523.3265720081135,,True,,,,
13,RandomFeasible,True,True,0.00019699998665601015,0.9850401269986536,0.9537726026693861,0.03126752432926749,0.032782996955204015,"[0, 1]",0.5,0.0,279.918864097363,30657.686741724225,548.2758620689656,523.3265720081135,,True,,,,
13,QAOA_raw,True,True,4.904338699998334,0.9537726026693861,0.9537726026693861,0.0,0.0,"[1, 0]",0.5,0.0,279.91886409736264,30803.731366470674,548.2758620689656,523.3265720081135,,,True,False,False,
13,QAOA_repaired,True,True,4.904338699998334,0.9537726026693861,0.9537726026693861,0.0,0.0,"[1, 0]",0.5,0.0,279.91886409736264,30803.731366470674,548.2758620689656,523.3265720081135,,,True,False,False,0.0
14,MILP,True,True,0.0011949999607168138,0.9207697476909026,0.9207697476909026,0.0,0.0,"[0, 1]",0.5,0.0,279.9188640973631,1170.3222487239038,548.2758620689656,523.3265720081135,Optimization terminated successfully. (HiGHS Status 7: Optimal),True,,,,
14,RiskGreedy,True,True,0.00021770002786070108,0.9207697476909026,0.9207697476909026,0.0,0.0,"[0, 1]",0.5,0.0,279.9188640973631,1170.3222487239038,548.2758620689656,523.3265720081135,,True,,,,
14,LeastLoaded,True,True,0.0003597000031732023,1.0,0.9207697476909026,0.07923025230909742,0.08604784476009368,"[1, 0]",0.5,0.0,279.9188640973631,1316.3668734703542,548.2758620689656,523.3265720081135,,True,,,,
14,RandomFeasible,True,True,0.0002028000308200717,1.0,0.9207697476909026,0.07923025230909742,0.08604784476009368,"[1, 0]",0.5,0.0,279.9188640973631,1316.3668734703542,548.2758620689656,523.3265720081135,,True,,,,
14,QAOA_raw,True,True,4.819885200005956,0.9207697476909026,0.9207697476909026,0.0,0.0,"[0, 1]",0.5,0.0,279.9188640973631,1170.3222487239038,548.2758620689656,523.3265720081135,,,True,False,False,
14,QAOA_repaired,True,True,4.819885200005956,0.9207697476909026,0.9207697476909026,0.0,0.0,"[0, 1]",0.5,0.0,279.9188640973631,1170.3222487239038,548.2758620689656,523.3265720081135,,,True,False,False,0.0
15,MILP,True,True,0.0011889999732375145,0.8243577572711573,0.8243577572711573,0.0,0.0,"[1, 0]",0.5,0.0,177.16024340770747,19062.643802470746,301.6551724137931,266.43002028397564,Optimization terminated successfully. (HiGHS Status 7: Optimal),True,,,,
15,RiskGreedy,True,True,0.00020130001939833164,0.8243577572711573,0.8243577572711573,0.0,0.0,"[1, 0]",0.5,0.0,177.16024340770747,19062.643802470746,301.6551724137931,266.43002028397564,,True,,,,
15,LeastLoaded,True,True,0.0003293000045232475,0.8243577572711573,0.8243577572711573,0.0,0.0,"[1, 0]",0.5,0.0,177.16024340770747,19062.643802470746,301.6551724137931,266.43002028397564,,True,,,,
15,RandomFeasible,True,True,0.00019699998665601015,0.9568451303181698,0.8243577572711573,0.1324873730470124,0.16071586866069015,"[0, 1]",0.0,0.0,104.62474645030413,18916.599177724296,250.27586206896552,260.38539553752537,,True,,,,
15,QAOA_raw,True,True,4.627843099995516,0.8243577572711573,0.8243577572711573,0.0,0.0,"[1, 0]",0.5,0.0,177.16024340770747,19062.643802470746,301.6551724137931,266.43002028397564,,,True,False,False,
15,QAOA_repaired,True,True,4.627843099995516,0.8243577572711573,0.8243577572711573,0.0,0.0,"[1, 0]",0.5,0.0,177.16024340770747,19062.643802470746,301.6551724137931,266.43002028397564,,,True,False,False,0.0
16,MILP,True,True,0.0012222999939695,0.9536318922909894,0.9536318922909894,0.0,0.0,"[1, 0]",0.5,0.0,279.91886409736264,20794.877235470558,548.2758620689656,523.3265720081135,Optimization terminated successfully. (HiGHS Status 7: Optimal),True,,,,
16,RiskGreedy,True,True,0.00020260002929717302,0.9855032183015174,0.9536318922909894,0.031871326010528,0.03342099427270711,"[0, 1]",0.5,0.0,279.918864097363,20648.83261072411,548.2758620689656,523.3265720081135,,True,,,,
16,LeastLoaded,True,True,0.00033409998286515474,0.9536318922909894,0.9536318922909894,0.0,0.0,"[1, 0]",0.5,0.0,279.91886409736264,20794.877235470558,548.2758620689656,523.3265720081135,,True,,,,
16,RandomFeasible,True,True,0.0001965999836102128,0.9855032183015174,0.9536318922909894,0.031871326010528,0.03342099427270711,"[0, 1]",0.5,0.0,279.918864097363,20648.83261072411,548.2758620689656,523.3265720081135,,True,,,,
16,QAOA_raw,True,True,5.419421800004784,0.9536318922909894,0.9536318922909894,0.0,0.0,"[1, 0]",0.5,0.0,279.91886409736264,20794.877235470558,548.2758620689656,523.3265720081135,,,True,False,False,
16,QAOA_repaired,True,True,5.419421800004784,0.9536318922909894,0.9536318922909894,0.0,0.0,"[1, 0]",0.5,0.0,279.91886409736264,20794.877235470558,548.2758620689656,523.3265720081135,,,True,False,False,0.0
17,MILP,True,True,0.0011970999767072499,0.8353981120382252,0.8353981120382252,0.0,0.0,"[1, 0]",0.5,0.0,279.91886409736264,33841.15149147039,548.2758620689656,523.3265720081135,Optimization terminated successfully. (HiGHS Status 7: Optimal),True,,,,
17,RiskGreedy,True,True,0.00020169996423646808,0.8353981120382252,0.8353981120382252,0.0,0.0,"[1, 0]",0.5,0.0,279.91886409736264,33841.15149147039,548.2758620689656,523.3265720081135,,True,,,,
17,LeastLoaded,True,True,0.00032869999995455146,0.8353981120382252,0.8353981120382252,0.0,0.0,"[1, 0]",0.5,0.0,279.91886409736264,33841.15149147039,548.2758620689656,523.3265720081135,,True,,,,
17,RandomFeasible,True,True,0.00038520002271980047,0.8353981120382252,0.8353981120382252,0.0,0.0,"[1, 0]",0.5,0.0,279.91886409736264,33841.15149147039,548.2758620689656,523.3265720081135,,True,,,,
17,QAOA_raw,True,True,4.611790700000711,0.8353981120382252,0.8353981120382252,0.0,0.0,"[1, 0]",0.5,0.0,279.91886409736264,33841.15149147039,548.2758620689656,523.3265720081135,,,True,False,False,
17,QAOA_repaired,True,True,4.611790700000711,0.8353981120382252,0.8353981120382252,0.0,0.0,"[1, 0]",0.5,0.0,279.91886409736264,33841.15149147039,548.2758620689656,523.3265720081135,,,True,False,False,0.0
18,MILP,True,True,0.0014610000071115792,0.9537068544249163,0.9537068544249163,0.0,0.0,"[1, 0]",0.5,0.0,279.91886409736264,13860.75996647052,548.2758620689656,523.3265720081135,Optimization terminated successfully. (HiGHS Status 7: Optimal),True,,,,
18,RiskGreedy,True,True,0.0002030999748967588,0.9852250250334711,0.9537068544249163,0.031518170608554774,0.03304806971064519,"[0, 1]",0.5,0.0,279.918864097363,13714.71534172407,548.2758620689656,523.3265720081135,,True,,,,
18,LeastLoaded,True,True,0.0003331999760121107,0.9537068544249163,0.9537068544249163,0.0,0.0,"[1, 0]",0.5,0.0,279.91886409736264,13860.75996647052,548.2758620689656,523.3265720081135,,True,,,,
18,RandomFeasible,True,True,0.0005340000498108566,0.9537068544249163,0.9537068544249163,0.0,0.0,"[1, 0]",0.5,0.0,279.91886409736264,13860.75996647052,548.2758620689656,523.3265720081135,,True,,,,
18,QAOA_raw,True,True,4.88229360000696,0.9537068544249163,0.9537068544249163,0.0,0.0,"[1, 0]",0.5,0.0,279.91886409736264,13860.75996647052,548.2758620689656,523.3265720081135,,,True,False,False,
18,QAOA_repaired,True,True,4.88229360000696,0.9537068544249163,0.9537068544249163,0.0,0.0,"[1, 0]",0.5,0.0,279.91886409736264,13860.75996647052,548.2758620689656,523.3265720081135,,,True,False,False,0.0
19,MILP,True,True,0.0012012000079266727,0.6596470257309575,0.6596470257309575,0.0,0.0,"[1, 0]",0.5,0.0,279.9188640973631,6004.011738470975,548.2758620689656,523.3265720081135,Optimization terminated successfully. (HiGHS Status 7: Optimal),True,,,,
19,RiskGreedy,True,True,0.00020239996956661344,0.6596470257309575,0.6596470257309575,0.0,0.0,"[1, 0]",0.5,0.0,279.9188640973631,6004.011738470975,548.2758620689656,523.3265720081135,,True,,,,
19,LeastLoaded,True,True,0.00033160002203658223,0.6596470257309575,0.6596470257309575,0.0,0.0,"[1, 0]",0.5,0.0,279.9188640973631,6004.011738470975,548.2758620689656,523.3265720081135,,True,,,,
19,RandomFeasible,True,True,0.0005409999866969883,1.0,0.6596470257309575,0.34035297426904254,0.5159622661709057,"[0, 1]",0.5,0.0,279.918864097363,5857.967113724524,548.2758620689656,523.3265720081135,,True,,,,
19,QAOA_raw,True,True,4.508911800046917,0.6596470257309575,0.6596470257309575,0.0,0.0,"[1, 0]",0.5,0.0,279.9188640973631,6004.011738470975,548.2758620689656,523.3265720081135,,,True,False,False,
19,QAOA_repaired,True,True,4.508911800046917,0.6596470257309575,0.6596470257309575,0.0,0.0,"[1, 0]",0.5,0.0,279.9188640973631,6004.011738470975,548.2758620689656,523.3265720081135,,,True,False,False,0.0
