workload_size,workload_seed,queue_scenario,metric,policy,value,rank
30,101,asymmetric_background,mean_waiting_time,random,130.59451851851853,3.0
30,101,asymmetric_background,mean_waiting_time,least_loaded,112.67366666666666,1.5
30,101,asymmetric_background,mean_waiting_time,compatibility_aware,145.9993333333333,4.0
30,101,asymmetric_background,mean_waiting_time,risk_aware,112.67366666666666,1.5
30,101,asymmetric_background,p95_waiting_time,random,255.61749999999995,3.0
30,101,asymmetric_background,p95_waiting_time,least_loaded,205.29999999999998,1.5
30,101,asymmetric_background,p95_waiting_time,compatibility_aware,319.0184999999999,4.0
30,101,asymmetric_background,p95_waiting_time,risk_aware,205.29999999999998,1.5
30,101,asymmetric_background,mean_completion_latency,random,146.3755185185185,3.0
30,101,asymmetric_background,mean_completion_latency,least_loaded,130.463,1.5
30,101,asymmetric_background,mean_completion_latency,compatibility_aware,165.25,4.0
30,101,asymmetric_background,mean_completion_latency,risk_aware,130.463,1.5
30,101,asymmetric_background,p95_completion_latency,random,268.18399999999997,3.0
30,101,asymmetric_background,p95_completion_latency,least_loaded,223.3665,1.5
30,101,asymmetric_background,p95_completion_latency,compatibility_aware,354.2689999999999,4.0
30,101,asymmetric_background,p95_completion_latency,risk_aware,223.3665,1.5
30,101,asymmetric_background,makespan,random,286.42,3.0
30,101,asymmetric_background,makespan,least_loaded,249.96,1.5
30,101,asymmetric_background,makespan,compatibility_aware,381.55,4.0
30,101,asymmetric_background,makespan,risk_aware,249.96,1.5
30,101,asymmetric_background,total_cost,random,1420.2899999999997,1.0
30,101,asymmetric_background,total_cost,least_loaded,1601.0399999999995,2.5
30,101,asymmetric_background,total_cost,compatibility_aware,1732.5599999999997,4.0
30,101,asymmetric_background,total_cost,risk_aware,1601.0399999999995,2.5
30,101,asymmetric_background,external_slo_miss_rate,random,0.2,2.0
30,101,asymmetric_background,external_slo_miss_rate,least_loaded,0.2,2.0
30,101,asymmetric_background,external_slo_miss_rate,compatibility_aware,0.23333333333333334,4.0
30,101,asymmetric_background,external_slo_miss_rate,risk_aware,0.2,2.0
30,101,asymmetric_background,high_risk_mean_waiting,random,135.26625,4.0
30,101,asymmetric_background,high_risk_mean_waiting,least_loaded,119.52374999999999,1.5
30,101,asymmetric_background,high_risk_mean_waiting,compatibility_aware,128.78875,3.0
30,101,asymmetric_background,high_risk_mean_waiting,risk_aware,119.52374999999999,1.5
30,101,asymmetric_background,high_risk_p95_waiting,random,224.47199999999998,3.0
30,101,asymmetric_background,high_risk_p95_waiting,least_loaded,189.06300000000002,1.5
30,101,asymmetric_background,high_risk_p95_waiting,compatibility_aware,245.94299999999993,4.0
30,101,asymmetric_background,high_risk_p95_waiting,risk_aware,189.06300000000002,1.5
30,101,asymmetric_background,high_risk_mean_completion,random,146.2875,4.0
30,101,asymmetric_background,high_risk_mean_completion,least_loaded,132.45375,1.5
30,101,asymmetric_background,high_risk_mean_completion,compatibility_aware,141.97000000000003,3.0
30,101,asymmetric_background,high_risk_mean_completion,risk_aware,132.45375,1.5
30,101,asymmetric_background,high_risk_p95_completion,random,240.32199999999997,3.0
30,101,asymmetric_background,high_risk_p95_completion,least_loaded,200.77599999999998,1.5
30,101,asymmetric_background,high_risk_p95_completion,compatibility_aware,257.10349999999994,4.0
30,101,asymmetric_background,high_risk_p95_completion,risk_aware,200.77599999999998,1.5
30,101,asymmetric_background,high_risk_external_slo_miss_rate,random,0.25,2.5
30,101,asymmetric_background,high_risk_external_slo_miss_rate,least_loaded,0.25,2.5
30,101,asymmetric_background,high_risk_external_slo_miss_rate,compatibility_aware,0.25,2.5
30,101,asymmetric_background,high_risk_external_slo_miss_rate,risk_aware,0.25,2.5
30,101,asymmetric_background,risk_weighted_completion,random,148.391332311622,3.0
30,101,asymmetric_background,risk_weighted_completion,least_loaded,137.82782068965517,1.5
30,101,asymmetric_background,risk_weighted_completion,compatibility_aware,172.01634482758618,4.0
30,101,asymmetric_background,risk_weighted_completion,risk_aware,137.82782068965517,1.5
30,101,balanced_background,mean_waiting_time,random,130.12385185185184,3.0
30,101,balanced_background,mean_waiting_time,least_loaded,113.14166666666668,1.5
30,101,balanced_background,mean_waiting_time,compatibility_aware,149.08866666666665,4.0
30,101,balanced_background,mean_waiting_time,risk_aware,113.14166666666668,1.5
30,101,balanced_background,p95_waiting_time,random,251.58749999999998,3.0
30,101,balanced_background,p95_waiting_time,least_loaded,205.29999999999998,1.5
30,101,balanced_background,p95_waiting_time,compatibility_aware,325.0584999999999,4.0
30,101,balanced_background,p95_waiting_time,risk_aware,205.29999999999998,1.5
30,101,balanced_background,mean_completion_latency,random,145.90518518518516,3.0
30,101,balanced_background,mean_completion_latency,least_loaded,130.86399999999998,1.5
30,101,balanced_background,mean_completion_latency,compatibility_aware,168.33933333333334,4.0
30,101,balanced_background,mean_completion_latency,risk_aware,130.86399999999998,1.5
30,101,balanced_background,p95_completion_latency,random,264.154,3.0
30,101,balanced_background,p95_completion_latency,least_loaded,223.3665,1.5
30,101,balanced_background,p95_completion_latency,compatibility_aware,360.30899999999986,4.0
30,101,balanced_background,p95_completion_latency,risk_aware,223.3665,1.5
30,101,balanced_background,makespan,random,282.39,3.0
30,101,balanced_background,makespan,least_loaded,249.96,1.5
30,101,balanced_background,makespan,compatibility_aware,387.59,4.0
30,101,balanced_background,makespan,risk_aware,249.96,1.5
30,101,balanced_background,total_cost,random,1420.3199999999995,1.0
30,101,balanced_background,total_cost,least_loaded,1595.0099999999998,2.5
30,101,balanced_background,total_cost,compatibility_aware,1732.5599999999997,4.0
30,101,balanced_background,total_cost,risk_aware,1595.0099999999998,2.5
30,101,balanced_background,external_slo_miss_rate,random,0.2,3.0
30,101,balanced_background,external_slo_miss_rate,least_loaded,0.16666666666666666,1.5
30,101,balanced_background,external_slo_miss_rate,compatibility_aware,0.23333333333333334,4.0
30,101,balanced_background,external_slo_miss_rate,risk_aware,0.16666666666666666,1.5
30,101,balanced_background,high_risk_mean_waiting,random,132.495,4.0
30,101,balanced_background,high_risk_mean_waiting,least_loaded,120.52374999999999,1.5
30,101,balanced_background,high_risk_mean_waiting,compatibility_aware,131.055,3.0
30,101,balanced_background,high_risk_mean_waiting,risk_aware,120.52374999999999,1.5
30,101,balanced_background,high_risk_p95_waiting,random,220.44199999999995,3.0
30,101,balanced_background,high_risk_p95_waiting,least_loaded,189.06300000000002,1.5
30,101,balanced_background,high_risk_p95_waiting,compatibility_aware,251.99299999999994,4.0
30,101,balanced_background,high_risk_p95_waiting,risk_aware,189.06300000000002,1.5
30,101,balanced_background,high_risk_mean_completion,random,143.51625,3.0
30,101,balanced_background,high_risk_mean_completion,least_loaded,133.2025,1.5
30,101,balanced_background,high_risk_mean_completion,compatibility_aware,144.2375,4.0
30,101,balanced_background,high_risk_mean_completion,risk_aware,133.2025,1.5
30,101,balanced_background,high_risk_p95_completion,random,236.29199999999997,3.0
30,101,balanced_background,high_risk_p95_completion,least_loaded,200.77599999999998,1.5
30,101,balanced_background,high_risk_p95_completion,compatibility_aware,263.1534999999999,4.0
30,101,balanced_background,high_risk_p95_completion,risk_aware,200.77599999999998,1.5
30,101,balanced_background,high_risk_external_slo_miss_rate,random,0.25,2.5
30,101,balanced_background,high_risk_external_slo_miss_rate,least_loaded,0.25,2.5
30,101,balanced_background,high_risk_external_slo_miss_rate,compatibility_aware,0.25,2.5
30,101,balanced_background,high_risk_external_slo_miss_rate,risk_aware,0.25,2.5
30,101,balanced_background,risk_weighted_completion,random,147.47490932311626,3.0
30,101,balanced_background,risk_weighted_completion,least_loaded,138.20331034482754,1.5
30,101,balanced_background,risk_weighted_completion,compatibility_aware,175.08358160919542,4.0
30,101,balanced_background,risk_weighted_completion,risk_aware,138.20331034482754,1.5
30,202,asymmetric_background,mean_waiting_time,random,125.3678888888889,3.0
30,202,asymmetric_background,mean_waiting_time,least_loaded,113.8158888888889,2.0
30,202,asymmetric_background,mean_waiting_time,compatibility_aware,172.76322222222223,4.0
30,202,asymmetric_background,mean_waiting_time,risk_aware,112.51622222222221,1.0
30,202,asymmetric_background,p95_waiting_time,random,251.19949999999997,3.0
30,202,asymmetric_background,p95_waiting_time,least_loaded,192.45099999999996,1.0
30,202,asymmetric_background,p95_waiting_time,compatibility_aware,326.9045,4.0
30,202,asymmetric_background,p95_waiting_time,risk_aware,196.60249999999996,2.0
30,202,asymmetric_background,mean_completion_latency,random,144.74255555555555,3.0
30,202,asymmetric_background,mean_completion_latency,least_loaded,132.2338888888889,2.0
30,202,asymmetric_background,mean_completion_latency,compatibility_aware,195.89455555555554,4.0
30,202,asymmetric_background,mean_completion_latency,risk_aware,130.81288888888886,1.0
30,202,asymmetric_background,p95_completion_latency,random,272.84649999999993,3.0
30,202,asymmetric_background,p95_completion_latency,least_loaded,216.0805,1.0
30,202,asymmetric_background,p95_completion_latency,compatibility_aware,347.58699999999993,4.0
30,202,asymmetric_background,p95_completion_latency,risk_aware,221.10949999999997,2.0
30,202,asymmetric_background,makespan,random,333.37,3.0
30,202,asymmetric_background,makespan,least_loaded,238.99,1.5
30,202,asymmetric_background,makespan,compatibility_aware,404.53,4.0
30,202,asymmetric_background,makespan,risk_aware,238.99,1.5
30,202,asymmetric_background,total_cost,random,1743.7199999999998,3.0
30,202,asymmetric_background,total_cost,least_loaded,1657.6200000000001,2.0
30,202,asymmetric_background,total_cost,compatibility_aware,2081.82,4.0
30,202,asymmetric_background,total_cost,risk_aware,1646.7,1.0
30,202,asymmetric_background,external_slo_miss_rate,random,0.2,2.5
30,202,asymmetric_background,external_slo_miss_rate,least_loaded,0.13333333333333333,1.0
30,202,asymmetric_background,external_slo_miss_rate,compatibility_aware,0.26666666666666666,4.0
30,202,asymmetric_background,external_slo_miss_rate,risk_aware,0.2,2.5
30,202,asymmetric_background,high_risk_mean_waiting,random,150.04375,3.0
30,202,asymmetric_background,high_risk_mean_waiting,least_loaded,107.68375,2.0
30,202,asymmetric_background,high_risk_mean_waiting,compatibility_aware,184.46875,4.0
30,202,asymmetric_background,high_risk_mean_waiting,risk_aware,107.07875000000001,1.0
30,202,asymmetric_background,high_risk_p95_waiting,random,244.61149999999998,3.0
30,202,asymmetric_background,high_risk_p95_waiting,least_loaded,167.18249999999998,1.0
30,202,asymmetric_background,high_risk_p95_waiting,compatibility_aware,283.96599999999995,4.0
30,202,asymmetric_background,high_risk_p95_waiting,risk_aware,169.81849999999997,2.0
30,202,asymmetric_background,high_risk_mean_completion,random,162.66625,3.0
30,202,asymmetric_background,high_risk_mean_completion,least_loaded,119.07125,2.0
30,202,asymmetric_background,high_risk_mean_completion,compatibility_aware,198.005,4.0
30,202,asymmetric_background,high_risk_mean_completion,risk_aware,116.485,1.0
30,202,asymmetric_background,high_risk_p95_completion,random,265.43899999999996,3.0
30,202,asymmetric_background,high_risk_p95_completion,least_loaded,190.60349999999997,2.0
30,202,asymmetric_background,high_risk_p95_completion,compatibility_aware,306.51199999999994,4.0
30,202,asymmetric_background,high_risk_p95_completion,risk_aware,185.43149999999997,1.0
30,202,asymmetric_background,high_risk_external_slo_miss_rate,random,0.375,3.0
30,202,asymmetric_background,high_risk_external_slo_miss_rate,least_loaded,0.25,1.0
30,202,asymmetric_background,high_risk_external_slo_miss_rate,compatibility_aware,0.375,3.0
30,202,asymmetric_background,high_risk_external_slo_miss_rate,risk_aware,0.375,3.0
30,202,asymmetric_background,risk_weighted_completion,random,154.78290727969352,3.0
30,202,asymmetric_background,risk_weighted_completion,least_loaded,133.93963371647513,2.0
30,202,asymmetric_background,risk_weighted_completion,compatibility_aware,206.7197072796935,4.0
30,202,asymmetric_background,risk_weighted_completion,risk_aware,133.5205992337165,1.0
30,202,balanced_background,mean_waiting_time,random,117.98355555555555,3.0
30,202,balanced_background,mean_waiting_time,least_loaded,115.94555555555557,1.5
30,202,balanced_background,mean_waiting_time,compatibility_aware,155.24222222222224,4.0
30,202,balanced_background,mean_waiting_time,risk_aware,115.94555555555557,1.5
30,202,balanced_background,p95_waiting_time,random,209.66949999999997,3.0
30,202,balanced_background,p95_waiting_time,least_loaded,192.04149999999996,1.5
30,202,balanced_background,p95_waiting_time,compatibility_aware,310.30999999999995,4.0
30,202,balanced_background,p95_waiting_time,risk_aware,192.04149999999996,1.5
30,202,balanced_background,mean_completion_latency,random,137.35822222222222,3.0
30,202,balanced_background,mean_completion_latency,least_loaded,134.7698888888889,1.5
30,202,balanced_background,mean_completion_latency,compatibility_aware,178.3745555555556,4.0
30,202,balanced_background,mean_completion_latency,risk_aware,134.7698888888889,1.5
30,202,balanced_background,p95_completion_latency,random,233.64299999999994,3.0
30,202,balanced_background,p95_completion_latency,least_loaded,217.07949999999997,1.5
30,202,balanced_background,p95_completion_latency,compatibility_aware,326.9045,4.0
30,202,balanced_background,p95_completion_latency,risk_aware,217.07949999999997,1.5
30,202,balanced_background,makespan,random,291.84,3.0
30,202,balanced_background,makespan,least_loaded,238.97,1.5
30,202,balanced_background,makespan,compatibility_aware,404.53,4.0
30,202,balanced_background,makespan,risk_aware,238.97,1.5
30,202,balanced_background,total_cost,random,1743.7200000000003,3.0
30,202,balanced_background,total_cost,least_loaded,1694.19,1.5
30,202,balanced_background,total_cost,compatibility_aware,2081.9100000000003,4.0
30,202,balanced_background,total_cost,risk_aware,1694.19,1.5
30,202,balanced_background,external_slo_miss_rate,random,0.16666666666666666,3.0
30,202,balanced_background,external_slo_miss_rate,least_loaded,0.1,1.5
30,202,balanced_background,external_slo_miss_rate,compatibility_aware,0.23333333333333334,4.0
30,202,balanced_background,external_slo_miss_rate,risk_aware,0.1,1.5
30,202,balanced_background,high_risk_mean_waiting,random,125.81875,3.0
30,202,balanced_background,high_risk_mean_waiting,least_loaded,109.105,1.5
30,202,balanced_background,high_risk_mean_waiting,compatibility_aware,156.8025,4.0
30,202,balanced_background,high_risk_mean_waiting,risk_aware,109.105,1.5
30,202,balanced_background,high_risk_p95_waiting,random,203.08149999999998,3.0
30,202,balanced_background,high_risk_p95_waiting,least_loaded,164.42649999999998,1.5
30,202,balanced_background,high_risk_p95_waiting,compatibility_aware,256.9975,4.0
30,202,balanced_background,high_risk_p95_waiting,risk_aware,164.42649999999998,1.5
30,202,balanced_background,high_risk_mean_completion,random,138.44,3.0
30,202,balanced_background,high_risk_mean_completion,least_loaded,120.30499999999998,1.5
30,202,balanced_background,high_risk_mean_completion,compatibility_aware,170.34,4.0
30,202,balanced_background,high_risk_mean_completion,risk_aware,120.30499999999998,1.5
30,202,balanced_background,high_risk_p95_completion,random,223.909,3.0
30,202,balanced_background,high_risk_p95_completion,least_loaded,187.84749999999997,1.5
30,202,balanced_background,high_risk_p95_completion,compatibility_aware,279.5435,4.0
30,202,balanced_background,high_risk_p95_completion,risk_aware,187.84749999999997,1.5
30,202,balanced_background,high_risk_external_slo_miss_rate,random,0.375,3.5
30,202,balanced_background,high_risk_external_slo_miss_rate,least_loaded,0.125,1.5
30,202,balanced_background,high_risk_external_slo_miss_rate,compatibility_aware,0.375,3.5
30,202,balanced_background,high_risk_external_slo_miss_rate,risk_aware,0.125,1.5
30,202,balanced_background,risk_weighted_completion,random,144.01892567049808,3.0
30,202,balanced_background,risk_weighted_completion,least_loaded,136.85040613026823,1.5
30,202,balanced_background,risk_weighted_completion,compatibility_aware,187.9021348659004,4.0
30,202,balanced_background,risk_weighted_completion,risk_aware,136.85040613026823,1.5
30,303,asymmetric_background,mean_waiting_time,random,102.3859523809524,3.0
30,303,asymmetric_background,mean_waiting_time,least_loaded,98.48261904761905,1.5
30,303,asymmetric_background,mean_waiting_time,compatibility_aware,133.54561904761906,4.0
30,303,asymmetric_background,mean_waiting_time,risk_aware,98.48261904761905,1.5
30,303,asymmetric_background,p95_waiting_time,random,177.2035,3.0
30,303,asymmetric_background,p95_waiting_time,least_loaded,167.47249999999997,1.5
30,303,asymmetric_background,p95_waiting_time,compatibility_aware,261.6185,4.0
30,303,asymmetric_background,p95_waiting_time,risk_aware,167.47249999999997,1.5
30,303,asymmetric_background,mean_completion_latency,random,116.78666666666668,3.0
30,303,asymmetric_background,mean_completion_latency,least_loaded,112.88466666666666,1.5
30,303,asymmetric_background,mean_completion_latency,compatibility_aware,151.15666666666667,4.0
30,303,asymmetric_background,mean_completion_latency,risk_aware,112.88466666666666,1.5
30,303,asymmetric_background,p95_completion_latency,random,192.3545,3.0
30,303,asymmetric_background,p95_completion_latency,least_loaded,179.00549999999998,1.5
30,303,asymmetric_background,p95_completion_latency,compatibility_aware,281.1495,4.0
30,303,asymmetric_background,p95_completion_latency,risk_aware,179.00549999999998,1.5
30,303,asymmetric_background,makespan,random,197.72,3.0
30,303,asymmetric_background,makespan,least_loaded,184.47,1.5
30,303,asymmetric_background,makespan,compatibility_aware,295.14,4.0
30,303,asymmetric_background,makespan,risk_aware,184.47,1.5
30,303,asymmetric_background,total_cost,random,1296.0642857142857,1.0
30,303,asymmetric_background,total_cost,least_loaded,1296.1842857142858,2.5
30,303,asymmetric_background,total_cost,compatibility_aware,1584.9942857142858,4.0
30,303,asymmetric_background,total_cost,risk_aware,1296.1842857142858,2.5
30,303,asymmetric_background,external_slo_miss_rate,random,0.03333333333333333,2.0
30,303,asymmetric_background,external_slo_miss_rate,least_loaded,0.03333333333333333,2.0
30,303,asymmetric_background,external_slo_miss_rate,compatibility_aware,0.16666666666666666,4.0
30,303,asymmetric_background,external_slo_miss_rate,risk_aware,0.03333333333333333,2.0
30,303,asymmetric_background,high_risk_mean_waiting,random,92.53,3.0
30,303,asymmetric_background,high_risk_mean_waiting,least_loaded,91.28750000000001,1.5
30,303,asymmetric_background,high_risk_mean_waiting,compatibility_aware,142.41,4.0
30,303,asymmetric_background,high_risk_mean_waiting,risk_aware,91.28750000000001,1.5
30,303,asymmetric_background,high_risk_p95_waiting,random,153.2745,1.0
30,303,asymmetric_background,high_risk_p95_waiting,least_loaded,153.4485,2.5
30,303,asymmetric_background,high_risk_p95_waiting,compatibility_aware,227.87949999999998,4.0
30,303,asymmetric_background,high_risk_p95_waiting,risk_aware,153.4485,2.5
30,303,asymmetric_background,high_risk_mean_completion,random,103.82374999999999,3.0
30,303,asymmetric_background,high_risk_mean_completion,least_loaded,102.48750000000001,1.5
30,303,asymmetric_background,high_risk_mean_completion,compatibility_aware,156.00625,4.0
30,303,asymmetric_background,high_risk_mean_completion,risk_aware,102.48750000000001,1.5
30,303,asymmetric_background,high_risk_p95_completion,random,164.11149999999998,1.0
30,303,asymmetric_background,high_risk_p95_completion,least_loaded,166.0845,2.5
30,303,asymmetric_background,high_risk_p95_completion,compatibility_aware,246.7235,4.0
30,303,asymmetric_background,high_risk_p95_completion,risk_aware,166.0845,2.5
30,303,asymmetric_background,high_risk_external_slo_miss_rate,random,0.125,2.0
30,303,asymmetric_background,high_risk_external_slo_miss_rate,least_loaded,0.125,2.0
30,303,asymmetric_background,high_risk_external_slo_miss_rate,compatibility_aware,0.25,4.0
30,303,asymmetric_background,high_risk_external_slo_miss_rate,risk_aware,0.125,2.0
30,303,asymmetric_background,risk_weighted_completion,random,116.14963218390801,3.0
30,303,asymmetric_background,risk_weighted_completion,least_loaded,112.13171494252876,1.5
30,303,asymmetric_background,risk_weighted_completion,compatibility_aware,156.37812873563215,4.0
30,303,asymmetric_background,risk_weighted_completion,risk_aware,112.13171494252876,1.5
30,303,balanced_background,mean_waiting_time,random,103.55900000000001,3.0
30,303,balanced_background,mean_waiting_time,least_loaded,98.43933333333332,1.5
30,303,balanced_background,mean_waiting_time,compatibility_aware,130.71900000000002,4.0
30,303,balanced_background,mean_waiting_time,risk_aware,98.43933333333332,1.5
30,303,balanced_background,p95_waiting_time,random,182.3335,3.0
30,303,balanced_background,p95_waiting_time,least_loaded,167.5775,1.5
30,303,balanced_background,p95_waiting_time,compatibility_aware,259.8785,4.0
30,303,balanced_background,p95_waiting_time,risk_aware,167.5775,1.5
30,303,balanced_background,mean_completion_latency,random,117.95966666666666,3.0
30,303,balanced_background,mean_completion_latency,least_loaded,113.05066666666667,1.5
30,303,balanced_background,mean_completion_latency,compatibility_aware,148.32999999999998,4.0
30,303,balanced_background,mean_completion_latency,risk_aware,113.05066666666667,1.5
30,303,balanced_background,p95_completion_latency,random,190.73449999999997,3.0
30,303,balanced_background,p95_completion_latency,least_loaded,179.32049999999998,1.5
30,303,balanced_background,p95_completion_latency,compatibility_aware,276.03,4.0
30,303,balanced_background,p95_completion_latency,risk_aware,179.32049999999998,1.5
30,303,balanced_background,makespan,random,202.85,3.0
30,303,balanced_background,makespan,least_loaded,183.63,1.5
30,303,balanced_background,makespan,compatibility_aware,293.4,4.0
30,303,balanced_background,makespan,risk_aware,183.63,1.5
30,303,balanced_background,total_cost,random,1296.06,1.0
30,303,balanced_background,total_cost,least_loaded,1315.0200000000002,2.5
30,303,balanced_background,total_cost,compatibility_aware,1584.99,4.0
30,303,balanced_background,total_cost,risk_aware,1315.0200000000002,2.5
30,303,balanced_background,external_slo_miss_rate,random,0.03333333333333333,2.0
30,303,balanced_background,external_slo_miss_rate,least_loaded,0.03333333333333333,2.0
30,303,balanced_background,external_slo_miss_rate,compatibility_aware,0.16666666666666666,4.0
30,303,balanced_background,external_slo_miss_rate,risk_aware,0.03333333333333333,2.0
30,303,balanced_background,high_risk_mean_waiting,random,93.36625,3.0
30,303,balanced_background,high_risk_mean_waiting,least_loaded,92.32624999999999,1.5
30,303,balanced_background,high_risk_mean_waiting,compatibility_aware,138.79250000000002,4.0
30,303,balanced_background,high_risk_mean_waiting,risk_aware,92.32624999999999,1.5
30,303,balanced_background,high_risk_p95_waiting,random,157.97049999999996,3.0
30,303,balanced_background,high_risk_p95_waiting,least_loaded,152.6085,1.5
30,303,balanced_background,high_risk_p95_waiting,compatibility_aware,226.031,4.0
30,303,balanced_background,high_risk_p95_waiting,risk_aware,152.6085,1.5
30,303,balanced_background,high_risk_mean_completion,random,104.66,3.0
30,303,balanced_background,high_risk_mean_completion,least_loaded,103.095,1.5
30,303,balanced_background,high_risk_mean_completion,compatibility_aware,152.38875,4.0
30,303,balanced_background,high_risk_mean_completion,risk_aware,103.095,1.5
30,303,balanced_background,high_risk_p95_completion,random,166.837,3.0
30,303,balanced_background,high_risk_p95_completion,least_loaded,165.2445,1.5
30,303,balanced_background,high_risk_p95_completion,compatibility_aware,244.9835,4.0
30,303,balanced_background,high_risk_p95_completion,risk_aware,165.2445,1.5
30,303,balanced_background,high_risk_external_slo_miss_rate,random,0.125,2.0
30,303,balanced_background,high_risk_external_slo_miss_rate,least_loaded,0.125,2.0
30,303,balanced_background,high_risk_external_slo_miss_rate,compatibility_aware,0.25,4.0
30,303,balanced_background,high_risk_external_slo_miss_rate,risk_aware,0.125,2.0
30,303,balanced_background,risk_weighted_completion,random,117.356708045977,3.0
30,303,balanced_background,risk_weighted_completion,least_loaded,112.21236321839079,1.5
30,303,balanced_background,risk_weighted_completion,compatibility_aware,153.34234482758617,4.0
30,303,balanced_background,risk_weighted_completion,risk_aware,112.21236321839079,1.5
30,404,asymmetric_background,mean_waiting_time,random,103.28950793650792,3.0
30,404,asymmetric_background,mean_waiting_time,least_loaded,103.3981746031746,4.0
30,404,asymmetric_background,mean_waiting_time,compatibility_aware,103.0221746031746,1.0
30,404,asymmetric_background,mean_waiting_time,risk_aware,103.15517460317459,2.0
30,404,asymmetric_background,p95_waiting_time,random,205.67849999999999,4.0
30,404,asymmetric_background,p95_waiting_time,least_loaded,178.0105,2.0
30,404,asymmetric_background,p95_waiting_time,compatibility_aware,176.6325,1.0
30,404,asymmetric_background,p95_waiting_time,risk_aware,179.80349999999999,3.0
30,404,asymmetric_background,mean_completion_latency,random,117.97466666666666,1.0
30,404,asymmetric_background,mean_completion_latency,least_loaded,118.69666666666666,3.0
30,404,asymmetric_background,mean_completion_latency,compatibility_aware,119.76633333333334,4.0
30,404,asymmetric_background,mean_completion_latency,risk_aware,118.42,2.0
30,404,asymmetric_background,p95_completion_latency,random,211.40349999999998,4.0
30,404,asymmetric_background,p95_completion_latency,least_loaded,186.12199999999999,1.0
30,404,asymmetric_background,p95_completion_latency,compatibility_aware,198.46399999999997,3.0
30,404,asymmetric_background,p95_completion_latency,risk_aware,187.02399999999997,2.0
30,404,asymmetric_background,makespan,random,236.85,4.0
30,404,asymmetric_background,makespan,least_loaded,213.13,1.0
30,404,asymmetric_background,makespan,compatibility_aware,220.37,3.0
30,404,asymmetric_background,makespan,risk_aware,215.13,2.0
30,404,asymmetric_background,total_cost,random,1321.6642857142858,1.0
30,404,asymmetric_background,total_cost,least_loaded,1376.8642857142859,3.0
30,404,asymmetric_background,total_cost,compatibility_aware,1506.9742857142855,4.0
30,404,asymmetric_background,total_cost,risk_aware,1373.834285714286,2.0
30,404,asymmetric_background,external_slo_miss_rate,random,0.03333333333333333,1.0
30,404,asymmetric_background,external_slo_miss_rate,least_loaded,0.06666666666666667,3.0
30,404,asymmetric_background,external_slo_miss_rate,compatibility_aware,0.06666666666666667,3.0
30,404,asymmetric_background,external_slo_miss_rate,risk_aware,0.06666666666666667,3.0
30,404,asymmetric_background,high_risk_mean_waiting,random,102.11732142857143,4.0
30,404,asymmetric_background,high_risk_mean_waiting,least_loaded,93.54315476190476,2.0
30,404,asymmetric_background,high_risk_mean_waiting,compatibility_aware,100.98482142857142,3.0
30,404,asymmetric_background,high_risk_mean_waiting,risk_aware,92.02107142857142,1.0
30,404,asymmetric_background,high_risk_p95_waiting,random,193.0725,4.0
30,404,asymmetric_background,high_risk_p95_waiting,least_loaded,151.49849999999998,2.0
30,404,asymmetric_background,high_risk_p95_waiting,compatibility_aware,190.7575,3.0
30,404,asymmetric_background,high_risk_p95_waiting,risk_aware,151.24699999999999,1.0
30,404,asymmetric_background,high_risk_mean_completion,random,116.65124999999999,3.0
30,404,asymmetric_background,high_risk_mean_completion,least_loaded,110.005,2.0
30,404,asymmetric_background,high_risk_mean_completion,compatibility_aware,118.88374999999999,4.0
30,404,asymmetric_background,high_risk_mean_completion,risk_aware,107.66375,1.0
30,404,asymmetric_background,high_risk_p95_completion,random,206.4655,3.0
30,404,asymmetric_background,high_risk_p95_completion,least_loaded,171.001,2.0
30,404,asymmetric_background,high_risk_p95_completion,compatibility_aware,213.9375,4.0
30,404,asymmetric_background,high_risk_p95_completion,risk_aware,170.74949999999998,1.0
30,404,asymmetric_background,high_risk_external_slo_miss_rate,random,0.0,2.5
30,404,asymmetric_background,high_risk_external_slo_miss_rate,least_loaded,0.0,2.5
30,404,asymmetric_background,high_risk_external_slo_miss_rate,compatibility_aware,0.0,2.5
30,404,asymmetric_background,high_risk_external_slo_miss_rate,risk_aware,0.0,2.5
30,404,asymmetric_background,risk_weighted_completion,random,118.26319080459771,4.0
30,404,asymmetric_background,risk_weighted_completion,least_loaded,115.6341701149425,2.0
30,404,asymmetric_background,risk_weighted_completion,compatibility_aware,117.54640919540226,3.0
30,404,asymmetric_background,risk_weighted_completion,risk_aware,114.73325517241382,1.0
30,404,balanced_background,mean_waiting_time,random,103.28950793650792,3.0
30,404,balanced_background,mean_waiting_time,least_loaded,103.3981746031746,4.0
30,404,balanced_background,mean_waiting_time,compatibility_aware,103.0221746031746,1.0
30,404,balanced_background,mean_waiting_time,risk_aware,103.15517460317459,2.0
30,404,balanced_background,p95_waiting_time,random,205.67849999999999,4.0
30,404,balanced_background,p95_waiting_time,least_loaded,178.0105,2.0
30,404,balanced_background,p95_waiting_time,compatibility_aware,176.6325,1.0
30,404,balanced_background,p95_waiting_time,risk_aware,179.80349999999999,3.0
30,404,balanced_background,mean_completion_latency,random,117.97466666666666,1.0
30,404,balanced_background,mean_completion_latency,least_loaded,118.69666666666666,3.0
30,404,balanced_background,mean_completion_latency,compatibility_aware,119.76633333333334,4.0
30,404,balanced_background,mean_completion_latency,risk_aware,118.42,2.0
30,404,balanced_background,p95_completion_latency,random,211.40349999999998,4.0
30,404,balanced_background,p95_completion_latency,least_loaded,186.12199999999999,1.0
30,404,balanced_background,p95_completion_latency,compatibility_aware,198.46399999999997,3.0
30,404,balanced_background,p95_completion_latency,risk_aware,187.02399999999997,2.0
30,404,balanced_background,makespan,random,236.85,4.0
30,404,balanced_background,makespan,least_loaded,213.13,1.0
30,404,balanced_background,makespan,compatibility_aware,220.37,3.0
30,404,balanced_background,makespan,risk_aware,215.13,2.0
30,404,balanced_background,total_cost,random,1321.6642857142858,1.0
30,404,balanced_background,total_cost,least_loaded,1376.8642857142859,3.0
30,404,balanced_background,total_cost,compatibility_aware,1506.9742857142855,4.0
30,404,balanced_background,total_cost,risk_aware,1373.834285714286,2.0
30,404,balanced_background,external_slo_miss_rate,random,0.03333333333333333,1.0
30,404,balanced_background,external_slo_miss_rate,least_loaded,0.06666666666666667,3.0
30,404,balanced_background,external_slo_miss_rate,compatibility_aware,0.06666666666666667,3.0
30,404,balanced_background,external_slo_miss_rate,risk_aware,0.06666666666666667,3.0
30,404,balanced_background,high_risk_mean_waiting,random,102.11732142857143,4.0
30,404,balanced_background,high_risk_mean_waiting,least_loaded,93.54315476190476,2.0
30,404,balanced_background,high_risk_mean_waiting,compatibility_aware,100.98482142857142,3.0
30,404,balanced_background,high_risk_mean_waiting,risk_aware,92.02107142857142,1.0
30,404,balanced_background,high_risk_p95_waiting,random,193.0725,4.0
30,404,balanced_background,high_risk_p95_waiting,least_loaded,151.49849999999998,2.0
30,404,balanced_background,high_risk_p95_waiting,compatibility_aware,190.7575,3.0
30,404,balanced_background,high_risk_p95_waiting,risk_aware,151.24699999999999,1.0
30,404,balanced_background,high_risk_mean_completion,random,116.65124999999999,3.0
30,404,balanced_background,high_risk_mean_completion,least_loaded,110.005,2.0
30,404,balanced_background,high_risk_mean_completion,compatibility_aware,118.88374999999999,4.0
30,404,balanced_background,high_risk_mean_completion,risk_aware,107.66375,1.0
30,404,balanced_background,high_risk_p95_completion,random,206.4655,3.0
30,404,balanced_background,high_risk_p95_completion,least_loaded,171.001,2.0
30,404,balanced_background,high_risk_p95_completion,compatibility_aware,213.9375,4.0
30,404,balanced_background,high_risk_p95_completion,risk_aware,170.74949999999998,1.0
30,404,balanced_background,high_risk_external_slo_miss_rate,random,0.0,2.5
30,404,balanced_background,high_risk_external_slo_miss_rate,least_loaded,0.0,2.5
30,404,balanced_background,high_risk_external_slo_miss_rate,compatibility_aware,0.0,2.5
30,404,balanced_background,high_risk_external_slo_miss_rate,risk_aware,0.0,2.5
30,404,balanced_background,risk_weighted_completion,random,118.26319080459771,4.0
30,404,balanced_background,risk_weighted_completion,least_loaded,115.6341701149425,2.0
30,404,balanced_background,risk_weighted_completion,compatibility_aware,117.54640919540226,3.0
30,404,balanced_background,risk_weighted_completion,risk_aware,114.73325517241382,1.0
30,505,asymmetric_background,mean_waiting_time,random,116.78285185185183,3.0
30,505,asymmetric_background,mean_waiting_time,least_loaded,101.33662962962964,1.5
30,505,asymmetric_background,mean_waiting_time,compatibility_aware,158.1489629629629,4.0
30,505,asymmetric_background,mean_waiting_time,risk_aware,101.33662962962964,1.5
30,505,asymmetric_background,p95_waiting_time,random,243.44999999999996,3.0
30,505,asymmetric_background,p95_waiting_time,least_loaded,172.0555,1.5
30,505,asymmetric_background,p95_waiting_time,compatibility_aware,353.04849999999993,4.0
30,505,asymmetric_background,p95_waiting_time,risk_aware,172.0555,1.5
30,505,asymmetric_background,mean_completion_latency,random,130.4635185185185,3.0
30,505,asymmetric_background,mean_completion_latency,least_loaded,116.38296296296298,1.5
30,505,asymmetric_background,mean_completion_latency,compatibility_aware,175.78096296296297,4.0
30,505,asymmetric_background,mean_completion_latency,risk_aware,116.38296296296298,1.5
30,505,asymmetric_background,p95_completion_latency,random,268.2739999999999,3.0
30,505,asymmetric_background,p95_completion_latency,least_loaded,182.299,1.5
30,505,asymmetric_background,p95_completion_latency,compatibility_aware,368.84,4.0
30,505,asymmetric_background,p95_completion_latency,risk_aware,182.299,1.5
30,505,asymmetric_background,makespan,random,296.05,3.0
30,505,asymmetric_background,makespan,least_loaded,185.51,1.5
30,505,asymmetric_background,makespan,compatibility_aware,381.57,4.0
30,505,asymmetric_background,makespan,risk_aware,185.51,1.5
30,505,asymmetric_background,total_cost,random,1231.26,1.0
30,505,asymmetric_background,total_cost,least_loaded,1354.1700000000003,2.5
30,505,asymmetric_background,total_cost,compatibility_aware,1586.8799999999997,4.0
30,505,asymmetric_background,total_cost,risk_aware,1354.1700000000003,2.5
30,505,asymmetric_background,external_slo_miss_rate,random,0.13333333333333333,3.0
30,505,asymmetric_background,external_slo_miss_rate,least_loaded,0.1,1.5
30,505,asymmetric_background,external_slo_miss_rate,compatibility_aware,0.16666666666666666,4.0
30,505,asymmetric_background,external_slo_miss_rate,risk_aware,0.1,1.5
30,505,asymmetric_background,high_risk_mean_waiting,random,105.24375,3.0
30,505,asymmetric_background,high_risk_mean_waiting,least_loaded,89.03,1.5
30,505,asymmetric_background,high_risk_mean_waiting,compatibility_aware,165.025,4.0
30,505,asymmetric_background,high_risk_mean_waiting,risk_aware,89.03,1.5
30,505,asymmetric_background,high_risk_p95_waiting,random,211.97849999999994,3.0
30,505,asymmetric_background,high_risk_p95_waiting,least_loaded,148.33450000000002,1.5
30,505,asymmetric_background,high_risk_p95_waiting,compatibility_aware,303.6065,4.0
30,505,asymmetric_background,high_risk_p95_waiting,risk_aware,148.33450000000002,1.5
30,505,asymmetric_background,high_risk_mean_completion,random,119.79,3.0
30,505,asymmetric_background,high_risk_mean_completion,least_loaded,101.75736111111112,1.5
30,505,asymmetric_background,high_risk_mean_completion,compatibility_aware,183.3223611111111,4.0
30,505,asymmetric_background,high_risk_mean_completion,risk_aware,101.75736111111112,1.5
30,505,asymmetric_background,high_risk_p95_completion,random,239.17049999999995,3.0
30,505,asymmetric_background,high_risk_p95_completion,least_loaded,166.48250000000002,1.5
30,505,asymmetric_background,high_risk_p95_completion,compatibility_aware,329.262,4.0
30,505,asymmetric_background,high_risk_p95_completion,risk_aware,166.48250000000002,1.5
30,505,asymmetric_background,high_risk_external_slo_miss_rate,random,0.0,2.0
30,505,asymmetric_background,high_risk_external_slo_miss_rate,least_loaded,0.0,2.0
30,505,asymmetric_background,high_risk_external_slo_miss_rate,compatibility_aware,0.125,4.0
30,505,asymmetric_background,high_risk_external_slo_miss_rate,risk_aware,0.0,2.0
30,505,asymmetric_background,risk_weighted_completion,random,124.53313307790549,3.0
30,505,asymmetric_background,risk_weighted_completion,least_loaded,109.17338901660284,1.5
30,505,asymmetric_background,risk_weighted_completion,compatibility_aware,175.4686028097063,4.0
30,505,asymmetric_background,risk_weighted_completion,risk_aware,109.17338901660284,1.5
30,505,balanced_background,mean_waiting_time,random,111.51533333333333,3.0
30,505,balanced_background,mean_waiting_time,least_loaded,103.48133333333334,1.5
30,505,balanced_background,mean_waiting_time,compatibility_aware,143.85099999999997,4.0
30,505,balanced_background,mean_waiting_time,risk_aware,103.48133333333334,1.5
30,505,balanced_background,p95_waiting_time,random,189.94999999999996,3.0
30,505,balanced_background,p95_waiting_time,least_loaded,174.9675,1.5
30,505,balanced_background,p95_waiting_time,compatibility_aware,299.54849999999993,4.0
30,505,balanced_background,p95_waiting_time,risk_aware,174.9675,1.5
30,505,balanced_background,mean_completion_latency,random,125.19599999999997,3.0
30,505,balanced_background,mean_completion_latency,least_loaded,118.096,1.5
30,505,balanced_background,mean_completion_latency,compatibility_aware,161.483,4.0
30,505,balanced_background,mean_completion_latency,risk_aware,118.096,1.5
30,505,balanced_background,p95_completion_latency,random,214.7739999999999,3.0
30,505,balanced_background,p95_completion_latency,least_loaded,180.85649999999998,1.5
30,505,balanced_background,p95_completion_latency,compatibility_aware,315.34,4.0
30,505,balanced_background,p95_completion_latency,risk_aware,180.85649999999998,1.5
30,505,balanced_background,makespan,random,242.55,3.0
30,505,balanced_background,makespan,least_loaded,185.81,1.5
30,505,balanced_background,makespan,compatibility_aware,328.07,4.0
30,505,balanced_background,makespan,risk_aware,185.81,1.5
30,505,balanced_background,total_cost,random,1231.2599999999998,1.0
30,505,balanced_background,total_cost,least_loaded,1315.3199999999995,2.5
30,505,balanced_background,total_cost,compatibility_aware,1586.8799999999997,4.0
30,505,balanced_background,total_cost,risk_aware,1315.3199999999995,2.5
30,505,balanced_background,external_slo_miss_rate,random,0.06666666666666667,1.0
30,505,balanced_background,external_slo_miss_rate,least_loaded,0.1,2.5
30,505,balanced_background,external_slo_miss_rate,compatibility_aware,0.13333333333333333,4.0
30,505,balanced_background,external_slo_miss_rate,risk_aware,0.1,2.5
30,505,balanced_background,high_risk_mean_waiting,random,95.05000000000001,3.0
30,505,balanced_background,high_risk_mean_waiting,least_loaded,89.095,1.5
30,505,balanced_background,high_risk_mean_waiting,compatibility_aware,136.495,4.0
30,505,balanced_background,high_risk_mean_waiting,risk_aware,89.095,1.5
30,505,balanced_background,high_risk_p95_waiting,random,174.03249999999997,3.0
30,505,balanced_background,high_risk_p95_waiting,least_loaded,148.46099999999998,1.5
30,505,balanced_background,high_risk_p95_waiting,compatibility_aware,250.10649999999998,4.0
30,505,balanced_background,high_risk_p95_waiting,risk_aware,148.46099999999998,1.5
30,505,balanced_background,high_risk_mean_completion,random,109.59625,3.0
30,505,balanced_background,high_risk_mean_completion,least_loaded,102.80875,1.5
30,505,balanced_background,high_risk_mean_completion,compatibility_aware,154.79125,4.0
30,505,balanced_background,high_risk_mean_completion,risk_aware,102.80875,1.5
30,505,balanced_background,high_risk_p95_completion,random,198.82349999999997,3.0
30,505,balanced_background,high_risk_p95_completion,least_loaded,165.5625,1.5
30,505,balanced_background,high_risk_p95_completion,compatibility_aware,275.76199999999994,4.0
30,505,balanced_background,high_risk_p95_completion,risk_aware,165.5625,1.5
30,505,balanced_background,high_risk_external_slo_miss_rate,random,0.0,2.0
30,505,balanced_background,high_risk_external_slo_miss_rate,least_loaded,0.0,2.0
30,505,balanced_background,high_risk_external_slo_miss_rate,compatibility_aware,0.125,4.0
30,505,balanced_background,high_risk_external_slo_miss_rate,risk_aware,0.0,2.0
30,505,balanced_background,risk_weighted_completion,random,118.18333793103447,3.0
30,505,balanced_background,risk_weighted_completion,least_loaded,111.07841379310346,1.5
30,505,balanced_background,risk_weighted_completion,compatibility_aware,155.29929655172415,4.0
30,505,balanced_background,risk_weighted_completion,risk_aware,111.07841379310346,1.5
60,101,asymmetric_background,mean_waiting_time,random,284.6347592592593,3.0
60,101,asymmetric_background,mean_waiting_time,least_loaded,248.23366666666664,1.5
60,101,asymmetric_background,mean_waiting_time,compatibility_aware,309.40433333333334,4.0
60,101,asymmetric_background,mean_waiting_time,risk_aware,248.23366666666664,1.5
60,101,asymmetric_background,p95_waiting_time,random,494.6525,3.0
60,101,asymmetric_background,p95_waiting_time,least_loaded,441.1525,1.5
60,101,asymmetric_background,p95_waiting_time,compatibility_aware,673.8434999999998,4.0
60,101,asymmetric_background,p95_waiting_time,risk_aware,441.1525,1.5
60,101,asymmetric_background,mean_completion_latency,random,300.365925925926,3.0
60,101,asymmetric_background,mean_completion_latency,least_loaded,265.4248333333333,1.5
60,101,asymmetric_background,mean_completion_latency,compatibility_aware,328.1066666666667,4.0
60,101,asymmetric_background,mean_completion_latency,risk_aware,265.4248333333333,1.5
60,101,asymmetric_background,p95_completion_latency,random,509.91150000000005,3.0
60,101,asymmetric_background,p95_completion_latency,least_loaded,460.38949999999994,1.5
60,101,asymmetric_background,p95_completion_latency,compatibility_aware,695.8389999999998,4.0
60,101,asymmetric_background,p95_completion_latency,risk_aware,460.38949999999994,1.5
60,101,asymmetric_background,makespan,random,532.59,3.0
60,101,asymmetric_background,makespan,least_loaded,479.09,1.5
60,101,asymmetric_background,makespan,compatibility_aware,751.19,4.0
60,101,asymmetric_background,makespan,risk_aware,479.09,1.5
60,101,asymmetric_background,total_cost,random,2831.6100000000006,1.0
60,101,asymmetric_background,total_cost,least_loaded,3094.4099999999994,2.5
60,101,asymmetric_background,total_cost,compatibility_aware,3366.4200000000005,4.0
60,101,asymmetric_background,total_cost,risk_aware,3094.4099999999994,2.5
60,101,asymmetric_background,external_slo_miss_rate,random,0.2,2.0
60,101,asymmetric_background,external_slo_miss_rate,least_loaded,0.2,2.0
60,101,asymmetric_background,external_slo_miss_rate,compatibility_aware,0.25,4.0
60,101,asymmetric_background,external_slo_miss_rate,risk_aware,0.2,2.0
60,101,asymmetric_background,high_risk_mean_waiting,random,296.132,4.0
60,101,asymmetric_background,high_risk_mean_waiting,least_loaded,247.42000000000002,1.5
60,101,asymmetric_background,high_risk_mean_waiting,compatibility_aware,266.878,3.0
60,101,asymmetric_background,high_risk_mean_waiting,risk_aware,247.42000000000002,1.5
60,101,asymmetric_background,high_risk_p95_waiting,random,500.721,3.0
60,101,asymmetric_background,high_risk_p95_waiting,least_loaded,447.221,1.5
60,101,asymmetric_background,high_risk_p95_waiting,compatibility_aware,624.145,4.0
60,101,asymmetric_background,high_risk_p95_waiting,risk_aware,447.221,1.5
60,101,asymmetric_background,high_risk_mean_completion,random,316.2993333333333,4.0
60,101,asymmetric_background,high_risk_mean_completion,least_loaded,270.6546666666667,1.5
60,101,asymmetric_background,high_risk_mean_completion,compatibility_aware,292.0793333333333,3.0
60,101,asymmetric_background,high_risk_mean_completion,risk_aware,270.6546666666667,1.5
60,101,asymmetric_background,high_risk_p95_completion,random,516.571,3.0
60,101,asymmetric_background,high_risk_p95_completion,least_loaded,479.045,1.5
60,101,asymmetric_background,high_risk_p95_completion,compatibility_aware,652.7679999999999,4.0
60,101,asymmetric_background,high_risk_p95_completion,risk_aware,479.045,1.5
60,101,asymmetric_background,high_risk_external_slo_miss_rate,random,0.0,2.5
60,101,asymmetric_background,high_risk_external_slo_miss_rate,least_loaded,0.0,2.5
60,101,asymmetric_background,high_risk_external_slo_miss_rate,compatibility_aware,0.0,2.5
60,101,asymmetric_background,high_risk_external_slo_miss_rate,risk_aware,0.0,2.5
60,101,asymmetric_background,risk_weighted_completion,random,303.2943914626491,3.0
60,101,asymmetric_background,risk_weighted_completion,least_loaded,265.00433333333336,1.5
60,101,asymmetric_background,risk_weighted_completion,compatibility_aware,321.01508022598864,4.0
60,101,asymmetric_background,risk_weighted_completion,risk_aware,265.00433333333336,1.5
60,101,balanced_background,mean_waiting_time,random,282.96125925925924,3.0
60,101,balanced_background,mean_waiting_time,least_loaded,250.4860925925926,1.5
60,101,balanced_background,mean_waiting_time,compatibility_aware,322.9377592592592,4.0
60,101,balanced_background,mean_waiting_time,risk_aware,250.4860925925926,1.5
60,101,balanced_background,p95_waiting_time,random,483.6975,3.0
60,101,balanced_background,p95_waiting_time,least_loaded,438.22249999999997,1.5
60,101,balanced_background,p95_waiting_time,compatibility_aware,696.0534999999999,4.0
60,101,balanced_background,p95_waiting_time,risk_aware,438.22249999999997,1.5
60,101,balanced_background,mean_completion_latency,random,298.6925,3.0
60,101,balanced_background,mean_completion_latency,least_loaded,267.52883333333335,1.5
60,101,balanced_background,mean_completion_latency,compatibility_aware,341.6398333333333,4.0
60,101,balanced_background,mean_completion_latency,risk_aware,267.52883333333335,1.5
60,101,balanced_background,p95_completion_latency,random,493.1495,3.0
60,101,balanced_background,p95_completion_latency,least_loaded,457.45949999999993,1.5
60,101,balanced_background,p95_completion_latency,compatibility_aware,718.0489999999999,4.0
60,101,balanced_background,p95_completion_latency,risk_aware,457.45949999999993,1.5
60,101,balanced_background,makespan,random,530.61,3.0
60,101,balanced_background,makespan,least_loaded,476.16,1.5
60,101,balanced_background,makespan,compatibility_aware,773.4,4.0
60,101,balanced_background,makespan,risk_aware,476.16,1.5
60,101,balanced_background,total_cost,random,2831.623333333334,1.0
60,101,balanced_background,total_cost,least_loaded,3067.6933333333336,2.5
60,101,balanced_background,total_cost,compatibility_aware,3366.3733333333334,4.0
60,101,balanced_background,total_cost,risk_aware,3067.6933333333336,2.5
60,101,balanced_background,external_slo_miss_rate,random,0.21666666666666667,3.0
60,101,balanced_background,external_slo_miss_rate,least_loaded,0.2,1.5
60,101,balanced_background,external_slo_miss_rate,compatibility_aware,0.25,4.0
60,101,balanced_background,external_slo_miss_rate,risk_aware,0.2,1.5
60,101,balanced_background,high_risk_mean_waiting,random,292.0146666666667,4.0
60,101,balanced_background,high_risk_mean_waiting,least_loaded,249.43266666666668,1.5
60,101,balanced_background,high_risk_mean_waiting,compatibility_aware,278.2626666666667,3.0
60,101,balanced_background,high_risk_mean_waiting,risk_aware,249.43266666666668,1.5
60,101,balanced_background,high_risk_p95_waiting,random,487.191,3.0
60,101,balanced_background,high_risk_p95_waiting,least_loaded,444.291,1.5
60,101,balanced_background,high_risk_p95_waiting,compatibility_aware,646.3619999999999,4.0
60,101,balanced_background,high_risk_p95_waiting,risk_aware,444.291,1.5
60,101,balanced_background,high_risk_mean_completion,random,312.182,4.0
60,101,balanced_background,high_risk_mean_completion,least_loaded,272.9926666666667,1.5
60,101,balanced_background,high_risk_mean_completion,compatibility_aware,303.464,3.0
60,101,balanced_background,high_risk_mean_completion,risk_aware,272.9926666666667,1.5
60,101,balanced_background,high_risk_p95_completion,random,517.468,3.0
60,101,balanced_background,high_risk_p95_completion,least_loaded,475.023,1.5
60,101,balanced_background,high_risk_p95_completion,compatibility_aware,674.9849999999999,4.0
60,101,balanced_background,high_risk_p95_completion,risk_aware,475.023,1.5
60,101,balanced_background,high_risk_external_slo_miss_rate,random,0.06666666666666667,4.0
60,101,balanced_background,high_risk_external_slo_miss_rate,least_loaded,0.0,2.0
60,101,balanced_background,high_risk_external_slo_miss_rate,compatibility_aware,0.0,2.0
60,101,balanced_background,high_risk_external_slo_miss_rate,risk_aware,0.0,2.0
60,101,balanced_background,risk_weighted_completion,random,301.62383728813563,3.0
60,101,balanced_background,risk_weighted_completion,least_loaded,267.05196045197744,1.5
60,101,balanced_background,risk_weighted_completion,compatibility_aware,333.8818553672316,4.0
60,101,balanced_background,risk_weighted_completion,risk_aware,267.05196045197744,1.5
60,202,asymmetric_background,mean_waiting_time,random,280.21577777777776,3.0
60,202,asymmetric_background,mean_waiting_time,least_loaded,244.98527777777778,2.0
60,202,asymmetric_background,mean_waiting_time,compatibility_aware,345.55711111111106,4.0
60,202,asymmetric_background,mean_waiting_time,risk_aware,244.6031111111111,1.0
60,202,asymmetric_background,p95_waiting_time,random,611.1589999999999,3.0
60,202,asymmetric_background,p95_waiting_time,least_loaded,404.649,2.0
60,202,asymmetric_background,p95_waiting_time,compatibility_aware,656.8159999999999,4.0
60,202,asymmetric_background,p95_waiting_time,risk_aware,404.587,1.0
60,202,asymmetric_background,mean_completion_latency,random,297.59233333333333,3.0
60,202,asymmetric_background,mean_completion_latency,least_loaded,262.42033333333336,2.0
60,202,asymmetric_background,mean_completion_latency,compatibility_aware,367.5811666666666,4.0
60,202,asymmetric_background,mean_completion_latency,risk_aware,262.2266666666667,1.0
60,202,asymmetric_background,p95_completion_latency,random,656.204,3.0
60,202,asymmetric_background,p95_completion_latency,least_loaded,413.855,1.0
60,202,asymmetric_background,p95_completion_latency,compatibility_aware,662.7194999999999,4.0
60,202,asymmetric_background,p95_completion_latency,risk_aware,414.20599999999996,2.0
60,202,asymmetric_background,makespan,random,707.84,3.0
60,202,asymmetric_background,makespan,least_loaded,444.7,1.0
60,202,asymmetric_background,makespan,compatibility_aware,754.43,4.0
60,202,asymmetric_background,makespan,risk_aware,452.29,2.0
60,202,asymmetric_background,total_cost,random,3127.7799999999997,1.0
60,202,asymmetric_background,total_cost,least_loaded,3138.3100000000004,2.0
60,202,asymmetric_background,total_cost,compatibility_aware,3964.3300000000004,4.0
60,202,asymmetric_background,total_cost,risk_aware,3172.2400000000007,3.0
60,202,asymmetric_background,external_slo_miss_rate,random,0.18333333333333332,3.0
60,202,asymmetric_background,external_slo_miss_rate,least_loaded,0.16666666666666666,1.5
60,202,asymmetric_background,external_slo_miss_rate,compatibility_aware,0.26666666666666666,4.0
60,202,asymmetric_background,external_slo_miss_rate,risk_aware,0.16666666666666666,1.5
60,202,asymmetric_background,high_risk_mean_waiting,random,229.83377777777778,1.0
60,202,asymmetric_background,high_risk_mean_waiting,least_loaded,234.3431111111111,3.0
60,202,asymmetric_background,high_risk_mean_waiting,compatibility_aware,313.6524444444445,4.0
60,202,asymmetric_background,high_risk_mean_waiting,risk_aware,233.91977777777774,2.0
60,202,asymmetric_background,high_risk_p95_waiting,random,413.8219999999999,3.0
60,202,asymmetric_background,high_risk_p95_waiting,least_loaded,392.508,1.0
60,202,asymmetric_background,high_risk_p95_waiting,compatibility_aware,584.81,4.0
60,202,asymmetric_background,high_risk_p95_waiting,risk_aware,392.804,2.0
60,202,asymmetric_background,high_risk_mean_completion,random,246.524,1.0
60,202,asymmetric_background,high_risk_mean_completion,least_loaded,253.35666666666665,2.0
60,202,asymmetric_background,high_risk_mean_completion,compatibility_aware,334.99799999999993,4.0
60,202,asymmetric_background,high_risk_mean_completion,risk_aware,253.76266666666663,3.0
60,202,asymmetric_background,high_risk_p95_completion,random,425.71199999999993,3.0
60,202,asymmetric_background,high_risk_p95_completion,least_loaded,400.126,1.0
60,202,asymmetric_background,high_risk_p95_completion,compatibility_aware,594.9499999999999,4.0
60,202,asymmetric_background,high_risk_p95_completion,risk_aware,400.42199999999997,2.0
60,202,asymmetric_background,high_risk_external_slo_miss_rate,random,0.06666666666666667,2.0
60,202,asymmetric_background,high_risk_external_slo_miss_rate,least_loaded,0.06666666666666667,2.0
60,202,asymmetric_background,high_risk_external_slo_miss_rate,compatibility_aware,0.26666666666666666,4.0
60,202,asymmetric_background,high_risk_external_slo_miss_rate,risk_aware,0.06666666666666667,2.0
60,202,asymmetric_background,risk_weighted_completion,random,290.0739096045197,3.0
60,202,asymmetric_background,risk_weighted_completion,least_loaded,263.92008587570626,2.0
60,202,asymmetric_background,risk_weighted_completion,compatibility_aware,361.62184971751407,4.0
60,202,asymmetric_background,risk_weighted_completion,risk_aware,263.91217853107344,1.0
60,202,balanced_background,mean_waiting_time,random,268.23777777777775,3.0
60,202,balanced_background,mean_waiting_time,least_loaded,246.4721111111111,1.5
60,202,balanced_background,mean_waiting_time,compatibility_aware,316.1882777777777,4.0
60,202,balanced_background,mean_waiting_time,risk_aware,246.4721111111111,1.5
60,202,balanced_background,p95_waiting_time,random,545.8489999999998,3.0
60,202,balanced_background,p95_waiting_time,least_loaded,404.7575,1.5
60,202,balanced_background,p95_waiting_time,compatibility_aware,594.8284999999997,4.0
60,202,balanced_background,p95_waiting_time,risk_aware,404.7575,1.5
60,202,balanced_background,mean_completion_latency,random,285.6143333333333,3.0
60,202,balanced_background,mean_completion_latency,least_loaded,264.2511666666667,1.5
60,202,balanced_background,mean_completion_latency,compatibility_aware,338.2131666666666,4.0
60,202,balanced_background,mean_completion_latency,risk_aware,264.2511666666667,1.5
60,202,balanced_background,p95_completion_latency,random,590.8939999999999,3.0
60,202,balanced_background,p95_completion_latency,least_loaded,414.0045,1.5
60,202,balanced_background,p95_completion_latency,compatibility_aware,662.7194999999999,4.0
60,202,balanced_background,p95_completion_latency,risk_aware,414.0045,1.5
60,202,balanced_background,makespan,random,642.53,3.0
60,202,balanced_background,makespan,least_loaded,446.87,1.5
60,202,balanced_background,makespan,compatibility_aware,754.43,4.0
60,202,balanced_background,makespan,risk_aware,446.87,1.5
60,202,balanced_background,total_cost,random,3127.7799999999997,1.0
60,202,balanced_background,total_cost,least_loaded,3200.2300000000005,2.5
60,202,balanced_background,total_cost,compatibility_aware,3964.4800000000005,4.0
60,202,balanced_background,total_cost,risk_aware,3200.2300000000005,2.5
60,202,balanced_background,external_slo_miss_rate,random,0.18333333333333332,3.0
60,202,balanced_background,external_slo_miss_rate,least_loaded,0.16666666666666666,1.5
60,202,balanced_background,external_slo_miss_rate,compatibility_aware,0.23333333333333334,4.0
60,202,balanced_background,external_slo_miss_rate,risk_aware,0.16666666666666666,1.5
60,202,balanced_background,high_risk_mean_waiting,random,234.18177777777777,1.0
60,202,balanced_background,high_risk_mean_waiting,least_loaded,235.67377777777776,2.5
60,202,balanced_background,high_risk_mean_waiting,compatibility_aware,291.9004444444444,4.0
60,202,balanced_background,high_risk_mean_waiting,risk_aware,235.67377777777776,2.5
60,202,balanced_background,high_risk_p95_waiting,random,354.6509999999999,1.0
60,202,balanced_background,high_risk_p95_waiting,least_loaded,389.197,2.5
60,202,balanced_background,high_risk_p95_waiting,compatibility_aware,546.255,4.0
60,202,balanced_background,high_risk_p95_waiting,risk_aware,389.197,2.5
60,202,balanced_background,high_risk_mean_completion,random,250.87199999999999,1.0
60,202,balanced_background,high_risk_mean_completion,least_loaded,255.21599999999998,2.5
60,202,balanced_background,high_risk_mean_completion,compatibility_aware,313.24600000000004,4.0
60,202,balanced_background,high_risk_mean_completion,risk_aware,255.21599999999998,2.5
60,202,balanced_background,high_risk_p95_completion,random,363.04099999999994,1.0
60,202,balanced_background,high_risk_p95_completion,least_loaded,399.587,2.5
60,202,balanced_background,high_risk_p95_completion,compatibility_aware,557.395,4.0
60,202,balanced_background,high_risk_p95_completion,risk_aware,399.587,2.5
60,202,balanced_background,high_risk_external_slo_miss_rate,random,0.13333333333333333,3.0
60,202,balanced_background,high_risk_external_slo_miss_rate,least_loaded,0.06666666666666667,1.5
60,202,balanced_background,high_risk_external_slo_miss_rate,compatibility_aware,0.2,4.0
60,202,balanced_background,high_risk_external_slo_miss_rate,risk_aware,0.06666666666666667,1.5
60,202,balanced_background,risk_weighted_completion,random,281.67105536723165,3.0
60,202,balanced_background,risk_weighted_completion,least_loaded,265.81857853107346,1.5
60,202,balanced_background,risk_weighted_completion,compatibility_aware,334.61824971751406,4.0
60,202,balanced_background,risk_weighted_completion,risk_aware,265.81857853107346,1.5
60,303,asymmetric_background,mean_waiting_time,random,218.931,3.0
60,303,asymmetric_background,mean_waiting_time,least_loaded,213.16333333333333,2.0
60,303,asymmetric_background,mean_waiting_time,compatibility_aware,284.2355,4.0
60,303,asymmetric_background,mean_waiting_time,risk_aware,212.186,1.0
60,303,asymmetric_background,p95_waiting_time,random,364.815,3.0
60,303,asymmetric_background,p95_waiting_time,least_loaded,349.00399999999996,2.0
60,303,asymmetric_background,p95_waiting_time,compatibility_aware,562.847,4.0
60,303,asymmetric_background,p95_waiting_time,risk_aware,342.829,1.0
60,303,asymmetric_background,mean_completion_latency,random,233.44283333333334,3.0
60,303,asymmetric_background,mean_completion_latency,least_loaded,227.78433333333334,2.0
60,303,asymmetric_background,mean_completion_latency,compatibility_aware,301.9725,4.0
60,303,asymmetric_background,mean_completion_latency,risk_aware,227.1885,1.0
60,303,asymmetric_background,p95_completion_latency,random,370.97849999999994,3.0
60,303,asymmetric_background,p95_completion_latency,least_loaded,368.2835,2.0
60,303,asymmetric_background,p95_completion_latency,compatibility_aware,580.217,4.0
60,303,asymmetric_background,p95_completion_latency,risk_aware,358.92249999999996,1.0
60,303,asymmetric_background,makespan,random,390.49,3.0
60,303,asymmetric_background,makespan,least_loaded,384.0,2.0
60,303,asymmetric_background,makespan,compatibility_aware,625.71,4.0
60,303,asymmetric_background,makespan,risk_aware,371.14,1.0
60,303,asymmetric_background,total_cost,random,2612.1300000000006,1.0
60,303,asymmetric_background,total_cost,least_loaded,2631.7799999999997,2.0
60,303,asymmetric_background,total_cost,compatibility_aware,3192.6599999999994,4.0
60,303,asymmetric_background,total_cost,risk_aware,2700.45,3.0
60,303,asymmetric_background,external_slo_miss_rate,random,0.05,3.0
60,303,asymmetric_background,external_slo_miss_rate,least_loaded,0.03333333333333333,1.5
60,303,asymmetric_background,external_slo_miss_rate,compatibility_aware,0.15,4.0
60,303,asymmetric_background,external_slo_miss_rate,risk_aware,0.03333333333333333,1.5
60,303,asymmetric_background,high_risk_mean_waiting,random,238.08599999999998,1.0
60,303,asymmetric_background,high_risk_mean_waiting,least_loaded,254.26200000000003,3.0
60,303,asymmetric_background,high_risk_mean_waiting,compatibility_aware,362.2046666666667,4.0
60,303,asymmetric_background,high_risk_mean_waiting,risk_aware,252.746,2.0
60,303,asymmetric_background,high_risk_p95_waiting,random,367.785,3.0
60,303,asymmetric_background,high_risk_p95_waiting,least_loaded,361.351,2.0
60,303,asymmetric_background,high_risk_p95_waiting,compatibility_aware,582.802,4.0
60,303,asymmetric_background,high_risk_p95_waiting,risk_aware,350.577,1.0
60,303,asymmetric_background,high_risk_mean_completion,random,255.176,1.0
60,303,asymmetric_background,high_risk_mean_completion,least_loaded,268.36733333333336,3.0
60,303,asymmetric_background,high_risk_mean_completion,compatibility_aware,380.9306666666666,4.0
60,303,asymmetric_background,high_risk_mean_completion,risk_aware,266.6213333333333,2.0
60,303,asymmetric_background,high_risk_p95_completion,random,376.68999999999994,3.0
60,303,asymmetric_background,high_risk_p95_completion,least_loaded,373.308,2.0
60,303,asymmetric_background,high_risk_p95_completion,compatibility_aware,597.117,4.0
60,303,asymmetric_background,high_risk_p95_completion,risk_aware,360.119,1.0
60,303,asymmetric_background,high_risk_external_slo_miss_rate,random,0.0,2.0
60,303,asymmetric_background,high_risk_external_slo_miss_rate,least_loaded,0.0,2.0
60,303,asymmetric_background,high_risk_external_slo_miss_rate,compatibility_aware,0.2,4.0
60,303,asymmetric_background,high_risk_external_slo_miss_rate,risk_aware,0.0,2.0
60,303,asymmetric_background,risk_weighted_completion,random,241.92578079096043,3.0
60,303,asymmetric_background,risk_weighted_completion,least_loaded,237.41816045197746,2.0
60,303,asymmetric_background,risk_weighted_completion,compatibility_aware,321.68007796610175,4.0
60,303,asymmetric_background,risk_weighted_completion,risk_aware,236.5769322033898,1.0
60,303,balanced_background,mean_waiting_time,random,220.2956666666667,3.0
60,303,balanced_background,mean_waiting_time,least_loaded,212.63283333333337,1.0
60,303,balanced_background,mean_waiting_time,compatibility_aware,291.37033333333335,4.0
60,303,balanced_background,mean_waiting_time,risk_aware,212.6701666666667,2.0
60,303,balanced_background,p95_waiting_time,random,363.1185,3.0
60,303,balanced_background,p95_waiting_time,least_loaded,345.62899999999996,2.0
60,303,balanced_background,p95_waiting_time,compatibility_aware,580.597,4.0
60,303,balanced_background,p95_waiting_time,risk_aware,344.599,1.0
60,303,balanced_background,mean_completion_latency,random,234.80766666666668,3.0
60,303,balanced_background,mean_completion_latency,least_loaded,227.5461666666667,1.0
60,303,balanced_background,mean_completion_latency,compatibility_aware,309.1075000000001,4.0
60,303,balanced_background,mean_completion_latency,risk_aware,227.59216666666669,2.0
60,303,balanced_background,p95_completion_latency,random,373.0155,3.0
60,303,balanced_background,p95_completion_latency,least_loaded,359.8065,1.0
60,303,balanced_background,p95_completion_latency,compatibility_aware,597.967,4.0
60,303,balanced_background,p95_completion_latency,risk_aware,359.884,2.0
60,303,balanced_background,makespan,random,394.93,3.0
60,303,balanced_background,makespan,least_loaded,373.94,2.0
60,303,balanced_background,makespan,compatibility_aware,643.46,4.0
60,303,balanced_background,makespan,risk_aware,373.75,1.0
60,303,balanced_background,total_cost,random,2612.16,1.0
60,303,balanced_background,total_cost,least_loaded,2684.4,2.0
60,303,balanced_background,total_cost,compatibility_aware,3192.69,4.0
60,303,balanced_background,total_cost,risk_aware,2685.9599999999996,3.0
60,303,balanced_background,external_slo_miss_rate,random,0.016666666666666666,1.0
60,303,balanced_background,external_slo_miss_rate,least_loaded,0.03333333333333333,2.5
60,303,balanced_background,external_slo_miss_rate,compatibility_aware,0.15,4.0
60,303,balanced_background,external_slo_miss_rate,risk_aware,0.03333333333333333,2.5
60,303,balanced_background,high_risk_mean_waiting,random,243.69466666666668,1.0
60,303,balanced_background,high_risk_mean_waiting,least_loaded,252.85733333333332,2.0
60,303,balanced_background,high_risk_mean_waiting,compatibility_aware,372.8473333333333,4.0
60,303,balanced_background,high_risk_mean_waiting,risk_aware,253.30800000000005,3.0
60,303,balanced_background,high_risk_p95_waiting,random,368.57599999999996,3.0
60,303,balanced_background,high_risk_p95_waiting,least_loaded,353.377,2.0
60,303,balanced_background,high_risk_p95_waiting,compatibility_aware,600.552,4.0
60,303,balanced_background,high_risk_p95_waiting,risk_aware,352.347,1.0
60,303,balanced_background,high_risk_mean_completion,random,260.7853333333333,1.0
60,303,balanced_background,high_risk_mean_completion,least_loaded,266.9626666666667,3.0
60,303,balanced_background,high_risk_mean_completion,compatibility_aware,391.5733333333334,4.0
60,303,balanced_background,high_risk_mean_completion,risk_aware,266.7893333333334,2.0
60,303,balanced_background,high_risk_p95_completion,random,382.689,3.0
60,303,balanced_background,high_risk_p95_completion,least_loaded,362.919,2.0
60,303,balanced_background,high_risk_p95_completion,compatibility_aware,614.867,4.0
60,303,balanced_background,high_risk_p95_completion,risk_aware,361.889,1.0
60,303,balanced_background,high_risk_external_slo_miss_rate,random,0.0,2.0
60,303,balanced_background,high_risk_external_slo_miss_rate,least_loaded,0.0,2.0
60,303,balanced_background,high_risk_external_slo_miss_rate,compatibility_aware,0.2,4.0
60,303,balanced_background,high_risk_external_slo_miss_rate,risk_aware,0.0,2.0
60,303,balanced_background,risk_weighted_completion,random,243.20161581920902,3.0
60,303,balanced_background,risk_weighted_completion,least_loaded,236.84625649717515,1.0
60,303,balanced_background,risk_weighted_completion,compatibility_aware,328.87238983050844,4.0
60,303,balanced_background,risk_weighted_completion,risk_aware,236.87834802259886,2.0
60,404,asymmetric_background,mean_waiting_time,random,221.9377777777778,3.0
60,404,asymmetric_background,mean_waiting_time,least_loaded,213.74227777777776,1.0
60,404,asymmetric_background,mean_waiting_time,compatibility_aware,222.7469444444445,4.0
60,404,asymmetric_background,mean_waiting_time,risk_aware,214.11711111111111,2.0
60,404,asymmetric_background,p95_waiting_time,random,399.63899999999995,4.0
60,404,asymmetric_background,p95_waiting_time,least_loaded,355.23549999999994,2.0
60,404,asymmetric_background,p95_waiting_time,compatibility_aware,383.1289999999999,3.0
60,404,asymmetric_background,p95_waiting_time,risk_aware,355.16249999999997,1.0
60,404,asymmetric_background,mean_completion_latency,random,236.1513333333333,3.0
60,404,asymmetric_background,mean_completion_latency,least_loaded,229.5053333333334,1.0
60,404,asymmetric_background,mean_completion_latency,compatibility_aware,239.6921666666667,4.0
60,404,asymmetric_background,mean_completion_latency,risk_aware,229.87983333333332,2.0
60,404,asymmetric_background,p95_completion_latency,random,413.1235,4.0
60,404,asymmetric_background,p95_completion_latency,least_loaded,363.0825,1.0
60,404,asymmetric_background,p95_completion_latency,compatibility_aware,404.92749999999995,3.0
60,404,asymmetric_background,p95_completion_latency,risk_aware,363.08549999999997,2.0
60,404,asymmetric_background,makespan,random,454.14,3.0
60,404,asymmetric_background,makespan,least_loaded,392.87,1.0
60,404,asymmetric_background,makespan,compatibility_aware,472.87,4.0
60,404,asymmetric_background,makespan,risk_aware,392.93,2.0
60,404,asymmetric_background,total_cost,random,2558.4399999999996,1.0
60,404,asymmetric_background,total_cost,least_loaded,2837.3499999999995,3.0
60,404,asymmetric_background,total_cost,compatibility_aware,3050.1400000000003,4.0
60,404,asymmetric_background,total_cost,risk_aware,2837.29,2.0
60,404,asymmetric_background,external_slo_miss_rate,random,0.06666666666666667,4.0
60,404,asymmetric_background,external_slo_miss_rate,least_loaded,0.05,2.0
60,404,asymmetric_background,external_slo_miss_rate,compatibility_aware,0.05,2.0
60,404,asymmetric_background,external_slo_miss_rate,risk_aware,0.05,2.0
60,404,asymmetric_background,high_risk_mean_waiting,random,219.9226666666667,4.0
60,404,asymmetric_background,high_risk_mean_waiting,least_loaded,195.21933333333334,1.0
60,404,asymmetric_background,high_risk_mean_waiting,compatibility_aware,196.624,2.0
60,404,asymmetric_background,high_risk_mean_waiting,risk_aware,196.9966666666667,3.0
60,404,asymmetric_background,high_risk_p95_waiting,random,351.82199999999995,4.0
60,404,asymmetric_background,high_risk_p95_waiting,least_loaded,319.948,2.0
60,404,asymmetric_background,high_risk_p95_waiting,compatibility_aware,322.54200000000003,3.0
60,404,asymmetric_background,high_risk_p95_waiting,risk_aware,319.90999999999997,1.0
60,404,asymmetric_background,high_risk_mean_completion,random,232.84466666666668,4.0
60,404,asymmetric_background,high_risk_mean_completion,least_loaded,211.72866666666667,1.0
60,404,asymmetric_background,high_risk_mean_completion,compatibility_aware,213.46266666666665,3.0
60,404,asymmetric_background,high_risk_mean_completion,risk_aware,212.93666666666664,2.0
60,404,asymmetric_background,high_risk_p95_completion,random,365.8329999999999,4.0
60,404,asymmetric_background,high_risk_p95_completion,least_loaded,333.32499999999993,2.0
60,404,asymmetric_background,high_risk_p95_completion,compatibility_aware,340.042,3.0
60,404,asymmetric_background,high_risk_p95_completion,risk_aware,333.287,1.0
60,404,asymmetric_background,high_risk_external_slo_miss_rate,random,0.06666666666666667,4.0
60,404,asymmetric_background,high_risk_external_slo_miss_rate,least_loaded,0.0,2.0
60,404,asymmetric_background,high_risk_external_slo_miss_rate,compatibility_aware,0.0,2.0
60,404,asymmetric_background,high_risk_external_slo_miss_rate,risk_aware,0.0,2.0
60,404,asymmetric_background,risk_weighted_completion,random,233.19975028248592,3.0
60,404,asymmetric_background,risk_weighted_completion,least_loaded,224.7805231638419,1.0
60,404,asymmetric_background,risk_weighted_completion,compatibility_aware,233.8096666666666,4.0
60,404,asymmetric_background,risk_weighted_completion,risk_aware,225.3186248587571,2.0
60,404,balanced_background,mean_waiting_time,random,219.688,3.0
60,404,balanced_background,mean_waiting_time,least_loaded,216.51450000000003,1.0
60,404,balanced_background,mean_waiting_time,compatibility_aware,229.00166666666667,4.0
60,404,balanced_background,mean_waiting_time,risk_aware,216.63666666666668,2.0
60,404,balanced_background,p95_waiting_time,random,387.799,3.0
60,404,balanced_background,p95_waiting_time,least_loaded,357.37050000000005,2.0
60,404,balanced_background,p95_waiting_time,compatibility_aware,405.6174999999999,4.0
60,404,balanced_background,p95_waiting_time,risk_aware,351.6385,1.0
60,404,balanced_background,mean_completion_latency,random,233.9015,3.0
60,404,balanced_background,mean_completion_latency,least_loaded,231.97033333333334,1.0
60,404,balanced_background,mean_completion_latency,compatibility_aware,245.94650000000001,4.0
60,404,balanced_background,mean_completion_latency,risk_aware,232.20649999999995,2.0
60,404,balanced_background,p95_completion_latency,random,401.28349999999995,3.0
60,404,balanced_background,p95_completion_latency,least_loaded,363.10949999999997,1.0
60,404,balanced_background,p95_completion_latency,compatibility_aware,437.0775,4.0
60,404,balanced_background,p95_completion_latency,risk_aware,366.67449999999997,2.0
60,404,balanced_background,makespan,random,442.3,3.0
60,404,balanced_background,makespan,least_loaded,394.85,2.0
60,404,balanced_background,makespan,compatibility_aware,505.02,4.0
60,404,balanced_background,makespan,risk_aware,390.99,1.0
60,404,balanced_background,total_cost,random,2558.4300000000007,1.0
60,404,balanced_background,total_cost,least_loaded,2782.0499999999997,2.0
60,404,balanced_background,total_cost,compatibility_aware,3050.0699999999997,4.0
60,404,balanced_background,total_cost,risk_aware,2802.57,3.0
60,404,balanced_background,external_slo_miss_rate,random,0.05,2.5
60,404,balanced_background,external_slo_miss_rate,least_loaded,0.05,2.5
60,404,balanced_background,external_slo_miss_rate,compatibility_aware,0.05,2.5
60,404,balanced_background,external_slo_miss_rate,risk_aware,0.05,2.5
60,404,balanced_background,high_risk_mean_waiting,random,212.244,4.0
60,404,balanced_background,high_risk_mean_waiting,least_loaded,199.1553333333333,1.0
60,404,balanced_background,high_risk_mean_waiting,compatibility_aware,201.26333333333332,3.0
60,404,balanced_background,high_risk_mean_waiting,risk_aware,199.254,2.0
60,404,balanced_background,high_risk_p95_waiting,random,339.972,4.0
60,404,balanced_background,high_risk_p95_waiting,least_loaded,317.24699999999996,1.0
60,404,balanced_background,high_risk_p95_waiting,compatibility_aware,331.712,3.0
60,404,balanced_background,high_risk_p95_waiting,risk_aware,317.467,2.0
60,404,balanced_background,high_risk_mean_completion,random,225.16600000000003,4.0
60,404,balanced_background,high_risk_mean_completion,least_loaded,214.76466666666664,2.0
60,404,balanced_background,high_risk_mean_completion,compatibility_aware,218.10133333333334,3.0
60,404,balanced_background,high_risk_mean_completion,risk_aware,214.42666666666665,1.0
60,404,balanced_background,high_risk_p95_completion,random,353.986,4.0
60,404,balanced_background,high_risk_p95_completion,least_loaded,330.614,1.0
60,404,balanced_background,high_risk_p95_completion,compatibility_aware,347.6359999999999,3.0
60,404,balanced_background,high_risk_p95_completion,risk_aware,330.84099999999995,2.0
60,404,balanced_background,high_risk_external_slo_miss_rate,random,0.0,2.5
60,404,balanced_background,high_risk_external_slo_miss_rate,least_loaded,0.0,2.5
60,404,balanced_background,high_risk_external_slo_miss_rate,compatibility_aware,0.0,2.5
60,404,balanced_background,high_risk_external_slo_miss_rate,risk_aware,0.0,2.5
60,404,balanced_background,risk_weighted_completion,random,230.5936847457627,3.0
60,404,balanced_background,risk_weighted_completion,least_loaded,227.76038079096048,1.0
60,404,balanced_background,risk_weighted_completion,compatibility_aware,240.09747118644069,4.0
60,404,balanced_background,risk_weighted_completion,risk_aware,227.81601355932202,2.0
60,505,asymmetric_background,mean_waiting_time,random,256.0849814814815,3.0
60,505,asymmetric_background,mean_waiting_time,least_loaded,216.75948148148146,1.5
60,505,asymmetric_background,mean_waiting_time,compatibility_aware,323.54448148148157,4.0
60,505,asymmetric_background,mean_waiting_time,risk_aware,216.75948148148146,1.5
60,505,asymmetric_background,p95_waiting_time,random,471.82599999999996,3.0
60,505,asymmetric_background,p95_waiting_time,least_loaded,357.99050000000005,1.5
60,505,asymmetric_background,p95_waiting_time,compatibility_aware,708.7399999999999,4.0
60,505,asymmetric_background,p95_waiting_time,risk_aware,357.99050000000005,1.5
60,505,asymmetric_background,mean_completion_latency,random,269.88699999999994,3.0
60,505,asymmetric_background,mean_completion_latency,least_loaded,232.15883333333335,1.5
60,505,asymmetric_background,mean_completion_latency,compatibility_aware,341.6801666666667,4.0
60,505,asymmetric_background,mean_completion_latency,risk_aware,232.15883333333335,1.5
60,505,asymmetric_background,p95_completion_latency,random,489.4445,3.0
60,505,asymmetric_background,p95_completion_latency,least_loaded,365.4265,1.5
60,505,asymmetric_background,p95_completion_latency,compatibility_aware,720.3205,4.0
60,505,asymmetric_background,p95_completion_latency,risk_aware,365.4265,1.5
60,505,asymmetric_background,makespan,random,543.64,3.0
60,505,asymmetric_background,makespan,least_loaded,391.3,1.5
60,505,asymmetric_background,makespan,compatibility_aware,783.52,4.0
60,505,asymmetric_background,makespan,risk_aware,391.3,1.5
60,505,asymmetric_background,total_cost,random,2484.3633333333337,1.0
60,505,asymmetric_background,total_cost,least_loaded,2771.8833333333337,2.5
60,505,asymmetric_background,total_cost,compatibility_aware,3264.423333333333,4.0
60,505,asymmetric_background,total_cost,risk_aware,2771.8833333333337,2.5
60,505,asymmetric_background,external_slo_miss_rate,random,0.1,3.0
60,505,asymmetric_background,external_slo_miss_rate,least_loaded,0.08333333333333333,1.5
60,505,asymmetric_background,external_slo_miss_rate,compatibility_aware,0.15,4.0
60,505,asymmetric_background,external_slo_miss_rate,risk_aware,0.08333333333333333,1.5
60,505,asymmetric_background,high_risk_mean_waiting,random,166.13659259259256,3.0
60,505,asymmetric_background,high_risk_mean_waiting,least_loaded,161.0885925925926,1.5
60,505,asymmetric_background,high_risk_mean_waiting,compatibility_aware,170.89325925925925,4.0
60,505,asymmetric_background,high_risk_mean_waiting,risk_aware,161.0885925925926,1.5
60,505,asymmetric_background,high_risk_p95_waiting,random,335.56299999999993,3.0
60,505,asymmetric_background,high_risk_p95_waiting,least_loaded,311.77599999999995,1.5
60,505,asymmetric_background,high_risk_p95_waiting,compatibility_aware,453.8639999999998,4.0
60,505,asymmetric_background,high_risk_p95_waiting,risk_aware,311.77599999999995,1.5
60,505,asymmetric_background,high_risk_mean_completion,random,177.842,3.0
60,505,asymmetric_background,high_risk_mean_completion,least_loaded,175.31333333333336,1.5
60,505,asymmetric_background,high_risk_mean_completion,compatibility_aware,185.90733333333336,4.0
60,505,asymmetric_background,high_risk_mean_completion,risk_aware,175.31333333333336,1.5
60,505,asymmetric_background,high_risk_p95_completion,random,346.41799999999995,3.0
60,505,asymmetric_background,high_risk_p95_completion,least_loaded,327.45399999999995,1.5
60,505,asymmetric_background,high_risk_p95_completion,compatibility_aware,474.53399999999976,4.0
60,505,asymmetric_background,high_risk_p95_completion,risk_aware,327.45399999999995,1.5
60,505,asymmetric_background,high_risk_external_slo_miss_rate,random,0.13333333333333333,3.0
60,505,asymmetric_background,high_risk_external_slo_miss_rate,least_loaded,0.13333333333333333,3.0
60,505,asymmetric_background,high_risk_external_slo_miss_rate,compatibility_aware,0.0,1.0
60,505,asymmetric_background,high_risk_external_slo_miss_rate,risk_aware,0.13333333333333333,3.0
60,505,asymmetric_background,risk_weighted_completion,random,258.4462542372882,3.0
60,505,asymmetric_background,risk_weighted_completion,least_loaded,224.1764757062147,1.5
60,505,asymmetric_background,risk_weighted_completion,compatibility_aware,320.53116497175137,4.0
60,505,asymmetric_background,risk_weighted_completion,risk_aware,224.1764757062147,1.5
60,505,balanced_background,mean_waiting_time,random,249.32999999999998,3.0
60,505,balanced_background,mean_waiting_time,least_loaded,218.3085,1.5
60,505,balanced_background,mean_waiting_time,compatibility_aware,306.43233333333336,4.0
60,505,balanced_background,mean_waiting_time,risk_aware,218.3085,1.5
60,505,balanced_background,p95_waiting_time,random,424.44599999999997,3.0
60,505,balanced_background,p95_waiting_time,least_loaded,356.8315,1.5
60,505,balanced_background,p95_waiting_time,compatibility_aware,661.3699999999999,4.0
60,505,balanced_background,p95_waiting_time,risk_aware,356.8315,1.5
60,505,balanced_background,mean_completion_latency,random,263.132,3.0
60,505,balanced_background,mean_completion_latency,least_loaded,233.77883333333332,1.5
60,505,balanced_background,mean_completion_latency,compatibility_aware,324.5681666666667,4.0
60,505,balanced_background,mean_completion_latency,risk_aware,233.77883333333332,1.5
60,505,balanced_background,p95_completion_latency,random,442.0645,3.0
60,505,balanced_background,p95_completion_latency,least_loaded,362.541,1.5
60,505,balanced_background,p95_completion_latency,compatibility_aware,672.9505,4.0
60,505,balanced_background,p95_completion_latency,risk_aware,362.541,1.5
60,505,balanced_background,makespan,random,496.26,3.0
60,505,balanced_background,makespan,least_loaded,389.27,1.5
60,505,balanced_background,makespan,compatibility_aware,736.15,4.0
60,505,balanced_background,makespan,risk_aware,389.27,1.5
60,505,balanced_background,total_cost,random,2484.36,1.0
60,505,balanced_background,total_cost,least_loaded,2784.6600000000003,2.5
60,505,balanced_background,total_cost,compatibility_aware,3264.45,4.0
60,505,balanced_background,total_cost,risk_aware,2784.6600000000003,2.5
60,505,balanced_background,external_slo_miss_rate,random,0.1,3.0
60,505,balanced_background,external_slo_miss_rate,least_loaded,0.08333333333333333,1.5
60,505,balanced_background,external_slo_miss_rate,compatibility_aware,0.13333333333333333,4.0
60,505,balanced_background,external_slo_miss_rate,risk_aware,0.08333333333333333,1.5
60,505,balanced_background,high_risk_mean_waiting,random,177.9406666666667,4.0
60,505,balanced_background,high_risk_mean_waiting,least_loaded,165.62533333333334,1.5
60,505,balanced_background,high_risk_mean_waiting,compatibility_aware,165.93,3.0
60,505,balanced_background,high_risk_mean_waiting,risk_aware,165.62533333333334,1.5
60,505,balanced_background,high_risk_p95_waiting,random,355.2129999999999,3.0
60,505,balanced_background,high_risk_p95_waiting,least_loaded,315.13399999999996,1.5
60,505,balanced_background,high_risk_p95_waiting,compatibility_aware,406.4939999999998,4.0
60,505,balanced_background,high_risk_p95_waiting,risk_aware,315.13399999999996,1.5
60,505,balanced_background,high_risk_mean_completion,random,189.64533333333333,4.0
60,505,balanced_background,high_risk_mean_completion,least_loaded,179.68533333333332,1.5
60,505,balanced_background,high_risk_mean_completion,compatibility_aware,180.944,3.0
60,505,balanced_background,high_risk_mean_completion,risk_aware,179.68533333333332,1.5
60,505,balanced_background,high_risk_p95_completion,random,366.0679999999999,3.0
60,505,balanced_background,high_risk_p95_completion,least_loaded,330.81199999999995,1.5
60,505,balanced_background,high_risk_p95_completion,compatibility_aware,427.16399999999976,4.0
60,505,balanced_background,high_risk_p95_completion,risk_aware,330.81199999999995,1.5
60,505,balanced_background,high_risk_external_slo_miss_rate,random,0.13333333333333333,3.0
60,505,balanced_background,high_risk_external_slo_miss_rate,least_loaded,0.13333333333333333,3.0
60,505,balanced_background,high_risk_external_slo_miss_rate,compatibility_aware,0.0,1.0
60,505,balanced_background,high_risk_external_slo_miss_rate,risk_aware,0.13333333333333333,3.0
60,505,balanced_background,risk_weighted_completion,random,253.16691186440673,3.0
60,505,balanced_background,risk_weighted_completion,least_loaded,226.224584180791,1.5
60,505,balanced_background,risk_weighted_completion,compatibility_aware,305.98549717514123,4.0
60,505,balanced_background,risk_weighted_completion,risk_aware,226.224584180791,1.5
