workload_size,workload_seed,queue_scenario,metric,best_value,winners,risk_aware_is_winner
30,101,asymmetric_background,mean_waiting_time,112.67366666666666,least_loaded|risk_aware,True
30,101,asymmetric_background,p95_waiting_time,205.29999999999998,least_loaded|risk_aware,True
30,101,asymmetric_background,mean_completion_latency,130.463,least_loaded|risk_aware,True
30,101,asymmetric_background,p95_completion_latency,223.3665,least_loaded|risk_aware,True
30,101,asymmetric_background,makespan,249.96,least_loaded|risk_aware,True
30,101,asymmetric_background,total_cost,1420.2899999999997,random,False
30,101,asymmetric_background,external_slo_miss_rate,0.2,least_loaded|random|risk_aware,True
30,101,asymmetric_background,high_risk_mean_waiting,119.52374999999999,least_loaded|risk_aware,True
30,101,asymmetric_background,high_risk_p95_waiting,189.06300000000002,least_loaded|risk_aware,True
30,101,asymmetric_background,high_risk_mean_completion,132.45375,least_loaded|risk_aware,True
30,101,asymmetric_background,high_risk_p95_completion,200.77599999999998,least_loaded|risk_aware,True
30,101,asymmetric_background,high_risk_external_slo_miss_rate,0.25,compatibility_aware|least_loaded|random|risk_aware,True
30,101,asymmetric_background,risk_weighted_completion,137.82782068965517,least_loaded|risk_aware,True
30,101,balanced_background,mean_waiting_time,113.14166666666668,least_loaded|risk_aware,True
30,101,balanced_background,p95_waiting_time,205.29999999999998,least_loaded|risk_aware,True
30,101,balanced_background,mean_completion_latency,130.86399999999998,least_loaded|risk_aware,True
30,101,balanced_background,p95_completion_latency,223.3665,least_loaded|risk_aware,True
30,101,balanced_background,makespan,249.96,least_loaded|risk_aware,True
30,101,balanced_background,total_cost,1420.3199999999995,random,False
30,101,balanced_background,external_slo_miss_rate,0.16666666666666666,least_loaded|risk_aware,True
30,101,balanced_background,high_risk_mean_waiting,120.52374999999999,least_loaded|risk_aware,True
30,101,balanced_background,high_risk_p95_waiting,189.06300000000002,least_loaded|risk_aware,True
30,101,balanced_background,high_risk_mean_completion,133.2025,least_loaded|risk_aware,True
30,101,balanced_background,high_risk_p95_completion,200.77599999999998,least_loaded|risk_aware,True
30,101,balanced_background,high_risk_external_slo_miss_rate,0.25,compatibility_aware|least_loaded|random|risk_aware,True
30,101,balanced_background,risk_weighted_completion,138.20331034482754,least_loaded|risk_aware,True
30,202,asymmetric_background,mean_waiting_time,112.51622222222221,risk_aware,True
30,202,asymmetric_background,p95_waiting_time,192.45099999999996,least_loaded,False
30,202,asymmetric_background,mean_completion_latency,130.81288888888886,risk_aware,True
30,202,asymmetric_background,p95_completion_latency,216.0805,least_loaded,False
30,202,asymmetric_background,makespan,238.99,least_loaded|risk_aware,True
30,202,asymmetric_background,total_cost,1646.7,risk_aware,True
30,202,asymmetric_background,external_slo_miss_rate,0.13333333333333333,least_loaded,False
30,202,asymmetric_background,high_risk_mean_waiting,107.07875000000001,risk_aware,True
30,202,asymmetric_background,high_risk_p95_waiting,167.18249999999998,least_loaded,False
30,202,asymmetric_background,high_risk_mean_completion,116.485,risk_aware,True
30,202,asymmetric_background,high_risk_p95_completion,185.43149999999997,risk_aware,True
30,202,asymmetric_background,high_risk_external_slo_miss_rate,0.25,least_loaded,False
30,202,asymmetric_background,risk_weighted_completion,133.5205992337165,risk_aware,True
30,202,balanced_background,mean_waiting_time,115.94555555555557,least_loaded|risk_aware,True
30,202,balanced_background,p95_waiting_time,192.04149999999996,least_loaded|risk_aware,True
30,202,balanced_background,mean_completion_latency,134.7698888888889,least_loaded|risk_aware,True
30,202,balanced_background,p95_completion_latency,217.07949999999997,least_loaded|risk_aware,True
30,202,balanced_background,makespan,238.97,least_loaded|risk_aware,True
30,202,balanced_background,total_cost,1694.19,least_loaded|risk_aware,True
30,202,balanced_background,external_slo_miss_rate,0.1,least_loaded|risk_aware,True
30,202,balanced_background,high_risk_mean_waiting,109.105,least_loaded|risk_aware,True
30,202,balanced_background,high_risk_p95_waiting,164.42649999999998,least_loaded|risk_aware,True
30,202,balanced_background,high_risk_mean_completion,120.30499999999998,least_loaded|risk_aware,True
30,202,balanced_background,high_risk_p95_completion,187.84749999999997,least_loaded|risk_aware,True
30,202,balanced_background,high_risk_external_slo_miss_rate,0.125,least_loaded|risk_aware,True
30,202,balanced_background,risk_weighted_completion,136.85040613026823,least_loaded|risk_aware,True
30,303,asymmetric_background,mean_waiting_time,98.48261904761905,least_loaded|risk_aware,True
30,303,asymmetric_background,p95_waiting_time,167.47249999999997,least_loaded|risk_aware,True
30,303,asymmetric_background,mean_completion_latency,112.88466666666666,least_loaded|risk_aware,True
30,303,asymmetric_background,p95_completion_latency,179.00549999999998,least_loaded|risk_aware,True
30,303,asymmetric_background,makespan,184.47,least_loaded|risk_aware,True
30,303,asymmetric_background,total_cost,1296.0642857142857,random,False
30,303,asymmetric_background,external_slo_miss_rate,0.03333333333333333,least_loaded|random|risk_aware,True
30,303,asymmetric_background,high_risk_mean_waiting,91.28750000000001,least_loaded|risk_aware,True
30,303,asymmetric_background,high_risk_p95_waiting,153.2745,random,False
30,303,asymmetric_background,high_risk_mean_completion,102.48750000000001,least_loaded|risk_aware,True
30,303,asymmetric_background,high_risk_p95_completion,164.11149999999998,random,False
30,303,asymmetric_background,high_risk_external_slo_miss_rate,0.125,least_loaded|random|risk_aware,True
30,303,asymmetric_background,risk_weighted_completion,112.13171494252876,least_loaded|risk_aware,True
30,303,balanced_background,mean_waiting_time,98.43933333333332,least_loaded|risk_aware,True
30,303,balanced_background,p95_waiting_time,167.5775,least_loaded|risk_aware,True
30,303,balanced_background,mean_completion_latency,113.05066666666667,least_loaded|risk_aware,True
30,303,balanced_background,p95_completion_latency,179.32049999999998,least_loaded|risk_aware,True
30,303,balanced_background,makespan,183.63,least_loaded|risk_aware,True
30,303,balanced_background,total_cost,1296.06,random,False
30,303,balanced_background,external_slo_miss_rate,0.03333333333333333,least_loaded|random|risk_aware,True
30,303,balanced_background,high_risk_mean_waiting,92.32624999999999,least_loaded|risk_aware,True
30,303,balanced_background,high_risk_p95_waiting,152.6085,least_loaded|risk_aware,True
30,303,balanced_background,high_risk_mean_completion,103.095,least_loaded|risk_aware,True
30,303,balanced_background,high_risk_p95_completion,165.2445,least_loaded|risk_aware,True
30,303,balanced_background,high_risk_external_slo_miss_rate,0.125,least_loaded|random|risk_aware,True
30,303,balanced_background,risk_weighted_completion,112.21236321839079,least_loaded|risk_aware,True
30,404,asymmetric_background,mean_waiting_time,103.0221746031746,compatibility_aware,False
30,404,asymmetric_background,p95_waiting_time,176.6325,compatibility_aware,False
30,404,asymmetric_background,mean_completion_latency,117.97466666666666,random,False
30,404,asymmetric_background,p95_completion_latency,186.12199999999999,least_loaded,False
30,404,asymmetric_background,makespan,213.13,least_loaded,False
30,404,asymmetric_background,total_cost,1321.6642857142858,random,False
30,404,asymmetric_background,external_slo_miss_rate,0.03333333333333333,random,False
30,404,asymmetric_background,high_risk_mean_waiting,92.02107142857142,risk_aware,True
30,404,asymmetric_background,high_risk_p95_waiting,151.24699999999999,risk_aware,True
30,404,asymmetric_background,high_risk_mean_completion,107.66375,risk_aware,True
30,404,asymmetric_background,high_risk_p95_completion,170.74949999999998,risk_aware,True
30,404,asymmetric_background,high_risk_external_slo_miss_rate,0.0,compatibility_aware|least_loaded|random|risk_aware,True
30,404,asymmetric_background,risk_weighted_completion,114.73325517241382,risk_aware,True
30,404,balanced_background,mean_waiting_time,103.0221746031746,compatibility_aware,False
30,404,balanced_background,p95_waiting_time,176.6325,compatibility_aware,False
30,404,balanced_background,mean_completion_latency,117.97466666666666,random,False
30,404,balanced_background,p95_completion_latency,186.12199999999999,least_loaded,False
30,404,balanced_background,makespan,213.13,least_loaded,False
30,404,balanced_background,total_cost,1321.6642857142858,random,False
30,404,balanced_background,external_slo_miss_rate,0.03333333333333333,random,False
30,404,balanced_background,high_risk_mean_waiting,92.02107142857142,risk_aware,True
30,404,balanced_background,high_risk_p95_waiting,151.24699999999999,risk_aware,True
30,404,balanced_background,high_risk_mean_completion,107.66375,risk_aware,True
30,404,balanced_background,high_risk_p95_completion,170.74949999999998,risk_aware,True
30,404,balanced_background,high_risk_external_slo_miss_rate,0.0,compatibility_aware|least_loaded|random|risk_aware,True
30,404,balanced_background,risk_weighted_completion,114.73325517241382,risk_aware,True
30,505,asymmetric_background,mean_waiting_time,101.33662962962964,least_loaded|risk_aware,True
30,505,asymmetric_background,p95_waiting_time,172.0555,least_loaded|risk_aware,True
30,505,asymmetric_background,mean_completion_latency,116.38296296296298,least_loaded|risk_aware,True
30,505,asymmetric_background,p95_completion_latency,182.299,least_loaded|risk_aware,True
30,505,asymmetric_background,makespan,185.51,least_loaded|risk_aware,True
30,505,asymmetric_background,total_cost,1231.26,random,False
30,505,asymmetric_background,external_slo_miss_rate,0.1,least_loaded|risk_aware,True
30,505,asymmetric_background,high_risk_mean_waiting,89.03,least_loaded|risk_aware,True
30,505,asymmetric_background,high_risk_p95_waiting,148.33450000000002,least_loaded|risk_aware,True
30,505,asymmetric_background,high_risk_mean_completion,101.75736111111112,least_loaded|risk_aware,True
30,505,asymmetric_background,high_risk_p95_completion,166.48250000000002,least_loaded|risk_aware,True
30,505,asymmetric_background,high_risk_external_slo_miss_rate,0.0,least_loaded|random|risk_aware,True
30,505,asymmetric_background,risk_weighted_completion,109.17338901660284,least_loaded|risk_aware,True
30,505,balanced_background,mean_waiting_time,103.48133333333334,least_loaded|risk_aware,True
30,505,balanced_background,p95_waiting_time,174.9675,least_loaded|risk_aware,True
30,505,balanced_background,mean_completion_latency,118.096,least_loaded|risk_aware,True
30,505,balanced_background,p95_completion_latency,180.85649999999998,least_loaded|risk_aware,True
30,505,balanced_background,makespan,185.81,least_loaded|risk_aware,True
30,505,balanced_background,total_cost,1231.2599999999998,random,False
30,505,balanced_background,external_slo_miss_rate,0.06666666666666667,random,False
30,505,balanced_background,high_risk_mean_waiting,89.095,least_loaded|risk_aware,True
30,505,balanced_background,high_risk_p95_waiting,148.46099999999998,least_loaded|risk_aware,True
30,505,balanced_background,high_risk_mean_completion,102.80875,least_loaded|risk_aware,True
30,505,balanced_background,high_risk_p95_completion,165.5625,least_loaded|risk_aware,True
30,505,balanced_background,high_risk_external_slo_miss_rate,0.0,least_loaded|random|risk_aware,True
30,505,balanced_background,risk_weighted_completion,111.07841379310346,least_loaded|risk_aware,True
60,101,asymmetric_background,mean_waiting_time,248.23366666666664,least_loaded|risk_aware,True
60,101,asymmetric_background,p95_waiting_time,441.1525,least_loaded|risk_aware,True
60,101,asymmetric_background,mean_completion_latency,265.4248333333333,least_loaded|risk_aware,True
60,101,asymmetric_background,p95_completion_latency,460.38949999999994,least_loaded|risk_aware,True
60,101,asymmetric_background,makespan,479.09,least_loaded|risk_aware,True
60,101,asymmetric_background,total_cost,2831.6100000000006,random,False
60,101,asymmetric_background,external_slo_miss_rate,0.2,least_loaded|random|risk_aware,True
60,101,asymmetric_background,high_risk_mean_waiting,247.42000000000002,least_loaded|risk_aware,True
60,101,asymmetric_background,high_risk_p95_waiting,447.221,least_loaded|risk_aware,True
60,101,asymmetric_background,high_risk_mean_completion,270.6546666666667,least_loaded|risk_aware,True
60,101,asymmetric_background,high_risk_p95_completion,479.045,least_loaded|risk_aware,True
60,101,asymmetric_background,high_risk_external_slo_miss_rate,0.0,compatibility_aware|least_loaded|random|risk_aware,True
60,101,asymmetric_background,risk_weighted_completion,265.00433333333336,least_loaded|risk_aware,True
60,101,balanced_background,mean_waiting_time,250.4860925925926,least_loaded|risk_aware,True
60,101,balanced_background,p95_waiting_time,438.22249999999997,least_loaded|risk_aware,True
60,101,balanced_background,mean_completion_latency,267.52883333333335,least_loaded|risk_aware,True
60,101,balanced_background,p95_completion_latency,457.45949999999993,least_loaded|risk_aware,True
60,101,balanced_background,makespan,476.16,least_loaded|risk_aware,True
60,101,balanced_background,total_cost,2831.623333333334,random,False
60,101,balanced_background,external_slo_miss_rate,0.2,least_loaded|risk_aware,True
60,101,balanced_background,high_risk_mean_waiting,249.43266666666668,least_loaded|risk_aware,True
60,101,balanced_background,high_risk_p95_waiting,444.291,least_loaded|risk_aware,True
60,101,balanced_background,high_risk_mean_completion,272.9926666666667,least_loaded|risk_aware,True
60,101,balanced_background,high_risk_p95_completion,475.023,least_loaded|risk_aware,True
60,101,balanced_background,high_risk_external_slo_miss_rate,0.0,compatibility_aware|least_loaded|risk_aware,True
60,101,balanced_background,risk_weighted_completion,267.05196045197744,least_loaded|risk_aware,True
60,202,asymmetric_background,mean_waiting_time,244.6031111111111,risk_aware,True
60,202,asymmetric_background,p95_waiting_time,404.587,risk_aware,True
60,202,asymmetric_background,mean_completion_latency,262.2266666666667,risk_aware,True
60,202,asymmetric_background,p95_completion_latency,413.855,least_loaded,False
60,202,asymmetric_background,makespan,444.7,least_loaded,False
60,202,asymmetric_background,total_cost,3127.7799999999997,random,False
60,202,asymmetric_background,external_slo_miss_rate,0.16666666666666666,least_loaded|risk_aware,True
60,202,asymmetric_background,high_risk_mean_waiting,229.83377777777778,random,False
60,202,asymmetric_background,high_risk_p95_waiting,392.508,least_loaded,False
60,202,asymmetric_background,high_risk_mean_completion,246.524,random,False
60,202,asymmetric_background,high_risk_p95_completion,400.126,least_loaded,False
60,202,asymmetric_background,high_risk_external_slo_miss_rate,0.06666666666666667,least_loaded|random|risk_aware,True
60,202,asymmetric_background,risk_weighted_completion,263.91217853107344,risk_aware,True
60,202,balanced_background,mean_waiting_time,246.4721111111111,least_loaded|risk_aware,True
60,202,balanced_background,p95_waiting_time,404.7575,least_loaded|risk_aware,True
60,202,balanced_background,mean_completion_latency,264.2511666666667,least_loaded|risk_aware,True
60,202,balanced_background,p95_completion_latency,414.0045,least_loaded|risk_aware,True
60,202,balanced_background,makespan,446.87,least_loaded|risk_aware,True
60,202,balanced_background,total_cost,3127.7799999999997,random,False
60,202,balanced_background,external_slo_miss_rate,0.16666666666666666,least_loaded|risk_aware,True
60,202,balanced_background,high_risk_mean_waiting,234.18177777777777,random,False
60,202,balanced_background,high_risk_p95_waiting,354.6509999999999,random,False
60,202,balanced_background,high_risk_mean_completion,250.87199999999999,random,False
60,202,balanced_background,high_risk_p95_completion,363.04099999999994,random,False
60,202,balanced_background,high_risk_external_slo_miss_rate,0.06666666666666667,least_loaded|risk_aware,True
60,202,balanced_background,risk_weighted_completion,265.81857853107346,least_loaded|risk_aware,True
60,303,asymmetric_background,mean_waiting_time,212.186,risk_aware,True
60,303,asymmetric_background,p95_waiting_time,342.829,risk_aware,True
60,303,asymmetric_background,mean_completion_latency,227.1885,risk_aware,True
60,303,asymmetric_background,p95_completion_latency,358.92249999999996,risk_aware,True
60,303,asymmetric_background,makespan,371.14,risk_aware,True
60,303,asymmetric_background,total_cost,2612.1300000000006,random,False
60,303,asymmetric_background,external_slo_miss_rate,0.03333333333333333,least_loaded|risk_aware,True
60,303,asymmetric_background,high_risk_mean_waiting,238.08599999999998,random,False
60,303,asymmetric_background,high_risk_p95_waiting,350.577,risk_aware,True
60,303,asymmetric_background,high_risk_mean_completion,255.176,random,False
60,303,asymmetric_background,high_risk_p95_completion,360.119,risk_aware,True
60,303,asymmetric_background,high_risk_external_slo_miss_rate,0.0,least_loaded|random|risk_aware,True
60,303,asymmetric_background,risk_weighted_completion,236.5769322033898,risk_aware,True
60,303,balanced_background,mean_waiting_time,212.63283333333337,least_loaded,False
60,303,balanced_background,p95_waiting_time,344.599,risk_aware,True
60,303,balanced_background,mean_completion_latency,227.5461666666667,least_loaded,False
60,303,balanced_background,p95_completion_latency,359.8065,least_loaded,False
60,303,balanced_background,makespan,373.75,risk_aware,True
60,303,balanced_background,total_cost,2612.16,random,False
60,303,balanced_background,external_slo_miss_rate,0.016666666666666666,random,False
60,303,balanced_background,high_risk_mean_waiting,243.69466666666668,random,False
60,303,balanced_background,high_risk_p95_waiting,352.347,risk_aware,True
60,303,balanced_background,high_risk_mean_completion,260.7853333333333,random,False
60,303,balanced_background,high_risk_p95_completion,361.889,risk_aware,True
60,303,balanced_background,high_risk_external_slo_miss_rate,0.0,least_loaded|random|risk_aware,True
60,303,balanced_background,risk_weighted_completion,236.84625649717515,least_loaded,False
60,404,asymmetric_background,mean_waiting_time,213.74227777777776,least_loaded,False
60,404,asymmetric_background,p95_waiting_time,355.16249999999997,risk_aware,True
60,404,asymmetric_background,mean_completion_latency,229.5053333333334,least_loaded,False
60,404,asymmetric_background,p95_completion_latency,363.0825,least_loaded|risk_aware,True
60,404,asymmetric_background,makespan,392.87,least_loaded,False
60,404,asymmetric_background,total_cost,2558.4399999999996,random,False
60,404,asymmetric_background,external_slo_miss_rate,0.05,compatibility_aware|least_loaded|risk_aware,True
60,404,asymmetric_background,high_risk_mean_waiting,195.21933333333334,least_loaded,False
60,404,asymmetric_background,high_risk_p95_waiting,319.90999999999997,risk_aware,True
60,404,asymmetric_background,high_risk_mean_completion,211.72866666666667,least_loaded,False
60,404,asymmetric_background,high_risk_p95_completion,333.287,risk_aware,True
60,404,asymmetric_background,high_risk_external_slo_miss_rate,0.0,compatibility_aware|least_loaded|risk_aware,True
60,404,asymmetric_background,risk_weighted_completion,224.7805231638419,least_loaded,False
60,404,balanced_background,mean_waiting_time,216.51450000000003,least_loaded,False
60,404,balanced_background,p95_waiting_time,351.6385,risk_aware,True
60,404,balanced_background,mean_completion_latency,231.97033333333334,least_loaded,False
60,404,balanced_background,p95_completion_latency,363.10949999999997,least_loaded,False
60,404,balanced_background,makespan,390.99,risk_aware,True
60,404,balanced_background,total_cost,2558.4300000000007,random,False
60,404,balanced_background,external_slo_miss_rate,0.05,compatibility_aware|least_loaded|random|risk_aware,True
60,404,balanced_background,high_risk_mean_waiting,199.1553333333333,least_loaded,False
60,404,balanced_background,high_risk_p95_waiting,317.24699999999996,least_loaded,False
60,404,balanced_background,high_risk_mean_completion,214.42666666666665,risk_aware,True
60,404,balanced_background,high_risk_p95_completion,330.614,least_loaded,False
60,404,balanced_background,high_risk_external_slo_miss_rate,0.0,compatibility_aware|least_loaded|random|risk_aware,True
60,404,balanced_background,risk_weighted_completion,227.76038079096048,least_loaded,False
60,505,asymmetric_background,mean_waiting_time,216.75948148148146,least_loaded|risk_aware,True
60,505,asymmetric_background,p95_waiting_time,357.99050000000005,least_loaded|risk_aware,True
60,505,asymmetric_background,mean_completion_latency,232.15883333333335,least_loaded|risk_aware,True
60,505,asymmetric_background,p95_completion_latency,365.4265,least_loaded|risk_aware,True
60,505,asymmetric_background,makespan,391.3,least_loaded|risk_aware,True
60,505,asymmetric_background,total_cost,2484.3633333333337,random,False
60,505,asymmetric_background,external_slo_miss_rate,0.08333333333333333,least_loaded|risk_aware,True
60,505,asymmetric_background,high_risk_mean_waiting,161.0885925925926,least_loaded|risk_aware,True
60,505,asymmetric_background,high_risk_p95_waiting,311.77599999999995,least_loaded|risk_aware,True
60,505,asymmetric_background,high_risk_mean_completion,175.31333333333336,least_loaded|risk_aware,True
60,505,asymmetric_background,high_risk_p95_completion,327.45399999999995,least_loaded|risk_aware,True
60,505,asymmetric_background,high_risk_external_slo_miss_rate,0.0,compatibility_aware,False
60,505,asymmetric_background,risk_weighted_completion,224.1764757062147,least_loaded|risk_aware,True
60,505,balanced_background,mean_waiting_time,218.3085,least_loaded|risk_aware,True
60,505,balanced_background,p95_waiting_time,356.8315,least_loaded|risk_aware,True
60,505,balanced_background,mean_completion_latency,233.77883333333332,least_loaded|risk_aware,True
60,505,balanced_background,p95_completion_latency,362.541,least_loaded|risk_aware,True
60,505,balanced_background,makespan,389.27,least_loaded|risk_aware,True
60,505,balanced_background,total_cost,2484.36,random,False
60,505,balanced_background,external_slo_miss_rate,0.08333333333333333,least_loaded|risk_aware,True
60,505,balanced_background,high_risk_mean_waiting,165.62533333333334,least_loaded|risk_aware,True
60,505,balanced_background,high_risk_p95_waiting,315.13399999999996,least_loaded|risk_aware,True
60,505,balanced_background,high_risk_mean_completion,179.68533333333332,least_loaded|risk_aware,True
60,505,balanced_background,high_risk_p95_completion,330.81199999999995,least_loaded|risk_aware,True
60,505,balanced_background,high_risk_external_slo_miss_rate,0.0,compatibility_aware,False
60,505,balanced_background,risk_weighted_completion,226.224584180791,least_loaded|risk_aware,True
