policy,workload_size,workload_seed,queue_scenario,executed,success,bridge_runtime_seconds,tasks_returned,mean_waiting_time,median_waiting_time,p95_waiting_time,mean_qpu_time,mean_completion_latency,p95_completion_latency,makespan,total_cost,external_slo_miss_rate,high_risk_n,high_risk_mean_waiting,high_risk_p95_waiting,high_risk_mean_completion,high_risk_p95_completion,high_risk_external_slo_miss_rate,qnode0_count,qnode1_count,qnode2_count,preferred_node_match_rate,risk_weighted_completion
random,30,101,balanced_background,True,True,2.288283500005491,30,130.12385185185184,129.78000000000003,251.58749999999998,15.781333333333329,145.90518518518516,264.154,282.39,1420.3199999999995,0.2,8,132.495,220.44199999999995,143.51625,236.29199999999997,0.25,4,9,17,1.0,147.47490932311626
least_loaded,30,101,balanced_background,True,True,1.7875488999998197,30,113.14166666666668,107.13499999999999,205.29999999999998,17.722333333333328,130.86399999999998,223.3665,249.96,1595.0099999999998,0.16666666666666666,8,120.52374999999999,189.06300000000002,133.2025,200.77599999999998,0.25,8,11,11,1.0,138.20331034482754
compatibility_aware,30,101,balanced_background,True,True,1.798364499991294,30,149.08866666666665,114.05,325.0584999999999,19.250666666666667,168.33933333333334,360.30899999999986,387.59,1732.5599999999997,0.23333333333333334,8,131.055,251.99299999999994,144.2375,263.1534999999999,0.25,8,18,4,1.0,175.08358160919542
risk_aware,30,101,balanced_background,True,True,1.7553515000035986,30,113.14166666666668,107.13499999999999,205.29999999999998,17.722333333333328,130.86399999999998,223.3665,249.96,1595.0099999999998,0.16666666666666666,8,120.52374999999999,189.06300000000002,133.2025,200.77599999999998,0.25,8,11,11,1.0,138.20331034482754
random,30,101,asymmetric_background,True,True,1.8296259000198916,30,130.59451851851853,128.435,255.61749999999995,15.781,146.3755185185185,268.18399999999997,286.42,1420.2899999999997,0.2,8,135.26625,224.47199999999998,146.2875,240.32199999999997,0.25,4,9,17,1.0,148.391332311622
least_loaded,30,101,asymmetric_background,True,True,1.8678988000028767,30,112.67366666666666,107.13499999999999,205.29999999999998,17.789333333333328,130.463,223.3665,249.96,1601.0399999999995,0.2,8,119.52374999999999,189.06300000000002,132.45375,200.77599999999998,0.25,8,12,10,1.0,137.82782068965517
compatibility_aware,30,101,asymmetric_background,True,True,1.768656899977941,30,145.9993333333333,116.065,319.0184999999999,19.250666666666667,165.25,354.2689999999999,381.55,1732.5599999999997,0.23333333333333334,8,128.78875,245.94299999999993,141.97000000000003,257.10349999999994,0.25,8,18,4,1.0,172.01634482758618
risk_aware,30,101,asymmetric_background,True,True,1.720269699988421,30,112.67366666666666,107.13499999999999,205.29999999999998,17.789333333333328,130.463,223.3665,249.96,1601.0399999999995,0.2,8,119.52374999999999,189.06300000000002,132.45375,200.77599999999998,0.25,8,12,10,1.0,137.82782068965517
random,30,202,balanced_background,True,True,1.851306599972304,30,117.98355555555555,113.37,209.66949999999997,19.374666666666663,137.35822222222222,233.64299999999994,291.84,1743.7200000000003,0.16666666666666666,8,125.81875,203.08149999999998,138.44,223.909,0.375,3,14,13,1.0,144.01892567049808
least_loaded,30,202,balanced_background,True,True,1.8609741000109352,30,115.94555555555557,124.32,192.04149999999996,18.824333333333335,134.7698888888889,217.07949999999997,238.97,1694.19,0.1,8,109.105,164.42649999999998,120.30499999999998,187.84749999999997,0.125,5,9,16,1.0,136.85040613026823
compatibility_aware,30,202,balanced_background,True,True,2.441760699963197,30,155.24222222222224,147.695,310.30999999999995,23.13233333333333,178.3745555555556,326.9045,404.53,2081.9100000000003,0.23333333333333334,8,156.8025,256.9975,170.34,279.5435,0.375,9,16,5,1.0,187.9021348659004
risk_aware,30,202,balanced_background,True,True,1.9428406999795698,30,115.94555555555557,124.32,192.04149999999996,18.824333333333335,134.7698888888889,217.07949999999997,238.97,1694.19,0.1,8,109.105,164.42649999999998,120.30499999999998,187.84749999999997,0.125,5,9,16,1.0,136.85040613026823
random,30,202,asymmetric_background,True,True,1.8966613000375219,30,125.3678888888889,121.695,251.19949999999997,19.374666666666673,144.74255555555555,272.84649999999993,333.37,1743.7199999999998,0.2,8,150.04375,244.61149999999998,162.66625,265.43899999999996,0.375,3,14,13,1.0,154.78290727969352
least_loaded,30,202,asymmetric_background,True,True,1.7353389000054449,30,113.8158888888889,118.15,192.45099999999996,18.418000000000003,132.2338888888889,216.0805,238.99,1657.6200000000001,0.13333333333333333,8,107.68375,167.18249999999998,119.07125,190.60349999999997,0.25,5,10,15,1.0,133.93963371647513
compatibility_aware,30,202,asymmetric_background,True,True,1.7304631999577396,30,172.76322222222223,167.19500000000002,326.9045,23.13133333333333,195.89455555555554,347.58699999999993,404.53,2081.82,0.26666666666666666,8,184.46875,283.96599999999995,198.005,306.51199999999994,0.375,9,16,5,1.0,206.7197072796935
risk_aware,30,202,asymmetric_background,True,True,1.743001299968455,30,112.51622222222221,123.15,196.60249999999996,18.296666666666667,130.81288888888886,221.10949999999997,238.99,1646.7,0.2,8,107.07875000000001,169.81849999999997,116.485,185.43149999999997,0.375,5,6,19,1.0,133.5205992337165
random,30,303,balanced_background,True,True,1.7469579000025988,30,103.55900000000001,101.78,182.3335,14.40066666666667,117.95966666666666,190.73449999999997,202.85,1296.06,0.03333333333333333,8,93.36625,157.97049999999996,104.66,166.837,0.125,3,11,16,1.0,117.356708045977
least_loaded,30,303,balanced_background,True,True,1.9163377999793738,30,98.43933333333332,104.71000000000001,167.5775,14.611333333333338,113.05066666666667,179.32049999999998,183.63,1315.0200000000002,0.03333333333333333,8,92.32624999999999,152.6085,103.095,165.2445,0.125,6,10,14,1.0,112.21236321839079
compatibility_aware,30,303,balanced_background,True,True,1.784621500002686,30,130.71900000000002,118.22,259.8785,17.611000000000004,148.32999999999998,276.03,293.4,1584.99,0.16666666666666666,8,138.79250000000002,226.031,152.38875,244.9835,0.25,8,18,4,1.0,153.34234482758617
risk_aware,30,303,balanced_background,True,True,2.0811782000237145,30,98.43933333333332,104.71000000000001,167.5775,14.611333333333338,113.05066666666667,179.32049999999998,183.63,1315.0200000000002,0.03333333333333333,8,92.32624999999999,152.6085,103.095,165.2445,0.125,6,10,14,1.0,112.21236321839079
random,30,303,asymmetric_background,True,True,2.39649760001339,30,102.3859523809524,101.99000000000001,177.2035,14.40071428571429,116.78666666666668,192.3545,197.72,1296.0642857142857,0.03333333333333333,8,92.53,153.2745,103.82374999999999,164.11149999999998,0.125,3,11,16,1.0,116.14963218390801
least_loaded,30,303,asymmetric_background,True,True,2.196290299994871,30,98.48261904761905,100.965,167.47249999999997,14.402047619047618,112.88466666666666,179.00549999999998,184.47,1296.1842857142858,0.03333333333333333,8,91.28750000000001,153.4485,102.48750000000001,166.0845,0.125,5,12,13,1.0,112.13171494252876
compatibility_aware,30,303,asymmetric_background,True,True,1.9506095999968238,30,133.54561904761906,123.715,261.6185,17.611047619047618,151.15666666666667,281.1495,295.14,1584.9942857142858,0.16666666666666666,8,142.41,227.87949999999998,156.00625,246.7235,0.25,8,18,4,1.0,156.37812873563215
risk_aware,30,303,asymmetric_background,True,True,2.3268879000097513,30,98.48261904761905,100.965,167.47249999999997,14.402047619047618,112.88466666666666,179.00549999999998,184.47,1296.1842857142858,0.03333333333333333,8,91.28750000000001,153.4485,102.48750000000001,166.0845,0.125,5,12,13,1.0,112.13171494252876
random,30,404,balanced_background,True,True,1.770242500002496,30,103.28950793650792,98.9,205.67849999999999,14.685158730158731,117.97466666666666,211.40349999999998,236.85,1321.6642857142858,0.03333333333333333,8,102.11732142857143,193.0725,116.65124999999999,206.4655,0.0,4,13,13,1.0,118.26319080459771
least_loaded,30,404,balanced_background,True,True,1.7570926999906078,30,103.3981746031746,106.565,178.0105,15.298492063492064,118.69666666666666,186.12199999999999,213.13,1376.8642857142859,0.06666666666666667,8,93.54315476190476,151.49849999999998,110.005,171.001,0.0,5,15,10,1.0,115.6341701149425
compatibility_aware,30,404,balanced_background,True,True,1.780409500002861,30,103.0221746031746,102.795,176.6325,16.74415873015873,119.76633333333334,198.46399999999997,220.37,1506.9742857142855,0.06666666666666667,8,100.98482142857142,190.7575,118.88374999999999,213.9375,0.0,8,17,5,1.0,117.54640919540226
risk_aware,30,404,balanced_background,True,True,1.824698799988255,30,103.15517460317459,103.065,179.80349999999999,15.264825396825398,118.42,187.02399999999997,215.13,1373.834285714286,0.06666666666666667,8,92.02107142857142,151.24699999999999,107.66375,170.74949999999998,0.0,5,15,10,1.0,114.73325517241382
random,30,404,asymmetric_background,True,True,2.199342399952002,30,103.28950793650792,98.9,205.67849999999999,14.685158730158731,117.97466666666666,211.40349999999998,236.85,1321.6642857142858,0.03333333333333333,8,102.11732142857143,193.0725,116.65124999999999,206.4655,0.0,4,13,13,1.0,118.26319080459771
least_loaded,30,404,asymmetric_background,True,True,1.7814076999784447,30,103.3981746031746,106.565,178.0105,15.298492063492064,118.69666666666666,186.12199999999999,213.13,1376.8642857142859,0.06666666666666667,8,93.54315476190476,151.49849999999998,110.005,171.001,0.0,5,15,10,1.0,115.6341701149425
compatibility_aware,30,404,asymmetric_background,True,True,1.838097900035791,30,103.0221746031746,102.795,176.6325,16.74415873015873,119.76633333333334,198.46399999999997,220.37,1506.9742857142855,0.06666666666666667,8,100.98482142857142,190.7575,118.88374999999999,213.9375,0.0,8,17,5,1.0,117.54640919540226
risk_aware,30,404,asymmetric_background,True,True,2.0740679999580607,30,103.15517460317459,103.065,179.80349999999999,15.264825396825398,118.42,187.02399999999997,215.13,1373.834285714286,0.06666666666666667,8,92.02107142857142,151.24699999999999,107.66375,170.74949999999998,0.0,5,15,10,1.0,114.73325517241382
random,30,505,balanced_background,True,True,1.7428836000035517,30,111.51533333333333,106.735,189.94999999999996,13.680666666666669,125.19599999999997,214.7739999999999,242.55,1231.2599999999998,0.06666666666666667,8,95.05000000000001,174.03249999999997,109.59625,198.82349999999997,0.0,2,10,18,1.0,118.18333793103447
least_loaded,30,505,balanced_background,True,True,1.7713647999917157,30,103.48133333333334,105.37,174.9675,14.614666666666668,118.096,180.85649999999998,185.81,1315.3199999999995,0.1,8,89.095,148.46099999999998,102.80875,165.5625,0.0,5,12,13,1.0,111.07841379310346
compatibility_aware,30,505,balanced_background,True,True,1.8319612999912351,30,143.85099999999997,138.29500000000002,299.54849999999993,17.632,161.483,315.34,328.07,1586.8799999999997,0.13333333333333333,8,136.495,250.10649999999998,154.79125,275.76199999999994,0.125,9,17,4,1.0,155.29929655172415
risk_aware,30,505,balanced_background,True,True,2.1758073999662884,30,103.48133333333334,105.37,174.9675,14.614666666666668,118.096,180.85649999999998,185.81,1315.3199999999995,0.1,8,89.095,148.46099999999998,102.80875,165.5625,0.0,5,12,13,1.0,111.07841379310346
random,30,505,asymmetric_background,True,True,1.7868660999811254,30,116.78285185185183,109.53999999999999,243.44999999999996,13.680666666666667,130.4635185185185,268.2739999999999,296.05,1231.26,0.13333333333333333,8,105.24375,211.97849999999994,119.79,239.17049999999995,0.0,2,10,18,1.0,124.53313307790549
least_loaded,30,505,asymmetric_background,True,True,1.7752269000047818,30,101.33662962962964,105.9,172.0555,15.046333333333337,116.38296296296298,182.299,185.51,1354.1700000000003,0.1,8,89.03,148.33450000000002,101.75736111111112,166.48250000000002,0.0,8,8,14,1.0,109.17338901660284
compatibility_aware,30,505,asymmetric_background,True,True,2.047834499971941,30,158.1489629629629,143.595,353.04849999999993,17.632,175.78096296296297,368.84,381.57,1586.8799999999997,0.16666666666666666,8,165.025,303.6065,183.3223611111111,329.262,0.125,9,17,4,1.0,175.4686028097063
risk_aware,30,505,asymmetric_background,True,True,1.898103799961973,30,101.33662962962964,105.9,172.0555,15.046333333333337,116.38296296296298,182.299,185.51,1354.1700000000003,0.1,8,89.03,148.33450000000002,101.75736111111112,166.48250000000002,0.0,8,8,14,1.0,109.17338901660284
random,60,101,balanced_background,True,True,1.945800399989821,60,282.96125925925924,292.74,483.6975,15.73124074074074,298.6925,493.1495,530.61,2831.623333333334,0.21666666666666667,15,292.0146666666667,487.191,312.182,517.468,0.06666666666666667,7,21,32,1.0,301.62383728813563
least_loaded,60,101,balanced_background,True,True,1.9035921999602579,60,250.4860925925926,250.72500000000002,438.22249999999997,17.042740740740744,267.52883333333335,457.45949999999993,476.16,3067.6933333333336,0.2,15,249.43266666666668,444.291,272.9926666666667,475.023,0.0,16,19,25,1.0,267.05196045197744
compatibility_aware,60,101,balanced_background,True,True,1.7268698000116274,60,322.9377592592592,251.70999999999998,696.0534999999999,18.702074074074076,341.6398333333333,718.0489999999999,773.4,3366.3733333333334,0.25,15,278.2626666666667,646.3619999999999,303.464,674.9849999999999,0.0,16,35,9,1.0,333.8818553672316
risk_aware,60,101,balanced_background,True,True,1.7382197999977507,60,250.4860925925926,250.72500000000002,438.22249999999997,17.042740740740744,267.52883333333335,457.45949999999993,476.16,3067.6933333333336,0.2,15,249.43266666666668,444.291,272.9926666666667,475.023,0.0,16,19,25,1.0,267.05196045197744
random,60,101,asymmetric_background,True,True,1.8864796999841928,60,284.6347592592593,283.19500000000005,494.6525,15.731166666666669,300.365925925926,509.91150000000005,532.59,2831.6100000000006,0.2,15,296.132,500.721,316.2993333333333,516.571,0.0,7,21,32,1.0,303.2943914626491
least_loaded,60,101,asymmetric_background,True,True,1.931638700014446,60,248.23366666666664,249.45499999999998,441.1525,17.191166666666668,265.4248333333333,460.38949999999994,479.09,3094.4099999999994,0.2,15,247.42000000000002,447.221,270.6546666666667,479.045,0.0,16,21,23,1.0,265.00433333333336
compatibility_aware,60,101,asymmetric_background,True,True,1.7980269999825396,60,309.40433333333334,254.0,673.8434999999998,18.702333333333332,328.1066666666667,695.8389999999998,751.19,3366.4200000000005,0.25,15,266.878,624.145,292.0793333333333,652.7679999999999,0.0,16,35,9,1.0,321.01508022598864
risk_aware,60,101,asymmetric_background,True,True,1.838106500043068,60,248.23366666666664,249.45499999999998,441.1525,17.191166666666668,265.4248333333333,460.38949999999994,479.09,3094.4099999999994,0.2,15,247.42000000000002,447.221,270.6546666666667,479.045,0.0,16,21,23,1.0,265.00433333333336
random,60,202,balanced_background,True,True,1.818110499996692,60,268.23777777777775,243.265,545.8489999999998,17.376555555555555,285.6143333333333,590.8939999999999,642.53,3127.7799999999997,0.18333333333333332,15,234.18177777777777,354.6509999999999,250.87199999999999,363.04099999999994,0.13333333333333333,4,29,27,1.0,281.67105536723165
least_loaded,60,202,balanced_background,True,True,1.7030898000230081,60,246.4721111111111,248.05,404.7575,17.77905555555556,264.2511666666667,414.0045,446.87,3200.2300000000005,0.16666666666666666,15,235.67377777777776,389.197,255.21599999999998,399.587,0.06666666666666667,9,24,27,1.0,265.81857853107346
compatibility_aware,60,202,balanced_background,True,True,1.8394368999870494,60,316.1882777777777,282.975,594.8284999999997,22.02488888888888,338.2131666666666,662.7194999999999,754.43,3964.4800000000005,0.23333333333333334,15,291.9004444444444,546.255,313.24600000000004,557.395,0.2,18,33,9,1.0,334.61824971751406
risk_aware,60,202,balanced_background,True,True,1.9483192000188865,60,246.4721111111111,248.05,404.7575,17.77905555555556,264.2511666666667,414.0045,446.87,3200.2300000000005,0.16666666666666666,15,235.67377777777776,389.197,255.21599999999998,399.587,0.06666666666666667,9,24,27,1.0,265.81857853107346
random,60,202,asymmetric_background,True,True,1.7698729999829084,60,280.21577777777776,236.78500000000003,611.1589999999999,17.37655555555556,297.59233333333333,656.204,707.84,3127.7799999999997,0.18333333333333332,15,229.83377777777778,413.8219999999999,246.524,425.71199999999993,0.06666666666666667,4,29,27,1.0,290.0739096045197
least_loaded,60,202,asymmetric_background,True,True,1.7276165999937803,60,244.98527777777778,247.54000000000002,404.649,17.435055555555554,262.42033333333336,413.855,444.7,3138.3100000000004,0.16666666666666666,15,234.3431111111111,392.508,253.35666666666665,400.126,0.06666666666666667,9,20,31,1.0,263.92008587570626
compatibility_aware,60,202,asymmetric_background,True,True,1.7571335000102408,60,345.55711111111106,339.16999999999996,656.8159999999999,22.024055555555545,367.5811666666666,662.7194999999999,754.43,3964.3300000000004,0.26666666666666666,15,313.6524444444445,584.81,334.99799999999993,594.9499999999999,0.26666666666666666,18,33,9,1.0,361.62184971751407
risk_aware,60,202,asymmetric_background,True,True,1.6691652000299655,60,244.6031111111111,248.97500000000002,404.587,17.62355555555556,262.2266666666667,414.20599999999996,452.29,3172.2400000000007,0.16666666666666666,15,233.91977777777774,392.804,253.76266666666663,400.42199999999997,0.06666666666666667,9,22,29,1.0,263.91217853107344
random,60,303,balanced_background,True,True,2.050841600052081,60,220.2956666666667,217.59,363.1185,14.512,234.80766666666668,373.0155,394.93,2612.16,0.016666666666666666,15,243.69466666666668,368.57599999999996,260.7853333333333,382.689,0.0,7,22,31,1.0,243.20161581920902
least_loaded,60,303,balanced_background,True,True,1.8350218999548815,60,212.63283333333337,209.23000000000002,345.62899999999996,14.913333333333332,227.5461666666667,359.8065,373.94,2684.4,0.03333333333333333,15,252.85733333333332,353.377,266.9626666666667,362.919,0.0,13,19,28,1.0,236.84625649717515
compatibility_aware,60,303,balanced_background,True,True,1.7867360999807715,60,291.37033333333335,277.725,580.597,17.737166666666667,309.1075000000001,597.967,643.46,3192.69,0.15,15,372.8473333333333,600.552,391.5733333333334,614.867,0.2,16,36,8,1.0,328.87238983050844
risk_aware,60,303,balanced_background,True,True,1.762790100008715,60,212.6701666666667,209.23000000000002,344.599,14.922,227.59216666666669,359.884,373.75,2685.9599999999996,0.03333333333333333,15,253.30800000000005,352.347,266.7893333333334,361.889,0.0,13,18,29,1.0,236.87834802259886
random,60,303,asymmetric_background,True,True,2.06661769998027,60,218.931,217.28500000000003,364.815,14.511833333333334,233.44283333333334,370.97849999999994,390.49,2612.1300000000006,0.05,15,238.08599999999998,367.785,255.176,376.68999999999994,0.0,7,22,31,1.0,241.92578079096043
least_loaded,60,303,asymmetric_background,True,True,1.7625397000228986,60,213.16333333333333,207.45999999999998,349.00399999999996,14.620999999999999,227.78433333333334,368.2835,384.0,2631.7799999999997,0.03333333333333333,15,254.26200000000003,361.351,268.36733333333336,373.308,0.0,12,20,28,1.0,237.41816045197746
compatibility_aware,60,303,asymmetric_background,True,True,1.7414258999633603,60,284.2355,266.16999999999996,562.847,17.737000000000005,301.9725,580.217,625.71,3192.6599999999994,0.15,15,362.2046666666667,582.802,380.9306666666666,597.117,0.2,16,36,8,1.0,321.68007796610175
risk_aware,60,303,asymmetric_background,True,True,1.7607051000231877,60,212.186,207.45999999999998,342.829,15.0025,227.1885,358.92249999999996,371.14,2700.45,0.03333333333333333,15,252.746,350.577,266.6213333333333,360.119,0.0,13,19,28,1.0,236.5769322033898
random,60,404,balanced_background,True,True,1.8217495999997482,60,219.688,208.585,387.799,14.213500000000002,233.9015,401.28349999999995,442.3,2558.4300000000007,0.05,15,212.244,339.972,225.16600000000003,353.986,0.0,7,30,23,1.0,230.5936847457627
least_loaded,60,404,balanced_background,True,True,1.8140994000132196,60,216.51450000000003,219.89,357.37050000000005,15.455833333333334,231.97033333333334,363.10949999999997,394.85,2782.0499999999997,0.05,15,199.1553333333333,317.24699999999996,214.76466666666664,330.614,0.0,11,31,18,1.0,227.76038079096048
compatibility_aware,60,404,balanced_background,True,True,1.7274221000261605,60,229.00166666666667,224.9,405.6174999999999,16.944833333333335,245.94650000000001,437.0775,505.02,3050.0699999999997,0.05,15,201.26333333333332,331.712,218.10133333333334,347.6359999999999,0.0,18,33,9,1.0,240.09747118644069
risk_aware,60,404,balanced_background,True,True,1.7619808000163175,60,216.63666666666668,218.405,351.6385,15.569833333333333,232.20649999999995,366.67449999999997,390.99,2802.57,0.05,15,199.254,317.467,214.42666666666665,330.84099999999995,0.0,11,30,19,1.0,227.81601355932202
random,60,404,asymmetric_background,True,True,2.136225300026126,60,221.9377777777778,215.965,399.63899999999995,14.213555555555553,236.1513333333333,413.1235,454.14,2558.4399999999996,0.06666666666666667,15,219.9226666666667,351.82199999999995,232.84466666666668,365.8329999999999,0.06666666666666667,7,30,23,1.0,233.19975028248592
least_loaded,60,404,asymmetric_background,True,True,1.82477549999021,60,213.74227777777776,219.41,355.23549999999994,15.763055555555553,229.5053333333334,363.0825,392.87,2837.3499999999995,0.05,15,195.21933333333334,319.948,211.72866666666667,333.32499999999993,0.0,12,32,16,1.0,224.7805231638419
compatibility_aware,60,404,asymmetric_background,True,True,1.8860962999751791,60,222.7469444444445,217.58,383.1289999999999,16.945222222222224,239.6921666666667,404.92749999999995,472.87,3050.1400000000003,0.05,15,196.624,322.54200000000003,213.46266666666665,340.042,0.0,18,33,9,1.0,233.8096666666666
risk_aware,60,404,asymmetric_background,True,True,2.0733556000050157,60,214.11711111111111,216.49,355.16249999999997,15.762722222222221,229.87983333333332,363.08549999999997,392.93,2837.29,0.05,15,196.9966666666667,319.90999999999997,212.93666666666664,333.287,0.0,12,31,17,1.0,225.3186248587571
random,60,505,balanced_background,True,True,2.3339194000000134,60,249.32999999999998,239.84,424.44599999999997,13.801999999999998,263.132,442.0645,496.26,2484.36,0.1,15,177.9406666666667,355.2129999999999,189.64533333333333,366.0679999999999,0.13333333333333333,3,24,33,1.0,253.16691186440673
least_loaded,60,505,balanced_background,True,True,1.7479147999547422,60,218.3085,216.94,356.8315,15.470333333333336,233.77883333333332,362.541,389.27,2784.6600000000003,0.08333333333333333,15,165.62533333333334,315.13399999999996,179.68533333333332,330.81199999999995,0.13333333333333333,13,20,27,1.0,226.224584180791
compatibility_aware,60,505,balanced_background,True,True,1.9434972000308335,60,306.43233333333336,281.11,661.3699999999999,18.135833333333334,324.5681666666667,672.9505,736.15,3264.45,0.13333333333333333,15,165.93,406.4939999999998,180.944,427.16399999999976,0.0,17,35,8,1.0,305.98549717514123
risk_aware,60,505,balanced_background,True,True,1.7439001000020653,60,218.3085,216.94,356.8315,15.470333333333336,233.77883333333332,362.541,389.27,2784.6600000000003,0.08333333333333333,15,165.62533333333334,315.13399999999996,179.68533333333332,330.81199999999995,0.13333333333333333,13,20,27,1.0,226.224584180791
random,60,505,asymmetric_background,True,True,1.7626762999570929,60,256.0849814814815,242.615,471.82599999999996,13.802018518518517,269.88699999999994,489.4445,543.64,2484.3633333333337,0.1,15,166.13659259259256,335.56299999999993,177.842,346.41799999999995,0.13333333333333333,3,24,33,1.0,258.4462542372882
least_loaded,60,505,asymmetric_background,True,True,1.722144200000912,60,216.75948148148146,219.9,357.99050000000005,15.399351851851854,232.15883333333335,365.4265,391.3,2771.8833333333337,0.08333333333333333,15,161.0885925925926,311.77599999999995,175.31333333333336,327.45399999999995,0.13333333333333333,14,19,27,1.0,224.1764757062147
compatibility_aware,60,505,asymmetric_background,True,True,1.7806157000013627,60,323.54448148148157,285.96500000000003,708.7399999999999,18.135685185185185,341.6801666666667,720.3205,783.52,3264.423333333333,0.15,15,170.89325925925925,453.8639999999998,185.90733333333336,474.53399999999976,0.0,17,35,8,1.0,320.53116497175137
risk_aware,60,505,asymmetric_background,True,True,1.6606195999775082,60,216.75948148148146,219.9,357.99050000000005,15.399351851851854,232.15883333333335,365.4265,391.3,2771.8833333333337,0.08333333333333333,15,161.0885925925926,311.77599999999995,175.31333333333336,327.45399999999995,0.13333333333333333,14,19,27,1.0,224.1764757062147
