source,destination
E:\AQUA_IQ4_TMP\20261006_145519_iq4\final_status.json,E:\other\AQUA-SLA\results\aqua_sla_final_reviewer_complete\20261005_150107_final_reviewer_complete_fixed\08_iquantum_calibrated_v4\final_iq4\final_status.json
E:\AQUA_IQ4_TMP\20261006_145519_iq4\protocol.json,E:\other\AQUA-SLA\results\aqua_sla_final_reviewer_complete\20261005_150107_final_reviewer_complete_fixed\08_iquantum_calibrated_v4\final_iq4\protocol.json
E:\AQUA_IQ4_TMP\20261006_145519_iq4\primary_policy_summary.csv,E:\other\AQUA-SLA\results\aqua_sla_final_reviewer_complete\20261005_150107_final_reviewer_complete_fixed\08_iquantum_calibrated_v4\final_iq4\primary_policy_summary.csv
E:\AQUA_IQ4_TMP\20261006_145519_iq4\policy_uncertainty.csv,E:\other\AQUA-SLA\results\aqua_sla_final_reviewer_complete\20261005_150107_final_reviewer_complete_fixed\08_iquantum_calibrated_v4\final_iq4\policy_uncertainty.csv
E:\AQUA_IQ4_TMP\20261006_145519_iq4\risk_aware_vs_baselines.csv,E:\other\AQUA-SLA\results\aqua_sla_final_reviewer_complete\20261005_150107_final_reviewer_complete_fixed\08_iquantum_calibrated_v4\final_iq4\risk_aware_vs_baselines.csv
E:\AQUA_IQ4_TMP\20261006_145519_iq4\cell_metric_winners.csv,E:\other\AQUA-SLA\results\aqua_sla_final_reviewer_complete\20261005_150107_final_reviewer_complete_fixed\08_iquantum_calibrated_v4\final_iq4\cell_metric_winners.csv
E:\AQUA_IQ4_TMP\20261006_145519_iq4\cell_policy_ranks.csv,E:\other\AQUA-SLA\results\aqua_sla_final_reviewer_complete\20261005_150107_final_reviewer_complete_fixed\08_iquantum_calibrated_v4\final_iq4\cell_policy_ranks.csv
E:\AQUA_IQ4_TMP\20261006_145519_iq4\policy_rank_summary.csv,E:\other\AQUA-SLA\results\aqua_sla_final_reviewer_complete\20261005_150107_final_reviewer_complete_fixed\08_iquantum_calibrated_v4\final_iq4\policy_rank_summary.csv
E:\AQUA_IQ4_TMP\20261006_145519_iq4\risk_complexity_independence.csv,E:\other\AQUA-SLA\results\aqua_sla_final_reviewer_complete\20261005_150107_final_reviewer_complete_fixed\08_iquantum_calibrated_v4\final_iq4\risk_complexity_independence.csv
E:\AQUA_IQ4_TMP\20261006_145519_iq4\iquantum_v4_run_summary.csv,E:\other\AQUA-SLA\results\aqua_sla_final_reviewer_complete\20261005_150107_final_reviewer_complete_fixed\08_iquantum_calibrated_v4\final_iq4\iquantum_v4_run_summary.csv
E:\AQUA_IQ4_TMP\20261006_145519_iq4\00_slo_calibration\slo_calibration_summary.csv,E:\other\AQUA-SLA\results\aqua_sla_final_reviewer_complete\20261005_150107_final_reviewer_complete_fixed\08_iquantum_calibrated_v4\final_iq4\slo_calibration_summary.csv
E:\AQUA_IQ4_TMP\20261006_145519_iq4\00_slo_calibration\slo_calibration.json,E:\other\AQUA-SLA\results\aqua_sla_final_reviewer_complete\20261005_150107_final_reviewer_complete_fixed\08_iquantum_calibrated_v4\final_iq4\slo_calibration.json
E:\AQUA_IQ4_TMP\20261006_145519_iq4\00_slo_calibration\calibration_run_status.csv,E:\other\AQUA-SLA\results\aqua_sla_final_reviewer_complete\20261005_150107_final_reviewer_complete_fixed\08_iquantum_calibrated_v4\final_iq4\calibration_run_status.csv
