policy,metric,n_runs,mean,std,median,bootstrap95_low,bootstrap95_high
compatibility_aware,mean_waiting_time,20,217.34105582010585,85.9411971262717,197.75508333333335,180.16399941468254,254.63778891534392
compatibility_aware,p95_waiting_time,20,436.6246249999999,183.42279766565744,368.0887499999999,362.4996474999999,517.9133293749998
compatibility_aware,mean_completion_latency,20,236.13247870370373,86.39663416745653,217.79336111111112,200.53341773148148,273.83783805555555
compatibility_aware,p95_completion_latency,20,459.0071999999999,183.22833537911103,386.88374999999996,380.9895837499999,537.2003725
compatibility_aware,makespan,20,505.86499999999995,201.23811281009475,438.7,417.49218749999994,592.07935
compatibility_aware,total_cost,20,2533.128976190476,898.6455366602327,2565.99,2155.470323809524,2933.6152988095237
compatibility_aware,external_slo_miss_rate,20,0.1708333333333333,0.07312470322826768,0.16666666666666666,0.13916666666666666,0.20166666666666666
compatibility_aware,high_risk_mean_waiting,20,200.3131645502645,83.987670552725,168.41162962962963,166.26939825562167,237.0536716071429
compatibility_aware,high_risk_p95_waiting,20,376.37879999999996,162.43767343875228,313.07425,310.9953725,448.2119337499998
compatibility_aware,high_risk_mean_completion,20,217.67676388888896,86.30869471623967,184.61484722222224,182.53428694444446,256.0432813541667
compatibility_aware,high_risk_p95_completion,20,395.6188249999999,162.08407483904233,334.652,328.0315499999999,468.39616125
compatibility_aware,high_risk_external_slo_miss_rate,20,0.14333333333333334,0.1343056651668366,0.1625,0.08625000000000001,0.2
compatibility_aware,risk_weighted_completion,20,235.97081313613435,83.58191456261939,220.26468697318006,199.91919731691988,270.56636138861836
least_loaded,mean_waiting_time,20,167.27055582010584,63.677828963543426,164.28919444444446,140.03725083002644,194.8410331018518
least_loaded,p95_waiting_time,20,282.20144999999997,105.14670859539417,275.4645,236.21082812500003,328.749660625
least_loaded,mean_completion_latency,20,183.4253703703704,63.86726499713823,181.1580277777778,157.29525125,210.77485027777774
least_loaded,p95_completion_latency,20,295.07882499999994,104.94097784221813,291.5865,250.69180687499994,340.48438375
least_loaded,makespan,20,315.8305,109.45699080725245,311.95,269.8241375,363.98747499999996
least_loaded,total_cost,20,2178.752476190476,760.4610822925624,2162.9849999999997,1849.167061904762,2503.6532958333332
least_loaded,external_slo_miss_rate,20,0.10333333333333335,0.060601275728181164,0.09166666666666667,0.07831250000000001,0.13
least_loaded,high_risk_mean_waiting,20,160.03693955026455,66.46346464132871,140.8061712962963,132.56784798611113,188.58206782407407
least_loaded,high_risk_p95_waiting,20,263.381725,110.92294866666336,250.41949999999997,217.32021187499998,310.785808125
least_loaded,high_risk_mean_completion,20,175.21165555555555,69.04714485043613,154.2579166666667,146.42480440972224,204.98068437499998
least_loaded,high_risk_p95_completion,20,279.8795999999999,111.71649092264052,264.11499999999995,233.363604375,328.4039306249999
least_loaded,high_risk_external_slo_miss_rate,20,0.07625,0.0924913066880639,0.03333333333333333,0.03833333333333333,0.11791666666666664
least_loaded,risk_weighted_completion,20,183.08433655323938,64.35369948454255,181.18989302552112,155.75324995296236,210.50091656465247
random,mean_waiting_time,20,182.36044841269842,72.6990698826172,174.76275925925927,151.40854736772488,213.29214300595237
random,p95_waiting_time,20,335.968475,135.86660418088056,309.36799999999994,278.8072106249999,395.43017
random,mean_completion_latency,20,197.71620462962966,72.74357243928718,189.90917592592592,166.9969158333333,229.447615949074
random,p95_completion_latency,20,353.39202499999993,141.47437650651526,321.9124999999999,295.79187375,415.60812312499996
random,makespan,20,387.11100000000005,150.63475764070418,361.93,323.15835000000004,455.9224249999999
random,total_cost,20,2062.7349761904766,710.3482747167347,2114.04,1760.950944642857,2373.1459482142855
random,external_slo_miss_rate,20,0.11333333333333336,0.07306970156329987,0.1,0.0833125,0.14500000000000005
random,high_risk_mean_waiting,20,172.2117603835979,68.31984993156917,158.09017129629626,142.92816871197093,200.82453954861109
random,high_risk_p95_waiting,20,292.5662,107.7860116740084,290.0872499999999,249.16873500000003,339.7814237499999
random,high_risk_mean_completion,20,186.47095833333339,70.46858551107474,170.254125,157.21697125,217.86083822916666
random,high_risk_p95_completion,20,308.1155749999999,107.94236409127095,305.9285,262.138174375,354.60656812499997
random,high_risk_external_slo_miss_rate,20,0.10500000000000001,0.12218766124860361,0.06666666666666667,0.05499999999999999,0.16083333333333333
random,risk_weighted_completion,20,197.23072294477998,71.72494645232156,192.6882960127281,167.3124340588404,227.9566076003637
risk_aware,mean_waiting_time,20,167.14001415343915,63.721168627188774,164.06577777777778,140.48892563492066,194.87605500330687
risk_aware,p95_waiting_time,20,281.934725,104.33230371881788,274.0645,239.99395625000005,327.30048499999987
risk_aware,mean_completion_latency,20,183.32001203703703,63.948674910125895,180.97919444444443,156.16964627314815,211.44990405092594
risk_aware,p95_completion_latency,20,295.15225,104.47550855337742,291.1445,252.61885874999996,340.8511974999999
risk_aware,makespan,20,315.5675,109.21702575365109,310.55,269.11158750000004,362.83165
risk_aware,total_cost,20,2184.134476190476,766.6832674048443,2190.075,1859.125059523809,2519.8458726190474
risk_aware,external_slo_miss_rate,20,0.10666666666666669,0.06407232755171874,0.09166666666666667,0.08000000000000002,0.13333333333333336
risk_aware,high_risk_mean_waiting,20,159.87384788359788,66.60045485607485,140.8061712962963,132.79493027281742,188.56634590112427
risk_aware,high_risk_p95_waiting,20,262.92207499999995,110.33419129271653,250.41949999999997,216.793834375,309.10218375
risk_aware,high_risk_mean_completion,20,174.8160513888889,69.30894808822443,154.2579166666667,146.03169888888888,204.71471326388888
risk_aware,high_risk_p95_completion,20,278.90915000000007,111.40295520944393,264.11499999999995,232.90199937499997,327.7241937499999
risk_aware,high_risk_external_slo_miss_rate,20,0.08249999999999999,0.10780573279465157,0.03333333333333333,0.041249999999999995,0.13041666666666665
risk_aware,risk_weighted_completion,20,182.96212785462262,64.4547708418136,181.18989302552112,154.57005544237182,211.30265529427774
