policy,metric,mean_rank,median_rank,cells
compatibility_aware,external_slo_miss_rate,3.725,4.0,20
compatibility_aware,high_risk_external_slo_miss_rate,2.975,2.75,20
compatibility_aware,high_risk_mean_completion,3.7,4.0,20
compatibility_aware,high_risk_mean_waiting,3.5,4.0,20
compatibility_aware,high_risk_p95_completion,3.9,4.0,20
compatibility_aware,high_risk_p95_waiting,3.8,4.0,20
compatibility_aware,makespan,3.9,4.0,20
compatibility_aware,mean_completion_latency,4.0,4.0,20
compatibility_aware,mean_waiting_time,3.7,4.0,20
compatibility_aware,p95_completion_latency,3.85,4.0,20
compatibility_aware,p95_waiting_time,3.65,4.0,20
compatibility_aware,risk_weighted_completion,3.9,4.0,20
compatibility_aware,total_cost,4.0,4.0,20
least_loaded,external_slo_miss_rate,1.9,1.75,20
least_loaded,high_risk_external_slo_miss_rate,2.15,2.0,20
least_loaded,high_risk_mean_completion,1.8,1.5,20
least_loaded,high_risk_mean_waiting,1.75,1.5,20
least_loaded,high_risk_p95_completion,1.7,1.5,20
least_loaded,high_risk_p95_waiting,1.65,1.5,20
least_loaded,makespan,1.475,1.5,20
least_loaded,mean_completion_latency,1.65,1.5,20
least_loaded,mean_waiting_time,1.75,1.5,20
least_loaded,p95_completion_latency,1.35,1.5,20
least_loaded,p95_waiting_time,1.65,1.5,20
least_loaded,risk_weighted_completion,1.55,1.5,20
least_loaded,total_cost,2.4,2.5,20
random,external_slo_miss_rate,2.4,2.75,20
random,high_risk_external_slo_miss_rate,2.625,2.5,20
random,high_risk_mean_completion,2.9,3.0,20
random,high_risk_mean_waiting,3.05,3.0,20
random,high_risk_p95_completion,2.9,3.0,20
random,high_risk_p95_waiting,3.0,3.0,20
random,makespan,3.1,3.0,20
random,mean_completion_latency,2.8,3.0,20
random,mean_waiting_time,3.0,3.0,20
random,p95_completion_latency,3.15,3.0,20
random,p95_waiting_time,3.15,3.0,20
random,risk_weighted_completion,3.1,3.0,20
random,total_cost,1.2,1.0,20
risk_aware,external_slo_miss_rate,1.975,2.0,20
risk_aware,high_risk_external_slo_miss_rate,2.25,2.0,20
risk_aware,high_risk_mean_completion,1.6,1.5,20
risk_aware,high_risk_mean_waiting,1.7,1.5,20
risk_aware,high_risk_p95_completion,1.5,1.5,20
risk_aware,high_risk_p95_waiting,1.55,1.5,20
risk_aware,makespan,1.525,1.5,20
risk_aware,mean_completion_latency,1.55,1.5,20
risk_aware,mean_waiting_time,1.55,1.5,20
risk_aware,p95_completion_latency,1.65,1.5,20
risk_aware,p95_waiting_time,1.55,1.5,20
risk_aware,risk_weighted_completion,1.45,1.5,20
risk_aware,total_cost,2.4,2.5,20
