workload_size,workload_seed,queue_scenario,spearman_risk_vs_num_qubits,spearman_p_risk_vs_num_qubits,spearman_risk_vs_num_layers,spearman_p_risk_vs_num_layers,spearman_risk_vs_num_shots,spearman_p_risk_vs_num_shots
30,101,balanced_background,0.5811735956888051,0.000757515453732539,-0.1611809101261966,0.3948274893545754,0.16510991330063254,0.3832500034517099
30,101,asymmetric_background,0.5811735956888051,0.000757515453732539,-0.1611809101261966,0.3948274893545754,0.16510991330063254,0.3832500034517099
30,202,balanced_background,-0.16348514349415483,0.3880136254472447,-0.18373794860698886,0.3310904851129617,0.12197208850187735,0.5208175661108266
30,202,asymmetric_background,-0.16348514349415483,0.3880136254472447,-0.18373794860698886,0.3310904851129617,0.12197208850187735,0.5208175661108266
30,303,balanced_background,-0.14217213565911546,0.4535922153809303,0.19526173062043073,0.30111557861286664,-0.4476789712725664,0.013112527243563281
30,303,asymmetric_background,-0.14217213565911546,0.4535922153809303,0.19526173062043073,0.30111557861286664,-0.4476789712725664,0.013112527243563281
30,404,balanced_background,-0.04081130690877744,0.8304507934149483,0.1075934454867769,0.5714483409994188,0.008335169257326523,0.9651320865663106
30,404,asymmetric_background,-0.04081130690877744,0.8304507934149483,0.1075934454867769,0.5714483409994188,0.008335169257326523,0.9651320865663106
30,505,balanced_background,-0.0029244268410894003,0.9877632260456098,0.38849885804318424,0.03386955708428595,-0.07171440678714343,0.7064775978926541
30,505,asymmetric_background,-0.0029244268410894003,0.9877632260456098,0.38849885804318424,0.03386955708428595,-0.07171440678714343,0.7064775978926541
60,101,balanced_background,-0.04154999436523817,0.752601683687092,0.1406177752469021,0.2838802684521075,0.10502254405049105,0.42452219311182837
60,101,asymmetric_background,-0.04154999436523817,0.752601683687092,0.1406177752469021,0.2838802684521075,0.10502254405049105,0.42452219311182837
60,202,balanced_background,0.04918206417155151,0.709018448822296,0.037327563768652434,0.7770584569914122,-0.039068067555993895,0.7669496782933165
60,202,asymmetric_background,0.04918206417155151,0.709018448822296,0.037327563768652434,0.7770584569914122,-0.039068067555993895,0.7669496782933165
60,303,balanced_background,-0.035626086914317165,0.7869762448886347,0.0825180623475321,0.530785945563482,0.01152948249917715,0.9303287767012485
60,303,asymmetric_background,-0.035626086914317165,0.7869762448886347,0.0825180623475321,0.530785945563482,0.01152948249917715,0.9303287767012485
60,404,balanced_background,0.07973867015742842,0.54476333169097,0.10164644145816606,0.43964552257052497,-0.09977059785026295,0.44817683422893506
60,404,asymmetric_background,0.07973867015742842,0.54476333169097,0.10164644145816606,0.43964552257052497,-0.09977059785026295,0.44817683422893506
60,505,balanced_background,-0.027445553473334175,0.8351044990770286,-0.23992725778301807,0.06482760167301076,0.028799612198552947,0.8270914682022897
60,505,asymmetric_background,-0.027445553473334175,0.8351044990770286,-0.23992725778301807,0.06482760167301076,0.028799612198552947,0.8270914682022897
