baseline,metric,pairs,risk_aware_mean,baseline_mean,mean_diff_risk_minus_baseline,median_diff_risk_minus_baseline,bootstrap95_low,bootstrap95_high,paired_cohens_dz,wilcoxon_stat,p_raw,risk_aware_better_cells,ties,baseline_better_cells,p_holm,significant_holm_0_05
random,mean_waiting_time,20,167.14001415343915,182.36044841269842,-15.220434259259259,-10.44283333333334,-21.05310662037038,-9.845102800925938,-1.1558037084631896,0.0,8.844915021211901e-05,20,0,0,0.0031841694076362843,True
random,p95_waiting_time,20,281.934725,335.968475,-54.033749999999976,-44.975750000000005,-77.59295749999995,-35.71285187499999,-1.1017818075727759,0.0,8.844915021211901e-05,20,0,0,0.0031841694076362843,True
random,mean_completion_latency,20,183.32001203703703,197.71620462962966,-14.396192592592588,-10.572583333333341,-20.022737245370376,-9.046351550925928,-1.1196456276323772,3.0,0.0001399457931085244,18,0,2,0.0031841694076362843,True
random,p95_completion_latency,20,295.15225,353.39202499999993,-58.23977499999999,-38.238750000000024,-84.96085937499998,-35.62857375000001,-0.9725978731753296,0.0,8.844915021211901e-05,20,0,0,0.0031841694076362843,True
random,makespan,20,315.5675,387.11100000000005,-71.5435,-53.18500000000002,-101.77240000000002,-45.9928625,-1.1031536033403508,0.0,8.844915021211901e-05,20,0,0,0.0031841694076362843,True
random,total_cost,20,2184.134476190476,2062.7349761904766,121.39949999999999,86.18999999999949,70.23090000000008,171.12138749999977,1.030385383846136,15.0,0.0007787676862143366,2,0,18,0.013239050665643723,True
random,external_slo_miss_rate,20,0.10666666666666669,0.11333333333333336,-0.006666666666666666,-0.008333333333333331,-0.017499999999999998,0.004166666666666665,-0.27296484008305655,38.0,0.3612628443247907,10,6,4,1.0,False
random,high_risk_mean_waiting,20,159.87384788359788,172.2117603835979,-12.3379125,-11.033750000000012,-19.8192784375,-5.591987916666673,-0.7345291441476819,27.0,0.0035889055532021094,16,0,4,0.05383358329803164,False
random,high_risk_p95_waiting,20,262.92207499999995,292.5662,-29.644124999999974,-31.645499999999956,-39.24993437499996,-19.567754999999973,-1.256389535437574,12.0,0.0005161332499597185,18,0,2,0.009290398499274932,True
random,high_risk_mean_completion,20,174.8160513888889,186.47095833333339,-11.654906944444443,-9.473750000000003,-19.056888506944443,-5.3580059027777756,-0.7145774005276079,29.0,0.004546406334110102,16,0,4,0.06364968867754142,False
random,high_risk_p95_completion,20,278.90915000000007,308.1155749999999,-29.206424999999978,-34.25849999999997,-39.58736062499998,-18.42367062499999,-1.186950854661018,17.0,0.001017794509228971,18,0,2,0.016284712147663537,True
random,high_risk_external_slo_miss_rate,20,0.08249999999999999,0.10500000000000001,-0.0225,0.0,-0.05083333333333333,-0.003333333333333333,-0.3826036358539667,,,4,16,0,,False
random,risk_weighted_completion,20,182.96212785462262,197.23072294477998,-14.268595090157367,-8.576362201008777,-19.33077041990822,-9.52329859759833,-1.2153405640882413,0.0,8.844915021211901e-05,20,0,0,0.0031841694076362843,True
least_loaded,mean_waiting_time,20,167.14001415343915,167.27055582010584,-0.13054166666666872,0.0,-0.309396875000008,0.009475416666665766,-0.34473533321911043,8.0,0.1875,5,12,3,1.0,False
least_loaded,p95_waiting_time,20,281.934725,282.20144999999997,-0.26672499999999955,0.0,-1.2795262499999913,0.619727499999996,-0.11972601532094426,15.0,0.7109375,5,12,3,1.0,False
least_loaded,mean_completion_latency,20,183.32001203703703,183.4253703703704,-0.1053583333333421,0.0,-0.28273750000001835,0.0264945833333212,-0.2881007814373795,10.0,0.296875,5,12,3,1.0,False
least_loaded,p95_completion_latency,20,295.15225,295.07882499999994,0.07342499999999035,0.0,-1.163409375000011,1.04050374999999,0.028369116671410514,8.0,0.1875,1,12,7,1.0,False
least_loaded,makespan,20,315.5675,315.8305,-0.26299999999999957,0.0,-1.9505000000000023,1.145512500000004,-0.07330850797855208,14.0,1.0,3,13,4,1.0,False
least_loaded,total_cost,20,2184.134476190476,2178.752476190476,5.382000000000039,0.0,-0.8445750000000498,13.746000000000071,0.306756745185234,13.0,0.53125,4,12,4,1.0,False
least_loaded,external_slo_miss_rate,20,0.10666666666666669,0.10333333333333335,0.003333333333333334,0.0,0.0,0.010000000000000002,0.22360679774997894,,,0,19,1,,False
least_loaded,high_risk_mean_waiting,20,159.87384788359788,160.03693955026455,-0.16309166666666358,0.0,-0.4708523958333304,0.1702297916666771,-0.2213285049796846,12.0,0.4375,5,12,3,1.0,False
least_loaded,high_risk_p95_waiting,20,262.92207499999995,263.381725,-0.4596500000000006,0.0,-1.6833250000000006,0.34042499999999626,-0.1828032770616337,14.0,0.625,5,12,3,1.0,False
least_loaded,high_risk_mean_completion,20,174.8160513888889,175.21165555555555,-0.39560416666666925,0.0,-0.8547375000000074,0.00401833333333764,-0.39212713801874227,7.0,0.140625,6,12,2,1.0,False
least_loaded,high_risk_p95_completion,20,278.90915000000007,279.8795999999999,-0.9704499999999981,0.0,-2.483874999999995,-0.009336875000006137,-0.3125337399837559,7.0,0.1484375,6,12,2,1.0,False
least_loaded,high_risk_external_slo_miss_rate,20,0.08249999999999999,0.07625,0.00625,0.0,0.0,0.01875,0.22360679774997902,,,0,19,1,,False
least_loaded,risk_weighted_completion,20,182.96212785462262,183.08433655323938,-0.1222086986168037,0.0,-0.2901129719949505,0.017938934687298434,-0.3367989228589131,10.0,0.296875,5,12,3,1.0,False
compatibility_aware,mean_waiting_time,20,167.14001415343915,217.34105582010585,-50.20104166666666,-48.59099999999995,-64.2145347916667,-36.819186875,-1.582225044066695,3.0,0.0001399457931085244,18,0,2,0.0031841694076362843,True
compatibility_aware,p95_waiting_time,20,281.934725,436.6246249999999,-154.68989999999994,-127.44149999999998,-196.62418374999993,-113.64490187499995,-1.549843191778517,3.0,0.0001399457931085244,18,0,2,0.0031841694076362843,True
compatibility_aware,mean_completion_latency,20,183.32001203703703,236.13247870370373,-52.81246666666668,-51.50133333333335,-67.09239875,-38.88513083333336,-1.6341982745048516,0.0,8.844915021211901e-05,20,0,0,0.0031841694076362843,True
compatibility_aware,p95_completion_latency,20,295.15225,459.0071999999999,-163.85495,-135.7129999999999,-206.259939375,-122.53833750000001,-1.6763101209453173,0.0,8.844915021211901e-05,20,0,0,0.0031841694076362843,True
compatibility_aware,makespan,20,315.5675,505.86499999999995,-190.29749999999999,-165.54999999999995,-238.40652500000004,-143.70236250000005,-1.7325600817253548,0.0,8.844915021211901e-05,20,0,0,0.0031841694076362843,True
compatibility_aware,total_cost,20,2184.134476190476,2533.128976190476,-348.9944999999999,-280.41000000000054,-435.80493749999994,-269.47965,-1.8019949040996401,0.0,8.844915021211901e-05,20,0,0,0.0031841694076362843,True
compatibility_aware,external_slo_miss_rate,20,0.10666666666666669,0.1708333333333333,-0.06416666666666666,-0.06666666666666665,-0.08416666666666667,-0.045,-1.3958169954352049,0.0,0.00042911809031268467,16,4,0,0.008153243715941009,True
compatibility_aware,high_risk_mean_waiting,20,159.87384788359788,200.3131645502645,-40.43931666666666,-37.64812500000002,-57.016978124999994,-25.15425145833335,-1.0972161578550443,2.0,0.0001202578206387046,19,0,1,0.0031841694076362843,True
compatibility_aware,high_risk_p95_waiting,20,262.92207499999995,376.37879999999996,-113.45672499999996,-97.10825000000001,-145.33183499999998,-83.72018937499998,-1.581480656800035,0.0,8.844915021211901e-05,20,0,0,0.0031841694076362843,True
compatibility_aware,high_risk_mean_completion,20,174.8160513888889,217.67676388888896,-42.86071249999999,-39.88254166666664,-60.05494020833333,-27.59582635416667,-1.1237249137561356,0.0,8.844915021211901e-05,20,0,0,0.0031841694076362843,True
compatibility_aware,high_risk_p95_completion,20,278.90915000000007,395.6188249999999,-116.70967499999998,-103.27574999999987,-147.0056581249999,-86.91193874999998,-1.6312289142278718,0.0,8.844915021211901e-05,20,0,0,0.0031841694076362843,True
compatibility_aware,high_risk_external_slo_miss_rate,20,0.08249999999999999,0.14333333333333334,-0.060833333333333336,0.0,-0.10625,-0.01291666666666667,-0.5598671087798691,11.0,0.046875,9,9,2,0.609375,False
compatibility_aware,risk_weighted_completion,20,182.96212785462262,235.97081313613435,-53.00868528151176,-53.53123781414372,-65.75409598967462,-39.97884067051426,-1.7333646140004104,0.0,8.844915021211901e-05,20,0,0,0.0031841694076362843,True
