alpha_rbf,alpha_quantum,block,rows,positives,prevalence,roc_auc,pr_auc,selection_score,time_min,time_max
0.0,1.0,0,1500,26,0.017333333333333333,0.6513542427721533,0.02464599364013166,0.33800011820614245,1335855.726446,1412120.532271
0.0,1.0,1,1500,30,0.02,0.7262925170068028,0.04143259745021396,0.38386255722850837,1412151.504977,1454616.960976
0.0,1.0,2,1500,10,0.006666666666666667,0.8775838926174496,0.062124337327393295,0.46985411497242147,1454617.101311,1498632.490641
0.0,1.0,3,1500,19,0.012666666666666666,0.6183588613667863,0.03233754309280926,0.32534820222979777,1498673.718659,1611168.489345
0.0,1.0,4,1500,20,0.013333333333333334,0.6764189189189189,0.08556646910399116,0.380992694011455,1611174.682889,1675810.008892
0.1,0.9,0,1500,26,0.017333333333333333,0.65375482726229,0.024984945713808725,0.33936988648804933,1335855.726446,1412120.532271
0.1,0.9,1,1500,30,0.02,0.7207936507936508,0.03760398006585093,0.37919881542975087,1412151.504977,1454616.960976
0.1,0.9,2,1500,10,0.006666666666666667,0.8769798657718121,0.05687871478207071,0.4669292902769414,1454617.101311,1498632.490641
0.1,0.9,3,1500,19,0.012666666666666666,0.6052098510963431,0.02328588753567703,0.31424786931601006,1498673.718659,1611168.489345
0.1,0.9,4,1500,20,0.013333333333333334,0.6778378378378378,0.08055534552933812,0.37919659168358794,1611174.682889,1675810.008892
0.2,0.8,0,1500,26,0.017333333333333333,0.6519022022753367,0.0245618457033235,0.3382320239893301,1335855.726446,1412120.532271
0.2,0.8,1,1500,30,0.02,0.7308730158730159,0.04731195668067965,0.3890924862768478,1412151.504977,1454616.960976
0.2,0.8,2,1500,10,0.006666666666666667,0.9021140939597315,0.08791553250051115,0.4950148132301213,1454617.101311,1498632.490641
0.2,0.8,3,1500,19,0.012666666666666666,0.6630654962862931,0.0444142147864213,0.3537398555363572,1498673.718659,1611168.489345
0.2,0.8,4,1500,20,0.013333333333333334,0.6878716216216216,0.030974300692224656,0.3594229611569231,1611174.682889,1675810.008892
0.30000000000000004,0.7,0,1500,26,0.017333333333333333,0.6632527919841352,0.0252247094021019,0.34423875069311854,1335855.726446,1412120.532271
0.30000000000000004,0.7,1,1500,30,0.02,0.7282993197278912,0.03878479704985448,0.38354205838887284,1412151.504977,1454616.960976
0.30000000000000004,0.7,2,1500,10,0.006666666666666667,0.895738255033557,0.05382816624781748,0.47478321064068724,1454617.101311,1498632.490641
0.30000000000000004,0.7,3,1500,19,0.012666666666666666,0.6769608017342478,0.036669296718569486,0.3568150492264086,1498673.718659,1611168.489345
0.30000000000000004,0.7,4,1500,20,0.013333333333333334,0.7123141891891891,0.04027041587883219,0.37629230253401064,1611174.682889,1675810.008892
0.4,0.6,0,1500,26,0.017333333333333333,0.6264873186514978,0.023885762210152872,0.3251865404308253,1335855.726446,1412120.532271
0.4,0.6,1,1500,30,0.02,0.6778458049886621,0.03217780891439408,0.35501180695152806,1412151.504977,1454616.960976
0.4,0.6,2,1500,10,0.006666666666666667,0.8487583892617448,0.031234990863521175,0.43999669006263303,1454617.101311,1498632.490641
0.4,0.6,3,1500,19,0.012666666666666666,0.4674295461814564,0.015319631475152397,0.2413745888283044,1498673.718659,1611168.489345
0.4,0.6,4,1500,20,0.013333333333333334,0.6237499999999999,0.07840096464738719,0.35107548232369357,1611174.682889,1675810.008892
0.5,0.5,0,1500,26,0.017333333333333333,0.6268787182966288,0.023601721586053292,0.32524021994134106,1335855.726446,1412120.532271
0.5,0.5,1,1500,30,0.02,0.680702947845805,0.03895098821216743,0.3598269680289862,1412151.504977,1454616.960976
0.5,0.5,2,1500,10,0.006666666666666667,0.8760738255033558,0.049971401283205825,0.4630226133932808,1454617.101311,1498632.490641
0.5,0.5,3,1500,19,0.012666666666666666,0.4756565620668822,0.021076128650651584,0.2483663453587669,1498673.718659,1611168.489345
0.5,0.5,4,1500,20,0.013333333333333334,0.6288344594594595,0.08977276408704472,0.3593036117732521,1611174.682889,1675810.008892
0.6000000000000001,0.3999999999999999,0,1500,26,0.017333333333333333,0.6308057614027764,0.023966335450741196,0.32738604842675884,1335855.726446,1412120.532271
0.6000000000000001,0.3999999999999999,1,1500,30,0.02,0.671734693877551,0.030082375456094653,0.3509085346668228,1412151.504977,1454616.960976
0.6000000000000001,0.3999999999999999,2,1500,10,0.006666666666666667,0.861006711409396,0.031818172945168074,0.44641244217728204,1454617.101311,1498632.490641
0.6000000000000001,0.3999999999999999,3,1500,19,0.012666666666666666,0.45675041756992074,0.014992328423027761,0.23587137299647426,1498673.718659,1611168.489345
0.6000000000000001,0.3999999999999999,4,1500,20,0.013333333333333334,0.5048479729729729,0.024095231791723716,0.2644716023823483,1611174.682889,1675810.008892
0.7000000000000001,0.29999999999999993,0,1500,26,0.017333333333333333,0.6148757958459451,0.02308313899020659,0.31897946741807587,1335855.726446,1412120.532271
0.7000000000000001,0.29999999999999993,1,1500,30,0.02,0.68297052154195,0.03159365436718373,0.3572820879545669,1412151.504977,1454616.960976
0.7000000000000001,0.29999999999999993,2,1500,10,0.006666666666666667,0.8533221476510066,0.03333017933697846,0.4433261634939925,1454617.101311,1498632.490641
0.7000000000000001,0.29999999999999993,3,1500,19,0.012666666666666666,0.4696862006467891,0.01514143625784924,0.24241381845231919,1498673.718659,1611168.489345
0.7000000000000001,0.29999999999999993,4,1500,20,0.013333333333333334,0.5289864864864865,0.04023888846432328,0.2846126874754049,1611174.682889,1675810.008892
0.8,0.19999999999999996,0,1500,26,0.017333333333333333,0.6278572174094562,0.02353960692936701,0.3256984121694116,1335855.726446,1412120.532271
0.8,0.19999999999999996,1,1500,30,0.02,0.6722902494331067,0.030713778328242163,0.3515020138806744,1412151.504977,1454616.960976
0.8,0.19999999999999996,2,1500,10,0.006666666666666667,0.8666107382550335,0.034235048670871154,0.45042289346295233,1454617.101311,1498632.490641
0.8,0.19999999999999996,3,1500,19,0.012666666666666666,0.5871921532392764,0.01903259811566688,0.3031123756774717,1498673.718659,1611168.489345
0.8,0.19999999999999996,4,1500,20,0.013333333333333334,0.49910472972972975,0.02438629063050886,0.2617455101801193,1611174.682889,1675810.008892
0.9,0.09999999999999998,0,1500,26,0.017333333333333333,0.6108313328462582,0.022898466961056293,0.31686489990365724,1335855.726446,1412120.532271
0.9,0.09999999999999998,1,1500,30,0.02,0.6805895691609978,0.032373178044212164,0.35648137360260496,1412151.504977,1454616.960976
0.9,0.09999999999999998,2,1500,10,0.006666666666666667,0.8618120805369127,0.03511554454420017,0.44846381254055645,1454617.101311,1498632.490641
0.9,0.09999999999999998,3,1500,19,0.012666666666666666,0.46737623938306266,0.0159316339817391,0.24165393668240087,1498673.718659,1611168.489345
0.9,0.09999999999999998,4,1500,20,0.013333333333333334,0.49378378378378385,0.03126513497764079,0.26252445938071234,1611174.682889,1675810.008892
1.0,0.0,0,1500,26,0.017333333333333333,0.6752035278154681,0.04313109264357028,0.3591673102295192,1335855.726446,1412120.532271
1.0,0.0,1,1500,30,0.02,0.6312925170068028,0.03410080670844873,0.33269666185762575,1412151.504977,1454616.960976
1.0,0.0,2,1500,10,0.006666666666666667,0.8151342281879195,0.026454942355713076,0.4207945852718163,1454617.101311,1498632.490641
1.0,0.0,3,1500,19,0.012666666666666666,0.35681793951455276,0.022211459064068934,0.18951469928931086,1498673.718659,1611168.489345
1.0,0.0,4,1500,20,0.013333333333333334,0.38861486486486485,0.01298977030099525,0.20080231758293005,1611174.682889,1675810.008892
