alpha_rbf,alpha_quantum,valid_blocks,mean_roc_auc,mean_pr_auc,mean_selection_score,median_selection_score,selection_std
0.0,1.0,5,0.7100016865364221,0.04922138812290786,0.379611537329665,0.380992694011455,0.056656247054501604
0.1,0.9,5,0.7069152065523868,0.0446617747253491,0.37578849063886793,0.37919659168358794,0.0579729540986036
0.2,0.8,5,0.7271652860031997,0.04703557007263205,0.3871004280379159,0.3594229611569231,0.06308045202809469
0.30000000000000004,0.7,5,0.735313071533804,0.038955477059435105,0.38713427429661956,0.37629230253401064,0.051410285359916374
0.4,0.6,5,0.6488542118166722,0.03620383162212154,0.3425290217193969,0.35107548232369357,0.07117195592198232
0.5,0.5,5,0.6576293026344263,0.04467460076382457,0.3511519516991254,0.3593036117732521,0.07728688299384662
0.6000000000000001,0.3999999999999999,5,0.6250291114465234,0.02499088881335108,0.32501000012993725,0.32738604842675884,0.08219720962540307
0.7000000000000001,0.29999999999999993,5,0.6299682304344355,0.02867745948330826,0.3293228449588719,0.31897946741807587,0.07654678052566456
0.8,0.19999999999999996,5,0.6506110176133205,0.02638146453493121,0.33849624107412585,0.3256984121694116,0.07071633949999082
0.9,0.09999999999999998,5,0.622878601142203,0.027516791701769704,0.32519769642198637,0.31686489990365724,0.08238648822982314
1.0,0.0,5,0.5734126154779216,0.027777614214559255,0.3005951148462404,0.33269666185762575,0.10149702605134102
